編號,成語,注音,用法說明-語義說明,近義成語,反義成語,參考詞語,主條成語／非主條成語
1,一毛不拔,ㄧ　ㄇㄠˊ　ㄅㄨˋ　ㄅㄚˊ　（變）　ㄧˋ　ㄇㄠˊ　ㄅㄨˋ　ㄅㄚˊ,形容人非常吝嗇。貶義。,視錢如命、愛財如命、鐵公雞,一擲千金、仗義疏財、解囊相助、慷慨解囊,一毫不拔,主條成語
2,掩耳盜鈴,ㄧㄢˇ　ㄦˇ　ㄉㄠˋ　ㄌㄧㄥˊ,比喻妄想瞞騙他人，結果卻只是欺騙自己而已。貶義。,自欺欺人、掩目捕雀、掩鼻偷香,,塞耳偷鈴、塞耳盜鐘、掩耳偷鈴、掩耳盜鐘、盜鐘掩耳、竊鈴掩耳、竊鐘掩耳,主條成語
3,一丘之貉,ㄧ　ㄑㄧㄡ　ㄓ　ㄏㄜˊ　（變）　ㄧˋ　ㄑㄧㄡ　ㄓ　ㄏㄜˊ,比喻彼此同樣低劣，並無差異。貶義。,,,一邱貉、貉一丘,主條成語
4,囫圇吞棗,ㄏㄨˊ　ㄌㄨㄣˊ　ㄊㄨㄣ　ㄗㄠˇ,比喻理解事物籠統含糊，或為學不求甚解。貶義。,不求甚解、生吞活剝,窮源竟委、融會貫通,渾崙吞棗、渾掄吞棗、渾淪吞棗、鶻崙吞棗,主條成語
5,班門弄斧,ㄅㄢ　ㄇㄣˊ　ㄋㄨㄥˋ　ㄈㄨˇ,比喻在行家面前賣弄本事，不自量力。貶義。,布鼓雷門,,弄斧班門、班門取罪,主條成語
6,朝三暮四,ㄓㄠ　ㄙㄢ　ㄇㄨˋ　ㄙˋ,比喻心意不定、反覆無常。貶義。,反覆無常、出爾反爾、朝秦暮楚,一心一意、始終不渝、始終如一、堅定不移,暮四朝三、朝四暮三,主條成語
7,水落石出,ㄕㄨㄟˇ　ㄌㄨㄛˋ　ㄕˊ　ㄔㄨ,比喻事情經過澄清而後真相大白。,水清石見、真相大白,,水涸石出、水清石出,主條成語
8,名落孫山,ㄇㄧㄥˊ　ㄌㄨㄛˋ　ㄙㄨㄣ　ㄕㄢ,指應考不中。,榜上無名、曝鰓龍門,金榜題名、魚躍龍門、雁塔題名,孫山之外、孫山名落,主條成語
9,胸有成竹,ㄒㄩㄥ　ㄧㄡˇ　ㄔㄥˊ　ㄓㄨˊ,比喻處事有定見。,,不知所措、束手無策、無計可施,成竹在胸,主條成語
10,竭澤而漁,ㄐㄧㄝˊ　ㄗㄜˊ　ㄦˊ　ㄩˊ,比喻盡其所有，不留餘地。,殺雞取卵、焚林而獵,,乾澤而漁、涸水取魚、涸澤而漁、竭水搏魚,主條成語
11,指鹿為馬,ㄓˇ　ㄌㄨˋ　ㄨㄟˊ　ㄇㄚˇ,比喻人刻意混淆是非，顛倒黑白。,,循名責實,呼鹿為馬、妄指鹿馬、指鹿作馬、指鹿道馬、鑿空指鹿,主條成語
12,天衣無縫,ㄊㄧㄢ　ㄧ　ㄨˊ　ㄈㄥˋ,比喻詩文渾然天成，沒有斧鑿痕跡。褒義。＆比喻事物或計畫周密完美，沒有一絲破綻或缺點。褒義。,渾然一體、渾然天成,破綻百出、漏洞百出,無縫天衣,主條成語
13,舉一反三,ㄐㄩˇ　ㄧ　ㄈㄢˇ　ㄙㄢ,形容人於學習中善於觸類旁通。褒義。,聞一知十、觸類旁通,,一隅三反、舉隅反三、觀隅三反,主條成語
14,江郎才盡,ㄐㄧㄤ　ㄌㄤˊ　ㄘㄞˊ　ㄐㄧㄣˋ,比喻文人的才思枯竭，無法再創佳句。,才思枯竭、枯腸渴肺,七步之才、七步成詩、下筆成章、文不加點、妙筆生花、思如泉湧、倚馬可待、萬斛泉源、錦心繡口,才盡江淹、江淹夢筆、江淹才盡、江郎才掩,主條成語
15,青出於藍,ㄑㄧㄥ　ㄔㄨ　ㄩˊ　ㄌㄢˊ,比喻弟子勝過老師，或後輩優於前輩。褒義。,冰寒於水、青藍冰水、後來居上、為青為冰,,青過於藍,主條成語
16,口若懸河,ㄎㄡˇ　ㄖㄨㄛˋ　ㄒㄩㄢˊ　ㄏㄜˊ,比喻能言善辯。,能言善道,拙口鈍辭、笨口拙舌、張口結舌、期期艾艾、結結巴巴,口似懸河、口如懸河、懸河寫水、懸河注水、懸河瀉水、瀉水懸河、言若懸河、言類懸河、辨口如懸河、辯同河瀉、辯如懸河,主條成語
17,驚弓之鳥,ㄐㄧㄥ　ㄍㄨㄥ　ㄓ　ㄋㄧㄠˇ,比喻曾受打擊或驚嚇，心有餘悸，稍有動靜就害怕的人。,心有餘悸、談虎色變,,傷弓之鳥、傷矢之禽、驚弦之鳥,主條成語
18,含沙射影,ㄏㄢˊ　ㄕㄚ　ㄕㄜˋ　ㄧㄥˇ,比喻間接地詆毀、陷害別人。貶義。,指桑罵槐、暗箭傷人,光明正大、光明磊落,射影含沙,主條成語
19,一敗塗地,ㄧ　ㄅㄞˋ　ㄊㄨˊ　ㄉㄧˋ　（變）　ㄧˊ　ㄅㄞˋ　ㄊㄨˊ　ㄉㄧˋ,形容做事失敗，到了無法收拾的地步。,一蹶不振,百戰百勝、所向披靡、所向無敵、勢如破竹,壹敗塗地、大敗塗地,主條成語
20,草木皆兵,ㄘㄠˇ　ㄇㄨˋ　ㄐㄧㄝ　ㄅㄧㄥ,形容疑神疑鬼、驚恐不安。,杯弓蛇影、風聲鶴唳、疑神疑鬼,處變不驚,,主條成語
21,投筆從戎,ㄊㄡˊ　ㄅㄧˇ　ㄘㄨㄥˊ　ㄖㄨㄥˊ,比喻棄文從軍，以衛國立功。褒義。,棄文就武,,棄筆從戎,主條成語
22,東窗事發,ㄉㄨㄥ　ㄔㄨㄤ　ㄕˋ　ㄈㄚ,指陰謀或非法勾當敗漏。,露出馬腳,神不知鬼不覺、瞞天過海,東窗事犯,主條成語
23,畫蛇添足,ㄏㄨㄚˋ　ㄕㄜˊ　ㄊㄧㄢ　ㄗㄨˊ,比喻多此一舉，反將事情弄糟。貶義。,多此一舉、弄巧成拙,恰如其分、恰到好處,妄畫蛇足、為蛇添足、為蛇畫足、畫蛇著足,主條成語
24,勢如破竹,ㄕˋ　ㄖㄨˊ　ㄆㄛˋ　ㄓㄨˊ,比喻戰事進展順利。＆比喻事情進展順利。,長驅直入、勢不可當、勢不可當,望風披靡、節節失利、節節敗退,勢如劈竹、破竹之勢,主條成語
25,滄海桑田,ㄘㄤ　ㄏㄞˇ　ㄙㄤ　ㄊㄧㄢˊ,大海變為陸地，陸地淪為大海。比喻環境變化很大。＆比喻世事無常，變化很快。,白雲蒼狗、東海揚塵、高岸為谷、深谷為陵,一成不變、依然如故,東海桑田、桑田滄海、滄桑之變,主條成語
26,望梅止渴,ㄨㄤˋ　ㄇㄟˊ　ㄓˇ　ㄎㄜˇ,比喻以空想來安慰自己。,畫餅充飢,,望梅消渴、梅林止渴、止渴之梅、止渴思梅、止渴望梅、說梅止渴,主條成語
27,司空見慣,ㄙ　ㄎㄨㄥ　ㄐㄧㄢˋ　ㄍㄨㄢˋ,比喻經常看到，不足為奇。,不足為奇、習以為常、屢見不鮮,少見多怪、見所未見,司空慣見、司空眼慣、司空經慣、見慣司空,主條成語
28,南轅北轍,ㄋㄢˊ　ㄩㄢˊ　ㄅㄟˇ　ㄔㄜˋ,比喻行動和想要達到的目的相反。 ＆比喻二者彼此背道而馳。＆比喻遙隔兩地。,背道而馳,,北轅南轍、北轅適楚、北轅適越、北轍南轅,主條成語
29,夜郎自大,ㄧㄝˋ　ㄌㄤˊ　ㄗˋ　ㄉㄚˋ,比喻人見識短淺，狂妄自大。貶義。,妄自尊大、自高自大、崖岸自高,妄自菲薄、自輕自賤、虛懷若谷,,主條成語
30,信口雌黃,ㄒㄧㄣˋ　ㄎㄡˇ　ㄘ　ㄏㄨㄤˊ,比喻不顧事實真相，隨口亂說或妄加批評。,口不擇言、信口開河,言之有物、言必有據、信而有徵,口中雌黃、雌黃信口,主條成語
31,狼狽為奸,ㄌㄤˊ　ㄅㄟˋ　ㄨㄟˊ　ㄐㄧㄢ,比喻互相勾結做壞事。貶義。,同流合汙、朋比為奸,,狽因狼突,主條成語
32,狐假虎威,ㄏㄨˊ　ㄐㄧㄚˇ　ㄏㄨˇ　ㄨㄟ,比喻藉著有權者的威勢欺壓他人、作威作福。,仗勢欺人、狐假鴟張、鼠憑社貴、驢蒙虎皮,,假虎張威、狐藉虎威、虎威狐假,主條成語
33,作法自斃,ㄗㄨㄛˋ　ㄈㄚˇ　ㄗˋ　ㄅㄧˋ,比喻自作自受。,自作自受、作繭自縛、玩火自焚、咎由自取,,作法自弊、為法自弊、為法自斃,主條成語
34,為虎作倀,ㄨㄟˋ　ㄏㄨˇ　ㄗㄨㄛˋ　ㄔㄤ,比喻幫惡人做壞事。貶義。,助紂為虐、助桀為虐、為虎傅翼,為民除害,,主條成語
35,如火如荼,ㄖㄨˊ　ㄏㄨㄛˇ　ㄖㄨˊ　ㄊㄨˊ,形容事物的興盛或氣氛的熱烈。,,,如荼如火,主條成語
36,老馬識途,ㄌㄠˇ　ㄇㄚˇ　ㄕˋ　ㄊㄨˊ,比喻有經驗的人對情況比較熟悉，容易把工作做好。褒義。,熟門熟路,暗中摸索,老馬知道、老馬識塗、識塗老馬、識途老馬,主條成語
37,杞人憂天,ㄑㄧˇ　ㄖㄣˊ　ㄧㄡ　ㄊㄧㄢ,比喻缺乏根據且不必要的憂慮。,庸人自擾、鰓鰓過慮,不憂不懼、無憂無慮,杞人之憂、杞國之憂、杞國憂天,主條成語
38,一暴十寒,ㄧ　ㄆㄨˋ　ㄕˊ　ㄏㄢˊ　（變）　ㄧˊ　ㄆㄨˋ　ㄕˊ　ㄏㄢˊ,比喻人做事缺乏恆心，時常中斷。貶義。,,夙夜匪懈、孜孜矻矻、持之以恆、鍥而不舍,一曝十寒、十寒一暴,主條成語
39,守株待兔,ㄕㄡˇ　ㄓㄨ　ㄉㄞˋ　ㄊㄨˋ,比喻拘泥守成，不知變通。貶義。＆比喻妄想不勞而獲。貶義。＆等著目標自己送上門來。,刻舟求劍、食古不化、墨守成規、膠柱鼓瑟、不勞而獲、坐享其成,見風使舵、見機行事、通權達變、隨機應變,守株伺兔、待兔守株,主條成語
40,不學無術,ㄅㄨˋ　ㄒㄩㄝˊ　ㄨˊ　ㄕㄨˋ,人未經學習而沒有學問才幹。貶義。,一無所長、才疏學淺、胸無點墨、庸庸碌碌,多才多藝、真才實學、博學多才、滿腹經綸、學富五車,不學亡術、不學無文、不學無識,主條成語
41,四面楚歌,ㄙˋ　ㄇㄧㄢˋ　ㄔㄨˇ　ㄍㄜ,比喻四面受敵，孤立無援。,八方受敵、四面受敵、腹背受敵,,楚歌四面,主條成語
42,奇貨可居,ㄑㄧˊ　ㄏㄨㄛˋ　ㄎㄜˇ　ㄐㄩ,比喻利用某種專長或有價值的東西以謀利。,囤積居奇、操奇計贏,,居為奇貨,主條成語
43,刻舟求劍,ㄎㄜˋ　ㄓㄡ　ㄑㄧㄡˊ　ㄐㄧㄢˋ,比喻拘泥固執，不知變通。貶義。,守株待兔、食古不化、膠柱鼓瑟,因時制宜、見機行事、見風使舵、通權達變、隨機應變,刻船求劍、契船求劍、求劍刻舟,主條成語
44,走馬看花,ㄗㄡˇ　ㄇㄚˇ　ㄎㄢˋ　ㄏㄨㄚ,比喻粗略、匆促地觀看，不能仔細深入。,浮光掠影、蜻蜓點水,觀察入微,看花走馬、走馬觀花,主條成語
45,後來居上,ㄏㄡˋ　ㄌㄞˊ　ㄐㄩ　ㄕㄤˋ,形容後來的人或事物超越原領先者。褒義。,青出於藍、後發先至,,積薪居上,主條成語
46,負荊請罪,ㄈㄨˋ　ㄐㄧㄥ　ㄑㄧㄥˇ　ㄗㄨㄟˋ,背著荊條，前往對方居所自請責罰。 ＆比喻主動向對方承認錯誤，請求責罰和原諒。,肉袒牽羊,,肉袒負荊,主條成語
47,對牛彈琴,ㄉㄨㄟˋ　ㄋㄧㄡˊ　ㄊㄢˊ　ㄑㄧㄣˊ,比喻講話、做事不看對象。＆比喻對不懂道理的人講道理。,語不擇人,,對牛鼓簧、對驢彈琴,主條成語
48,一鼓作氣,ㄧ　ㄍㄨˇ　ㄗㄨㄛˋ　ㄑㄧˋ　（變）　ㄧˋ　ㄍㄨˇ　ㄗㄨㄛˋ　ㄑㄧˋ,比喻做事時要趁著初起時的勇氣去做才容易成功。,打鐵趁熱,再衰三竭,,主條成語
49,杯弓蛇影,ㄅㄟ　ㄍㄨㄥ　ㄕㄜˊ　ㄧㄥˇ,比喻為不存在的事情枉自驚疑恐懼。,風聲鶴唳、草木皆兵、疑神疑鬼,,弓影杯蛇、弓影浮杯、杯蛇弓影、蛇影杯弓,主條成語
50,紙上談兵,ㄓˇ　ㄕㄤˋ　ㄊㄢˊ　ㄅㄧㄥ,比喻不切實際的議論。貶義。,光說不練、空言無補,,紙上兵、紙上譚兵,主條成語
51,破鏡重圓,ㄆㄛˋ　ㄐㄧㄥˋ　ㄔㄨㄥˊ　ㄩㄢˊ,比喻夫妻離散或情感決裂後重新團圓合好。,言歸於好,分釵破鏡、分釵斷帶、勞燕分飛、覆水難收、鸞飄鳳泊,破鏡重合,主條成語
52,東山再起,ㄉㄨㄥ　ㄕㄢ　ㄗㄞˋ　ㄑㄧˇ,比喻官員退隱後，再度出任官職。＆比喻失敗後重新崛起。,死灰復燃、捲土重來、重整旗鼓,息影園林、一蹶不振,東山之臥、起東山,主條成語
53,樂不思蜀,ㄌㄜˋ　ㄅㄨˋ　ㄙ　ㄕㄨˇ,比喻人因留戀異地而不想返回故鄉。＆形容快樂得忘了歸去。,樂而忘返,,,主條成語
54,濫竽充數,ㄌㄢˋ　ㄩˊ　ㄔㄨㄥ　ㄕㄨˋ,比喻沒有真才實學的人，混在行家中充數。貶義。＆比喻拿不好的東西充場面。貶義。＆作為自謙之詞，比喻自己才德不足。,備位充數、魚目混珠,名副其實、名副其實、貨真價實,濫廁其間,主條成語
55,打草驚蛇,ㄉㄚˇ　ㄘㄠˇ　ㄐㄧㄥ　ㄕㄜˊ,擊打草叢以嚇走蛇。＆比喻行事不密，致使對方有所警覺，而預先防備。,,不動聲色,打草蛇驚、驚蛇打草,主條成語
56,揠苗助長,ㄧㄚˋ　ㄇㄧㄠˊ　ㄓㄨˋ　ㄓㄤˇ,比喻為用不當的手段以求速成，結果不但無益，反而有害。貶義。,狃於急效、欲速不達,按部就班、盈科後進、循序漸進,,主條成語
57,功虧一簣,ㄍㄨㄥ　ㄎㄨㄟ　ㄧ　ㄎㄨㄟˋ　（變）　ㄍㄨㄥ　ㄎㄨㄟ　ㄧˊ　ㄎㄨㄟˋ,比喻事情只差最後一步，卻因未能堅持到底而前功盡棄。,半途而廢、功敗垂成、前功盡棄,堅持不懈、善始善終,一簣而虧、九仞一簣、未成一簣、為山止簣、虧於一簣,主條成語
58,入木三分,ㄖㄨˋ　ㄇㄨˋ　ㄙㄢ　ㄈㄣ,形容筆力遒勁。＆比喻評論深刻中肯或描寫生動逼真。褒義。,力透紙背、鞭辟入裡,不著邊際,入石三分,主條成語
59,一鳴驚人,ㄧ　ㄇㄧㄥˊ　ㄐㄧㄥ　ㄖㄣˊ　（變）　ㄧˋ　ㄇㄧㄥˊ　ㄐㄧㄥ　ㄖㄣˊ,比喻平時默默無聞，而後卻突然有驚人的表現。,,,驚人一鳴,主條成語
60,螳臂當車,ㄊㄤˊ　ㄅㄧˋ　ㄉㄤ　ㄔㄜ,比喻不自量力。,以卵擊石、自不量力、夸父逐日、蚍蜉撼樹,泰山壓卵、量力而行,當車螳臂、螗螂之臂、螳臂拒輪、螳螂當車,主條成語
61,死灰復燃,ㄙˇ　ㄏㄨㄟ　ㄈㄨˋ　ㄖㄢˊ,比喻失勢者重新得勢。＆比喻已經平息的事物，又重新活動起來。,東山再起、捲土重來,一蹶不振,寒灰復燃、寒灰更然、寒灰重燃、復然灰、死灰復然、死灰復燎、燃死灰,主條成語
62,咄咄逼人,ㄉㄨㄛˋ　ㄉㄨㄛˋ　ㄅㄧ　ㄖㄣˊ,形容言語凌厲，氣勢迫人。 ＆形容詩文字畫等的氣勢逼近或超越前人的作品，令人敬畏。,氣勢洶洶、盛氣凌人,平易近人、屈己從人,逼人咄咄,主條成語
63,出奇制勝,ㄔㄨ　ㄑㄧˊ　ㄓˋ　ㄕㄥˋ,發奇兵或用奇計制敵而獲勝。褒義。＆比喻用奇特、創新的方法取得好效果。褒義。,,,出奇取勝、出奇致勝,主條成語
64,出類拔萃,ㄔㄨ　ㄌㄟˋ　ㄅㄚˊ　ㄘㄨㄟˋ,形容才能特出，超越眾人。褒義。,出人頭地、佼佼不群、卓爾不群、推群獨步、超群絕倫、頭角崢嶸、鶴立雞群,不稂不莠、碌碌無能,出群拔萃、出類拔群、出類超群、拔群出萃、拔群出類、拔萃出群、拔萃出類、拔類超群,主條成語
65,一竅不通,ㄧ　ㄑㄧㄠˋ　ㄅㄨˋ　ㄊㄨㄥ　（變）　ㄧˊ　ㄑㄧㄠˋ　ㄅㄨˋ　ㄊㄨㄥ,比喻人昏昧不明事理。貶義。＆比喻人對某事完全不懂。貶義。,蒙昧無知、一無所知,無所不知,一隙不通、不通一竅,主條成語
66,食古不化,ㄕˊ　ㄍㄨˇ　ㄅㄨˋ　ㄏㄨㄚˋ　（變）　ㄕˊ　ㄍㄨˇ　ㄅㄨˊ　ㄏㄨㄚˋ,比喻一味守舊而不知變通。貶義。,刻舟求劍、膠柱鼓瑟,日新又新、推陳出新,嗜古不化、食生不化,主條成語
67,一日千里,ㄧ　ㄖˋ　ㄑㄧㄢ　ㄌㄧˇ　（變）　ㄧˊ　ㄖˋ　ㄑㄧㄢ　ㄌㄧˇ,形容速度很快。＆比喻進步極快或進展迅速。褒義。,日新月異、日新月盛、突飛猛進,一落千丈,,主條成語
68,吹毛求疵,ㄔㄨㄟ　ㄇㄠˊ　ㄑㄧㄡˊ　ㄘ,比喻刻意挑剔過失或缺點。貶義。,求全責備、洗垢求瘢,,吹毛取瑕、吹毛求瑕、吹毛索疵、披毛求瑕、披毛求疵,主條成語
69,一諾千金,ㄧ　ㄋㄨㄛˋ　ㄑㄧㄢ　ㄐㄧㄣ　（變）　ㄧˊ　ㄋㄨㄛˋ　ㄑㄧㄢ　ㄐㄧㄣ,形容信守承諾，說話算數。褒義。,一言為定,出爾反爾、言而無信、食言而肥、輕諾寡信,千金一諾、千金諾、季布一諾、百金一諾,主條成語
70,騎虎難下,ㄑㄧˊ　ㄏㄨˇ　ㄋㄢˊ　ㄒㄧㄚˋ,比喻事情迫於情勢，無法中止，只好繼續做下去。,進退兩難、進退維谷,來去自如,勢成騎虎,主條成語
71,投鼠忌器,ㄊㄡˊ　ㄕㄨˇ　ㄐㄧˋ　ㄑㄧˋ,比喻想要除害，但因有所顧忌而不敢下手。,,肆無忌憚,投鼠之忌、擲鼠忌器,主條成語
72,孤注一擲,ㄍㄨ　ㄓㄨˋ　ㄧ　ㄓˊ　（變）　ㄍㄨ　ㄓㄨˋ　ㄧˋ　ㄓˊ,比喻危急時，投入全部力量，作最後的冒險。,背水一戰、背城借一、破釜沉舟,,,主條成語
73,坐井觀天,ㄗㄨㄛˋ　ㄐㄧㄥˇ　ㄍㄨㄢ　ㄊㄧㄢ,比喻人眼界狹小，見識不廣。,井蛙之見、以管窺天、以蠡測海、管中窺豹、管窺蠡測、牖中窺日、甕天之見,見多識廣、高瞻遠矚,坐井窺、坐井觀,主條成語
74,滄海一粟,ㄘㄤ　ㄏㄞˇ　ㄧ　ㄙㄨˋ　（變）　ㄘㄤ　ㄏㄞˇ　ㄧˊ　ㄙㄨˋ,比喻渺小而微不足道。,九牛一毛、太倉一粟、太倉稊米、微不足道、微乎其微,盈千累萬,大海一粟,主條成語
75,門可羅雀,ㄇㄣˊ　ㄎㄜˇ　ㄌㄨㄛˊ　ㄑㄩㄝˋ,形容做官的人失勢後賓客稀少的景況。＆泛指一般來客稀少、門庭冷清的景況。,,臣門如市、戶限為穿、車馬盈門、往來如織、門庭若市、賓客如雲、賓客盈門,羅雀門庭、門可張羅,主條成語
76,攀龍附鳳,ㄆㄢ　ㄌㄨㄥˊ　ㄈㄨˋ　ㄈㄥˋ,比喻巴結權貴，以求晉升。貶義。,依權附勢、附驥攀鴻、夤緣攀附、趨炎附勢、攀高接貴、攀龍附驥,,攀鱗附翼、攀龍託鳳、附翼攀鱗、附鳳攀龍,主條成語
77,痛心疾首,ㄊㄨㄥˋ　ㄒㄧㄣ　ㄐㄧˊ　ㄕㄡˇ,指痛恨到極點。,恨之入骨、咬牙切齒、深惡痛絕,,疾首痛心,主條成語
78,易如反掌,ㄧˋ　ㄖㄨˊ　ㄈㄢˇ　ㄓㄤˇ,比喻事情非常容易做到。,反掌折枝、易如拾芥、唾手可得、探囊取物、輕而易舉,挾山超海、難若登天,反掌之易、易如翻掌、易於反手、易於反掌,主條成語
79,膾炙人口,ㄎㄨㄞˋ　ㄓˋ　ㄖㄣˊ　ㄎㄡˇ,美味的食物人人愛吃。＆比喻美妙的詩文為人所讚賞、傳誦。褒義。＆比喻事物精妙而備受稱誦。褒義。,口碑載道,乏善可陳,流膾人口、膾炙一時、膾炙天下、膾炙海內,主條成語
80,趾高氣揚,ㄓˇ　ㄍㄠ　ㄑㄧˋ　ㄧㄤˊ,形容人驕傲自滿、得意忘形。多具貶義。,昂首闊步、眉飛色舞、高視闊步、得意忘形、躊躇滿志,奴顏婢膝、低聲下氣、低首下心、垂頭喪氣、垂頭拱手,足高氣揚、趾昂氣粗,主條成語
81,唾面自乾,ㄊㄨㄛˋ　ㄇㄧㄢˋ　ㄗˋ　ㄍㄢ,比喻逆來順受，寬容忍讓。,逆來順受,以牙還牙、以眼還眼、睚眥必報,面能乾唾,主條成語
82,推心置腹,ㄊㄨㄟ　ㄒㄧㄣ　ㄓˋ　ㄈㄨˋ,比喻以至誠待人。,肝膽相照、披肝瀝膽、坦誠相見,明爭暗鬥、鉤心鬥角、爾虞我詐,推心致腹、推誠置腹、置腹推心,主條成語
83,病入膏肓,ㄅㄧㄥˋ　ㄖㄨˋ　ㄍㄠ　ㄏㄨㄤ,指人病重，無藥可救。 ＆比喻人、事已到無可挽回的程度。,不可救藥、群醫束手,不藥而癒,疾入膏肓、病在膏肓、病在膏髓、病染膏肓,主條成語
84,蕭規曹隨,ㄒㄧㄠ　ㄍㄨㄟ　ㄘㄠˊ　ㄙㄨㄟˊ,比喻後人依循前人所訂的規章辦事。,因循守舊、率由舊章、陳陳相因,不主故常、改弦更張、改弦易轍、鼎新革故、棄舊圖新,,主條成語
85,庸人自擾,ㄩㄥ　ㄖㄣˊ　ㄗˋ　ㄖㄠˇ,比喻庸碌的人無端自尋煩惱。,杞人憂天,智者不惑,,主條成語
86,緣木求魚,ㄩㄢˊ　ㄇㄨˋ　ㄑㄧㄡˊ　ㄩˊ,比喻用錯方法，徒勞無功。,水中撈月、竹籃打水、炊沙作飯、煎水作冰,,求魚緣木、緣木希魚,主條成語
87,雙管齊下,ㄕㄨㄤ　ㄍㄨㄢˇ　ㄑㄧˊ　ㄒㄧㄚˋ,比喻同時採用兩種辦法來做事。,,,,主條成語
88,一言九鼎,ㄧ　ㄧㄢˊ　ㄐㄧㄡˇ　ㄉㄧㄥˇ　（變）　ㄧˋ　ㄧㄢˊ　ㄐㄧㄡˇ　ㄉㄧㄥˇ,形容說話很有分量。＆形容說話很有信用。,,人微言輕,一語九鼎、九鼎一言、片言九鼎,主條成語
89,自相矛盾,ㄗˋ　ㄒㄧㄤ　ㄇㄠˊ　ㄉㄨㄣˋ,比喻言語或行事前後無法呼應，互相牴觸。,,,,主條成語
90,扶搖直上,ㄈㄨˊ　ㄧㄠˊ　ㄓˊ　ㄕㄤˋ,比喻快速上升。＆比喻仕途得志。,平步青雲、青雲直上,一落千丈、江河日下、每況愈下,,主條成語
91,舉案齊眉,ㄐㄩˇ　ㄢˋ　ㄑㄧˊ　ㄇㄟˊ,比喻夫妻相敬如賓。褒義。,相敬如賓、魚水和諧、琴瑟和鳴,琴瑟不和,案舉齊眉、鴻案相莊、齊眉舉案,主條成語
92,閉門造車,ㄅㄧˋ　ㄇㄣˊ　ㄗㄠˋ　ㄐㄩ,比喻凡事只憑主觀辦事，不問是否切合實際。貶義。,,,造車合轍、閉戶斲輪、閉造出合,主條成語
93,歧路亡羊,ㄑㄧˊ　ㄌㄨˋ　ㄨㄤˊ　ㄧㄤˊ,比喻事理繁雜多變，求道者誤入迷途，而終無所成。,,,多岐亡羊、多歧亡羊,主條成語
94,風聲鶴唳,ㄈㄥ　ㄕㄥ　ㄏㄜˋ　ㄌㄧˋ,形容驚慌疑懼，自相侵擾。,杯弓蛇影、草木皆兵、疑神疑鬼,神色自若、氣定神閒,鶴唳風聲,主條成語
95,老當益壯,ㄌㄠˇ　ㄉㄤ　ㄧˋ　ㄓㄨㄤˋ,年紀雖大但身體仍強健，且志氣豪壯。褒義。,人老心不老、老驥伏櫪、志在千里,未老先衰,老而彌壯、老而益壯、衰當益壯,主條成語
96,車水馬龍,ㄔㄜ　ㄕㄨㄟˇ　ㄇㄚˇ　ㄌㄨㄥˊ,形容繁華熱鬧的景象。,車馬盈門、車馬輻輳、車馬駢溢、車馬駢闐、門庭若市、肩摩轂擊、熙來攘往、熙熙攘攘,門可羅雀,馬龍車水,主條成語
97,未雨綢繆,ㄨㄟˋ　ㄩˇ　ㄔㄡˊ　ㄇㄡˊ,比喻事先預備以防患未然。,曲突徙薪、有備無患、防患未然,江心補漏、臨陣磨槍、臨渴掘井,徹桑未雨、綢繆未雨,主條成語
98,先發制人,ㄒㄧㄢ　ㄈㄚ　ㄓˋ　ㄖㄣˊ,凡事先下手取得先機，才能制伏對方。,,,,主條成語
99,洛陽紙貴,ㄌㄨㄛˋ　ㄧㄤˊ　ㄓˇ　ㄍㄨㄟˋ,形容作品風行一時，流傳甚廣。褒義。,,乏人問津,京師紙貴、紙貴洛城、紙貴洛陽、衡陽紙貴、都中紙貴,主條成語
100,孤陋寡聞,ㄍㄨ　ㄌㄡˋ　ㄍㄨㄚˇ　ㄨㄣˊ,形容學識淺薄，見聞不廣。,一孔之見、井蛙之見、坐井觀天、淺見寡聞、管中窺豹,見多識廣、博古通今、博物洽聞,寡聞少見、寡聞陋見、寡見鮮聞,主條成語
101,不共戴天,ㄅㄨˋ　ㄍㄨㄥˋ　ㄉㄞˋ　ㄊㄧㄢ　（變）　ㄅㄨˊ　ㄍㄨㄥˋ　ㄉㄞˋ　ㄊㄧㄢ,比喻仇恨極深。,水火不容、冰炭不容、你死我活、勢不兩立、勢如水火、勢如冰炭、誓不兩立,不念舊惡、言歸於好,不共之仇、不共天地、不同天地、不同日月、不忍戴天、羞共戴天、義不同戴,主條成語
102,滿腹經綸,ㄇㄢˇ　ㄈㄨˋ　ㄐㄧㄥ　ㄌㄨㄣˊ,形容才識豐富，具有處理大事的才能。,大才槃槃、足智多謀、博學多才、滿腹經籍、學富五車,才疏學淺、不學無術、不識一丁、胸無點墨,經綸滿腹,主條成語
103,飲鴆止渴,ㄧㄣˇ　ㄓㄣˋ　ㄓˇ　ㄎㄜˇ,比喻只求解決眼前困難，而不顧將來更大的禍患。貶義。,挖肉補瘡,,引鴆止渴、止渴飲鴆、酣鴆止渴、飲鴆救渴,主條成語
104,退避三舍,ㄊㄨㄟˋ　ㄅㄧˋ　ㄙㄢ　ㄕㄜˋ,比喻主動退讓，不與人相爭。,,周旋到底、當仁不讓,辟君三舍、退徙三舍、避君三舍,主條成語
105,世外桃源,ㄕˋ　ㄨㄞˋ　ㄊㄠˊ　ㄩㄢˊ,比喻風景優美而人跡罕至的地方。＆比喻心目中理想的世界。,人間仙境、洞天福地、蓬萊仙境、人間仙境、洞天福地、烏托邦、蓬萊仙境,人間地獄,武陵世外,主條成語
106,剛愎自用,ㄍㄤ　ㄅㄧˋ　ㄗˋ　ㄩㄥˋ,形容性情倔強，固執己見。貶義。,一意孤行、自以為是、自矜自是、固執己見、師心自用、獨斷專行,不恥下問、從善如流、從諫如流、虛懷若谷,剛愎自任、剛戾自用、剛褊自用、專愎自用、強愎自用、愎過自用,主條成語
107,出爾反爾,ㄔㄨ　ㄦˇ　ㄈㄢˇ　ㄦˇ,比喻人的言行前後反覆，自相矛盾。貶義。,一報還一報、反覆無常、自食其言、言而無信、朝三暮四,一言既出、駟馬難追、一言為定、一諾千金、言行一致、言而有信、說一不二,出乎反乎,主條成語
108,目不識丁,ㄇㄨˋ　ㄅㄨˋ　ㄕˋ　ㄉㄧㄥ　（變）　ㄇㄨˋ　ㄅㄨˊ　ㄕˋ　ㄉㄧㄥ,比喻不識字或毫無學問。,不識之無、目不知書、胸無點墨,知書識禮、滿腹經綸、學富五車、識文斷字,一丁不識、不識一丁、不識丁、未識一丁、目不識字、眼不識丁,主條成語
109,水深火熱,ㄕㄨㄟˇ　ㄕㄣ　ㄏㄨㄛˇ　ㄖㄜˋ,比喻處境非常艱困、痛苦。,,安和樂利、安居樂業,水深火烈、水火深熱、火熱水深,主條成語
110,假公濟私,ㄐㄧㄚˇ　ㄍㄨㄥ　ㄐㄧˋ　ㄙ,假借公家的名義以謀取個人的私利。,營私舞弊,公而忘私、洗手奉職、涓滴歸公、廉潔奉公,借公濟私、假公營私、因公假私、因公行私、託公報私,主條成語
111,孤掌難鳴,ㄍㄨ　ㄓㄤˇ　ㄋㄢˊ　ㄇㄧㄥˊ,比喻人孤立無助，不能成事。,獨木難支,眾志成城、眾擎易舉,,主條成語
112,偃旗息鼓,ㄧㄢˇ　ㄑㄧˊ　ㄒㄧˊ　ㄍㄨˇ,軍隊放倒旌旗，停止戰鼓。形容不露行蹤。＆比喻事情中斷或聲勢減弱。,偃兵息甲、鳴金收兵、銷聲匿跡、銷聲匿跡,大張旗鼓、重整旗鼓,偃旗臥鼓、卷旗息鼓、息鼓偃旗、掩旗息鼓、臥旗息鼓、臥鼓偃旗,主條成語
113,妄自尊大,ㄨㄤˋ　ㄗˋ　ㄗㄨㄣ　ㄉㄚˋ,狂妄地自尊自大。貶義。,不可一世、心高氣傲、目中無人、自命不凡、自高自大、狂妄自大、夜郎自大,妄自菲薄、自輕自賤、屈己待人、謙恭有禮,妄尊自大、妄稱尊大、妄自尊,主條成語
114,百折不撓,ㄅㄞˇ　ㄓㄜˊ　ㄅㄨˋ　ㄋㄠˊ,意志剛強，即使受到許多挫折，仍不屈服。,不屈不撓、堅忍不拔、屢敗屢戰,一蹶不振、半途而廢,百折不回、百折不磨、百挫不折,主條成語
115,拾人牙慧,ㄕˊ　ㄖㄣˊ　ㄧㄚˊ　ㄏㄨㄟˋ,比喻蹈襲他人的言論或主張。貶義。,人云亦云、拾人涕唾,自成一家、別出心裁、獨到之見、獨樹一幟、獨闢蹊徑,拾人牙後、襲人牙後、襲人牙慧,主條成語
116,耳濡目染,ㄦˇ　ㄖㄨˊ　ㄇㄨˋ　ㄖㄢˇ,經常聽到、看到而深受影響。,潛移默化,,目擩耳染、目染耳濡、耳染目濡、耳目濡染,主條成語
117,得心應手,ㄉㄜˊ　ㄒㄧㄣ　ㄧㄥˋ　ㄕㄡˇ,比喻技藝熟練，運用自如。＆比喻做事順利。,如臂使指、左右逢源,力不從心、心有餘而力不足、心餘力絀,得手應心、心手相應、應手從心,主條成語
118,乘風破浪,ㄔㄥˊ　ㄈㄥ　ㄆㄛˋ　ㄌㄤˋ,順著風，破浪前進。＆比喻人志向遠大，不畏艱難，奮勇前進。,披荊斬棘,畏縮不前、胸無大志、裹足不前,破浪乘風、長風破浪,主條成語
119,杯水車薪,ㄅㄟ　ㄕㄨㄟˇ　ㄐㄩ　ㄒㄧㄣ,比喻力量太小，無濟於事。,於事無補、無濟於事,不無小補、大有助益,杯水輿薪,主條成語
120,車載斗量,ㄔㄜ　ㄗㄞˋ　ㄉㄡˇ　ㄌㄧㄤˊ,形容數量很多，不可勝數。,比比皆是、不計其數、汗牛充棟、多如牛毛、恆河沙數,屈指可數、碩果僅存、寥寥無幾、鳳毛麟角,斗量車載、載量車斗,主條成語
121,滿城風雨,ㄇㄢˇ　ㄔㄥˊ　ㄈㄥ　ㄩˇ,形容到處颳風下雨的景象。＆指事情一經傳出，便流言四起，到處議論紛紛。,議論紛紛,,風雨滿城,主條成語
122,燃眉之急,ㄖㄢˊ　ㄇㄟˊ　ㄓ　ㄐㄧˊ,形容事態嚴重，情況危急。,十萬火急、火燒眉毛、刻不容緩、迫不及待、急如星火、迫在眉睫、當務之急,不急之務,燒眉之急,主條成語
123,言不由衷,ㄧㄢˊ　ㄅㄨˋ　ㄧㄡˊ　ㄓㄨㄥ,心口不一，虛應敷衍。,口是心非、心口不一,心口如一、言為心聲、言由衷發、肺腑之言,信不由中、信不由衷、言不由中、言由衷發、道不由衷,主條成語
124,敝帚自珍,ㄅㄧˋ　ㄓㄡˇ　ㄗˋ　ㄓㄣ,比喻東西雖不好，卻因為是自己所擁有，故非常珍視。,敝屣自珍,視若草芥、棄如敝屣,享帚自珍、千金敝帚、弊帚千金、弊帚自珍、敝帚千金,主條成語
125,兔死狗烹,ㄊㄨˋ　ㄙˇ　ㄍㄡˇ　ㄆㄥ,比喻事成之後，有功之人即遭到殺戮或見棄的命運。,忘恩負義、卸磨殺驢、鳥盡弓藏、過河拆橋,論功行賞,?盡盧烹,主條成語
126,拋磚引玉,ㄆㄠ　ㄓㄨㄢ　ㄧㄣˇ　ㄩˋ,比喻自己先發表粗陋的詩文或不成熟的意見，以引出別人的佳作或高論。多用作自謙之詞。＆比喻以身作則，引發眾人響應。,,,引玉拋磚、投礫引珠,主條成語
127,門庭若市,ㄇㄣˊ　ㄊㄧㄥˊ　ㄖㄨㄛˋ　ㄕˋ,比喻上門來的人很多。,戶限為穿、車馬盈門、絡繹不絕,門可羅雀、門庭冷落,門前如市、門庭如市,主條成語
128,不倫不類,ㄅㄨˋ　ㄌㄨㄣˊ　ㄅㄨˋ　ㄌㄟˋ　（變）　ㄅㄨˋ　ㄌㄨㄣˊ　ㄅㄨˊ　ㄌㄟˋ,形容事物不成體統。貶義。,不三不四、非驢非馬,,,主條成語
129,虎頭蛇尾,ㄏㄨˇ　ㄊㄡˊ　ㄕㄜˊ　ㄨㄟˇ,比喻做事有始無終。貶義。,有始無終、有頭無尾,全始全終、有始有終、有頭有尾、首尾一貫、貫徹始終,虎頭鼠尾、龍頭蛇尾,主條成語
130,空中樓閣,ㄎㄨㄥ　ㄓㄨㄥ　ㄌㄡˊ　ㄍㄜˊ,比喻虛構的事物或不切實際的幻想。,鏡花水月、虛無縹緲、海市蜃樓、夢幻泡影,,,主條成語
131,天經地義,ㄊㄧㄢ　ㄐㄧㄥ　ㄉㄧˋ　ㄧˋ,天地間原本如此而不容改變的道理。,不移至理、金科玉律、理所當然,,,主條成語
132,殺身成仁,ㄕㄚ　ㄕㄣ　ㄔㄥˊ　ㄖㄣˊ,指為正義或崇高的理想而犧牲生命。,成仁取義、捨生取義、捨身求法,降志辱身、苟且偷生,殺身成義,主條成語
133,心猿意馬,ㄒㄧㄣ　ㄩㄢˊ　ㄧˋ　ㄇㄚˇ,心意反覆不定。＆心思不專注集中。,心不在焉、心神不定、三心二意、反覆不定、見異思遷,一心一意、之死靡它、全心全意、全神貫注、專心致志、聚精會神,心?意馬、情?意馬、意馬心猿,主條成語
134,一視同仁,ㄧ　ㄕˋ　ㄊㄨㄥˊ　ㄖㄣˊ　（變）　ㄧˊ　ㄕˋ　ㄊㄨㄥˊ　ㄖㄣˊ,指平等待人，不分親疏厚薄。,貴賤無二,另眼相看、厚此薄彼,一視之仁,主條成語
135,雪中送炭,ㄒㄩㄝˇ　ㄓㄨㄥ　ㄙㄨㄥˋ　ㄊㄢˋ,比喻在人艱困危急之時，給予適時的援助。,急人之難、寒中送衣,趁火打劫、落井下石、錦上添花,雪中之炭、雪裡送炭,主條成語
136,甘拜下風,ㄍㄢ　ㄅㄞˋ　ㄒㄧㄚˋ　ㄈㄥ,表示自認不如，由衷佩服。,心悅誠服、五體投地、首肯心折,不甘示弱、不甘雌伏,拜下風、甘伏下風、願拜下風,主條成語
137,無地自容,ㄨˊ　ㄉㄧˋ　ㄗˋ　ㄖㄨㄥˊ,形容羞愧至極。,,問心無愧、理直氣壯,無以自容、無地可容、無地自厝、無地自處、無穴可入、置身無地,主條成語
138,群策群力,ㄑㄩㄣˊ　ㄘㄜˋ　ㄑㄩㄣˊ　ㄌㄧˋ,聚合眾人的智慧和能力。,同心協力、畢力同心、戮力同心,一意孤行、孤行己見、孤軍作戰、單打獨鬥、單槍匹馬、獨斷專行,,主條成語
139,過河拆橋,ㄍㄨㄛˋ　ㄏㄜˊ　ㄔㄞ　ㄑㄧㄠˊ,比喻不念舊情，忘恩負義。貶義。,忘恩負義、兔死狗烹、卸磨殺驢、鳥盡弓藏,投桃報李、沒齒不忘、結草銜環、感恩圖報、感恩戴德,過橋抽板、過橋拆橋,主條成語
140,有備無患,ㄧㄡˇ　ㄅㄟˋ　ㄨˊ　ㄏㄨㄢˋ,事先有準備，即可免除後患。,未雨綢繆、曲突徙薪、防患未然、居安思危,江心補漏、臨陣磨槍、臨渴掘井,,主條成語
141,裹足不前,ㄍㄨㄛˇ　ㄗㄨˊ　ㄅㄨˋ　ㄑㄧㄢˊ,形容有所顧忌，而停止腳步，不敢向前。,畏縮不前、停滯不前、躊躇不前,一往無前、勇往直前,裹足不進,主條成語
142,前倨後恭,ㄑㄧㄢˊ　ㄐㄩˋ　ㄏㄡˋ　ㄍㄨㄥ,比喻待人勢利，態度轉變迅速。貶義。,,始終如一,前倨後卑、後恭前倨,主條成語
143,弄巧成拙,ㄋㄨㄥˋ　ㄑㄧㄠˇ　ㄔㄥˊ　ㄓㄨㄛˊ,比喻枉費心機。,畫蛇添足,,弄巧反拙、弄巧翻拙,主條成語
144,噤若寒蟬,ㄐㄧㄣˋ　ㄖㄨㄛˋ　ㄏㄢˊ　ㄔㄢˊ,比喻不敢說話。,杜口結舌、緘口結舌,直言不諱,噤如秋蟬、自同寒蟬,主條成語
145,戰戰兢兢,ㄓㄢˋ　ㄓㄢˋ　ㄐㄧㄥ　ㄐㄧㄥ,形容戒慎恐懼的樣子。,小心翼翼、如履薄冰、如臨深淵、朝乾夕惕、誠惶誠恐、臨深履薄,,,主條成語
146,瓜田李下,ㄍㄨㄚ　ㄊㄧㄢˊ　ㄌㄧˇ　ㄒㄧㄚˋ,比喻容易引起懷疑的場合。,薏苡之謗,,李下瓜田、瓜李之嫌,主條成語
147,借花獻佛,ㄐㄧㄝˋ　ㄏㄨㄚ　ㄒㄧㄢˋ　ㄈㄛˊ,比喻借用他人的東西來作人情。,順水人情、慷他人之慨,,,主條成語
148,故步自封,ㄍㄨˋ　ㄅㄨˋ　ㄗˋ　ㄈㄥ,安於現狀，不求進取。貶義。,一成不變、因循守舊、抱殘守缺、陳陳相因、畫地自限、墨守成規,不主故常、日新月異、勇猛精進、推陳出新,故步不離,主條成語
149,笑裡藏刀,ㄒㄧㄠˋ　ㄌㄧˇ　ㄘㄤˊ　ㄉㄠ,比喻人外貌和善可親，內心卻陰險狠毒。貶義。,口蜜腹劍、佛口蛇心、笑面夜叉、綿裡藏針,心口如一,笑中有刀、笑裡刀,主條成語
150,望塵莫及,ㄨㄤˋ　ㄔㄣˊ　ㄇㄛˋ　ㄐㄧˊ,比喻遠遠落在他人之後。,不可企及、瞠乎其後、難望項背,一馬當先、並駕齊驅、迎頭趕上、後來居上,望塵不及、望塵靡及,主條成語
151,水到渠成,ㄕㄨㄟˇ　ㄉㄠˋ　ㄑㄩˊ　ㄔㄥˊ,比喻事情自然發展，結果自成。＆比喻事情條件完備則自然成功，不須強求。,瓜熟蒂落、迎刃而解,,,主條成語
152,半途而廢,ㄅㄢˋ　ㄊㄨˊ　ㄦˊ　ㄈㄟˋ,比喻做事情有始無終。,中道而廢、半途自畫、有始無終,有始有終、持之以恆、堅持不懈、貫徹始終、鍥而不舍,半塗而廢、半塗而罷,主條成語
153,一籌莫展,ㄧ　ㄔㄡˊ　ㄇㄛˋ　ㄓㄢˇ　（變）　ㄧˋ　ㄔㄡˊ　ㄇㄛˋ　ㄓㄢˇ,比喻毫無辦法。,束手無策、無計可施,胸有成竹,一籌不吐、一籌不畫、半籌不展、半籌不納、莫展一籌,主條成語
154,抱薪救火,ㄅㄠˋ　ㄒㄧㄣ　ㄐㄧㄡˋ　ㄏㄨㄛˇ,比喻用錯方法，而致禍害加深。貶義。,火上加油、以火救火、揚湯止沸,釜底抽薪,抱薪救焚、負薪救火,主條成語
155,大器晚成,ㄉㄚˋ　ㄑㄧˋ　ㄨㄢˇ　ㄔㄥˊ,比喻卓越的人才往往成就較晚。,,小時了了,大才晚成、晚成大器,主條成語
156,莫逆之交,ㄇㄛˋ　ㄋㄧˋ　ㄓ　ㄐㄧㄠ,心意相投的朋友。,刎頸之交、金石之交、管鮑之交,一面之交、泛泛之交、酒肉朋友、點頭之交,莫逆之友、莫逆之契、莫逆交、莫逆友,主條成語
157,芒刺在背,ㄇㄤˊ　ㄘˋ　ㄗㄞˋ　ㄅㄟˋ,比喻因畏忌而極度不安。,如坐針氈、坐立不安,心安神泰、行若無事、若無其事、氣定神閒、泰然自若,如芒刺背、如芒在背、背生芒刺、背若芒刺、芒刺在躬,主條成語
158,按圖索驥,ㄢˋ　ㄊㄨˊ　ㄙㄨㄛˇ　ㄐㄧˋ,比喻做事拘泥成法，呆板不知變通。 ＆比喻按照所掌握的線索辦事。,刻舟求劍、墨守成規、膠柱鼓瑟、按跡循蹤、順藤摸瓜,大海撈針、無跡可尋,按圖索駿,主條成語
159,強弩之末,ㄑㄧㄤˊ　ㄋㄨˇ　ㄓ　ㄇㄛˋ,比喻原本強大的力量已經衰竭，不能再發揮效用。,,所向披靡、所向無敵、銳不可當,強弩末、彊弩之末,主條成語
160,一網打盡,ㄧ　ㄨㄤˇ　ㄉㄚˇ　ㄐㄧㄣˋ　（變）　ㄧˋ　ㄨㄤˇ　ㄉㄚˇ　ㄐㄧㄣˋ,用網子全部抓住。＆比喻排斥異己，不留孑遺。,一掃而空、誅殛滅絕,網開一面,一網無遺,主條成語
161,蜀犬吠日,ㄕㄨˇ　ㄑㄩㄢˇ　ㄈㄟˋ　ㄖˋ,形容人少見多怪。,粵犬吠雪,見怪不怪,,主條成語
162,曲突徙薪,ㄑㄩ　ㄊㄨˊ　ㄒㄧˇ　ㄒㄧㄣ,比喻事先採取措施，以防止危險發生。,未雨綢繆、未焚徙薪、有備無患、防患未然,江心補漏、臨陣磨槍、臨渴掘井,徙薪曲突、枉突徙薪,主條成語
163,矯枉過正,ㄐㄧㄠˇ　ㄨㄤˇ　ㄍㄨㄛˋ　ㄓㄥˋ,糾正偏差超過適切程度，反而不符合中庸之道。,過猶不及,恰如其分、恰到好處,撟?過正、矯枉過中、矯枉過甚、矯枉過當、矯枉過直、矯過正,主條成語
164,吳牛喘月,ㄨˊ　ㄋㄧㄡˊ　ㄔㄨㄢˇ　ㄩㄝˋ,比喻人見到曾受其害的類似事物而過分驚懼害怕。＆形容天氣酷熱。,談虎色變、驚弓之鳥,處變不驚,喘月吳牛,主條成語
165,居安思危,ㄐㄩ　ㄢ　ㄙ　ㄨㄟˊ,處於安樂的時候，要想到危險可能隨時出現。,安不忘危,居安忘危、燕雀處堂,居安慮危、居逸思危、於安思危、處安思危,主條成語
166,賓至如歸,ㄅㄧㄣ　ㄓˋ　ㄖㄨˊ　ㄍㄨㄟ,形容主人招待周到親切，使客人感到滿意。,,,客至如歸,主條成語
167,不恥下問,ㄅㄨˋ　ㄔˇ　ㄒㄧㄚˋ　ㄨㄣˋ,不以向身分較低微或是學問較自己淺陋的人求教為羞恥。褒義。,虛懷若谷、詢於芻蕘,恥下問、師心自用,,主條成語
168,不可救藥,ㄅㄨˋ　ㄎㄜˇ　ㄐㄧㄡˋ　ㄧㄠˋ,病重無藥可醫治。＆比喻到了無法挽救的地步。,病入膏肓、不堪造就、朽木不可雕,藥到回春、藥到病除、醫到病癒、改過從善、浪子回頭、孺子可教,不可救療、無可救藥、莫可救藥,主條成語
169,河東獅吼,ㄏㄜˊ　ㄉㄨㄥ　ㄕ　ㄏㄡˇ,比喻妻子凶悍發威。,,,季常之懼,主條成語
170,開門見山,ㄎㄞ　ㄇㄣˊ　ㄐㄧㄢˋ　ㄕㄢ,一開門就見到山巒。＆比喻說話或寫文章直截了當，一開始就進入正題。,直截了當、單刀直入、開宗明義,拐彎抹角、閃爍其詞,,主條成語
171,手舞足蹈,ㄕㄡˇ　ㄨˇ　ㄗㄨˊ　ㄉㄠˋ,揮手舉足，舞動跳躍。＆形容高興到了極點。,喜不自勝、載歌載舞、興高采烈、歡欣鼓舞,怏怏不樂、垂頭喪氣、悶悶不樂、鬱鬱寡歡,足蹈手舞,主條成語
172,土崩瓦解,ㄊㄨˇ　ㄅㄥ　ㄨㄚˇ　ㄐㄧㄝˇ,形容土石崩塌、磚瓦破碎的情景。＆比喻澈底潰敗，不可收拾。,支離破碎、分崩離析、四分五裂,牢不可破、固若金湯、堅不可摧、堅如磐石,冰散瓦解、瓦解土崩,主條成語
173,愛屋及烏,ㄞˋ　ㄨ　ㄐㄧˊ　ㄨ,比喻愛一個人也連帶地關愛與他有關的一切。,,,屋烏推愛、推愛屋烏,主條成語
174,不脛而走,ㄅㄨˋ　ㄐㄧㄥˋ　ㄦˊ　ㄗㄡˇ　（變）　ㄅㄨˊ　ㄐㄧㄥˋ　ㄦˊ　ㄗㄡˇ,比喻事物不用推廣，也能迅速傳播。,,秘而不宣,不脛而馳、無脛而至、無脛而行、無脛而走,主條成語
175,大義滅親,ㄉㄚˋ　ㄧˋ　ㄇㄧㄝˋ　ㄑㄧㄣ,比喻為了維護公理正義，不徇私情，滅了犯罪的親人，或讓他們接受法律制裁。褒義。,以義割恩,公報私仇,,主條成語
176,東施效顰,ㄉㄨㄥ　ㄕ　ㄒㄧㄠˋ　ㄆㄧㄣˊ,比喻盲目胡亂地模仿他人，結果卻適得其反。貶義。,生搬硬套、邯鄲學步,,東家效顰、東施捧心,主條成語
177,從善如流,ㄘㄨㄥˊ　ㄕㄢˋ　ㄖㄨˊ　ㄌㄧㄡˊ,比喻樂於接受別人好的意見。,從諫如流,固執己見、拒諫飾非、剛愎自用,從善若流、納善如流,主條成語
178,越俎代庖,ㄩㄝˋ　ㄗㄨˇ　ㄉㄞˋ　ㄆㄠˊ,比喻踰越職分代人辦事。,,不在其位、不謀其政、思不出位,代庖越俎、代越庖俎、越庖代俎,主條成語
179,水滴石穿,ㄕㄨㄟˇ　ㄉㄧ　ㄕˊ　ㄔㄨㄢ,滴水久了可使石穿。＆比喻持之以恆，事必有成。,心堅石穿、有志竟成、跬步千里、磨杵成針、鍥而不捨、繩鋸木斷,一暴十寒、三天打魚、兩天曬網、半途而廢,滴水石穿、滴水穿石,主條成語
180,袖手旁觀,ㄒㄧㄡˋ　ㄕㄡˇ　ㄆㄤˊ　ㄍㄨㄢ,形容置身事外，不予過問。,冷眼旁觀、坐視不救、作壁上觀、漠不關心、置身事外、隔岸觀火,打抱不平、見義勇為、拔刀相助,傍觀縮手、旁觀袖手、束手旁觀、縮手旁觀、袖手傍觀,主條成語
181,炙手可熱,ㄓˋ　ㄕㄡˇ　ㄎㄜˇ　ㄖㄜˋ,比喻地位尊貴，勢燄熾盛。＆比喻廣受歡迎，名聲極盛。,如日中天、勢燄熏天,乏人問津,勢可炙手、炙手之勢、炙手而熱、熱可炙手,主條成語
182,因噎廢食,ㄧㄣ　ㄧㄝ　ㄈㄟˋ　ㄕˊ,比喻曾經出過差錯，唯恐再錯而不去做該做的事。,矯枉過正,,以咽廢飧、因咽去食、懲噎廢食、見噎廢食,主條成語
183,因勢利導,ㄧㄣ　ㄕˋ　ㄌㄧˋ　ㄉㄠˇ,順著事物發展的趨勢，朝有利的方向引導。,順水推舟,逆水行舟、倒行逆施,因勢順導,主條成語
184,草菅人命,ㄘㄠˇ　ㄐㄧㄢ　ㄖㄣˊ　ㄇㄧㄥˋ,比喻輕視人命，任意加以殘害。貶義。,殘民以逞,人命關天、仁民愛物、悲天憫人、視民如傷、愛民如子,,主條成語
185,排難解紛,ㄆㄞˊ　ㄋㄢˋ　ㄐㄧㄝˇ　ㄈㄣ,指排除危難，解決紛爭。,,挑撥離間、推波助瀾,排患解紛、排難解急、解紛排難、銷難解紛,主條成語
186,畏首畏尾,ㄨㄟˋ　ㄕㄡˇ　ㄨㄟˋ　ㄨㄟˇ,形容疑慮顧忌，膽小怕事。,左顧右盼、畏葸不前、猶豫不決、縮手縮腳、瞻前顧後,一往直前、勇往直前、挺身而出、敢作敢為、無所畏懼,畏頭畏尾,主條成語
187,如魚得水,ㄖㄨˊ　ㄩˊ　ㄉㄜˊ　ㄕㄨㄟˇ,比喻得到與自己志同道合的人或適合於自己發展的環境。＆比喻兩人間情愛親密。,志同道合、意氣相投,格格不入、龍困淺灘,如魚似水、如魚在水、游魚得水、猶魚得水、猶魚有水、魚水相得,主條成語
188,流芳百世,ㄌㄧㄡˊ　ㄈㄤ　ㄅㄞˇ　ㄕˋ,美名流傳後世為人所稱頌。褒義。,永垂不朽、名垂青史、萬古留芳,遺臭萬年,流芳後世、流芳萬古、百世流芳,主條成語
189,眾志成城,ㄓㄨㄥˋ　ㄓˋ　ㄔㄥˊ　ㄔㄥˊ,比喻團結一致，同心協力。,眾擎易舉、萬眾一心,一盤散沙,眾心如城、眾心成城,主條成語
190,管中窺豹,ㄍㄨㄢˇ　ㄓㄨㄥ　ㄎㄨㄟ　ㄅㄠˋ,比喻所見甚小，未得全貌。,一孔之見、井蛙之見、坐井觀天、管窺蠡測、管窺虎、牖中窺日,見多識廣、高瞻遠矚,窺豹一斑,主條成語
191,南柯一夢,ㄋㄢˊ　ㄎㄜ　ㄧ　ㄇㄥˋ　（變）　ㄋㄢˊ　ㄎㄜ　ㄧˊ　ㄇㄥˋ,比喻人生如夢，富貴得失無常。,一場春夢、春夢無痕、黃粱一夢,,一夢南柯、一枕南柯、一枕槐安、一枕黃粱、南柯夢、夢裡南柯,主條成語
192,名不虛傳,ㄇㄧㄥˊ　ㄅㄨˋ　ㄒㄩ　ㄔㄨㄢˊ,名聲與實際相符，而非徒有虛名。褒義。,名下無虛、名副其實,名不副實、有名無實、名過其實、徒有其名,名不虛得、名不虛立、名不虛行,主條成語
193,束之高閣,ㄕㄨˋ　ㄓ　ㄍㄠ　ㄍㄜˊ,比喻棄置不用。,打落冷宮、置之不理、置之腦後,物盡其用,庋之高閣、束置高閣、束高閣、置之高閣,主條成語
194,喪心病狂,ㄙㄤˋ　ㄒㄧㄣ　ㄅㄧㄥˋ　ㄎㄨㄤˊ,形容人殘忍可惡到了極點。貶義。,喪盡天良、傷天害理,,病狂喪心、病風喪心,主條成語
195,見異思遷,ㄐㄧㄢˋ　ㄧˋ　ㄙ　ㄑㄧㄢ,比喻意志不堅定。貶義。,三心二意、心猿意馬,一心一意、全心全意、始終不渝、專心致志,見異而遷,主條成語
196,明察秋毫,ㄇㄧㄥˊ　ㄔㄚˊ　ㄑㄧㄡ　ㄏㄠˊ,比喻人能洞察一切，看到極細微的地方。,洞若觀火,如坐雲霧、霧裡看花,,主條成語
197,忍辱負重,ㄖㄣˇ　ㄖㄨˋ　ㄈㄨˋ　ㄓㄨㄥˋ,忍受屈辱怨謗而承擔重任。,含垢忍辱、忍氣吞聲、臥薪嘗膽,,,主條成語
198,臥薪嘗膽,ㄨㄛˋ　ㄒㄧㄣ　ㄔㄤˊ　ㄉㄢˇ,比喻刻苦自勵，發奮圖強。,發奮圖強、奮發圖強,苟且偷生、醉生夢死,嘗膽臥薪、坐薪嘗膽、坐薪懸膽,主條成語
199,買櫝還珠,ㄇㄞˇ　ㄉㄨˊ　ㄏㄨㄢˊ　ㄓㄨ,比喻捨本逐末，取捨失當。,捨本逐末,伯樂相馬、取精用宏,還珠買櫝,主條成語
200,作威作福,ㄗㄨㄛˋ　ㄨㄟ　ㄗㄨㄛˋ　ㄈㄨˊ,仗著權勢欺壓別人。貶義。,飛揚跋扈、無法無天、橫行霸道、耀武揚威,為民請命、愛民如子,並作威福、作福作威,主條成語
201,兩袖清風,ㄌㄧㄤˇ　ㄒㄧㄡˋ　ㄑㄧㄥ　ㄈㄥ,形容瀟灑飄逸、超脫凡俗的樣子。＆形容做官廉潔，毫無貪贓枉法之事。,一清如水、洗手奉職、廉潔奉公、囊空如洗,中飽私囊、徇私舞弊、貪贓枉法,清風兩袖,主條成語
202,明目張膽,ㄇㄧㄥˊ　ㄇㄨˋ　ㄓㄤ　ㄉㄢˇ,比喻肆無忌憚地公然做壞事。,明火執仗、肆無忌憚、膽大包天,鬼鬼祟祟、偷偷摸摸、藏頭露尾,張膽明目、瞋目張膽,主條成語
203,肝膽相照,ㄍㄢ　ㄉㄢˇ　ㄒㄧㄤ　ㄓㄠˋ,比喻赤忱相處。,披肝瀝膽、坦誠相待、推心置腹、推誠相與,鉤心鬥角、各懷鬼胎、虛情假意、爾虞我詐,心腹相照、肝膽相見、肺肝相照、腹心相照,主條成語
204,不求甚解,ㄅㄨˋ　ㄑㄧㄡˊ　ㄕㄣˋ　ㄐㄧㄝˇ,讀書著重理解義理，而不過度鑽研字句上的解釋。＆形容學習或工作的態度不認真，只求略懂皮毛而不深入理解。,一知半解、生吞活剝、囫圇吞棗,尋根究底、窮源竟委、窮源溯流、融會貫通,,主條成語
205,青黃不接,ㄑㄧㄥ　ㄏㄨㄤˊ　ㄅㄨˋ　ㄐㄧㄝ,指新穀還沒成熟，存糧又已吃完。＆比喻有所匱乏，一時難以為繼。,,源源不絕、綽綽有餘,青黃不交、青黃未接,主條成語
206,民不聊生,ㄇㄧㄣˊ　ㄅㄨˋ　ㄌㄧㄠˊ　ㄕㄥ,形容百姓生活非常困苦。,民不堪命、民生凋敝、民窮財盡、生靈塗炭,四海昇平、民康物阜、安居樂業、家給人足、國泰民安、豐衣足食,人不聊生,主條成語
207,明哲保身,ㄇㄧㄥˊ　ㄓㄜˊ　ㄅㄠˇ　ㄕㄣ,明達事理、洞見時勢的人，不參與會帶給自己危險的事。＆為了個人得失而喪失原則的庸俗處世態度。,潔身自好、獨善其身,同流合汙、隨波逐流,明哲防身,主條成語
208,妄自菲薄,ㄨㄤˋ　ㄗˋ　ㄈㄟˇ　ㄅㄛˊ,隨意看輕自己，不知自重。,自輕自賤、自慚形穢、自暴自棄,不可一世、妄自尊大、自命不凡、自高自大、狂妄自大,過自菲薄,主條成語
209,自慚形穢,ㄗˋ　ㄘㄢˊ　ㄒㄧㄥˊ　ㄏㄨㄟˋ,泛指與人相比自愧不如。,自愧弗如、相形見絀,目空一切、妄自尊大、自命不凡、自高自大、顧盼自雄,自覺形穢、覺我形穢,主條成語
210,泥牛入海,ㄋㄧˊ　ㄋㄧㄡˊ　ㄖㄨˋ　ㄏㄞˇ,比喻一去不復返。,一去不返、石沉大海、杳如黃鶴、杳無音信、杳無蹤影,,泥牛下水,主條成語
211,急如星火,ㄐㄧˊ　ㄖㄨˊ　ㄒㄧㄥ　ㄏㄨㄛˇ,形容情勢急迫。,十萬火急、迫在眉睫,慢條斯理,急於星火、急星火、急若星火、星火急、迫如星火,主條成語
212,背道而馳,ㄅㄟˋ　ㄉㄠˋ　ㄦˊ　ㄔˊ,比喻彼此的目標或理想完全相反。,南轅北轍,,背車而馳、背道而行、背馳於道,主條成語
213,休戚相關,ㄒㄧㄡ　ㄑㄧ　ㄒㄧㄤ　ㄍㄨㄢ,形容彼此間的關係密切，利害一致。,休戚與共、相依為命、息息相關、脣亡齒寒、禍福與共,渺不相涉、漠不相關,相關休戚,主條成語
214,同舟共濟,ㄊㄨㄥˊ　ㄓㄡ　ㄍㄨㄥˋ　ㄐㄧˋ,比喻同心協力，戰勝困難。,同心同德、同心協力、同甘共苦、休戚相關、休戚與共、和衷共濟、禍福與共,分崩離析、各行其是、同床異夢、離心離德,同舟而濟、同船濟水,主條成語
215,披星戴月,ㄆㄧ　ㄒㄧㄥ　ㄉㄞˋ　ㄩㄝˋ,形容早出晚歸、連夜趕路或工作備極勞累。,早出晚歸、夙興夜寐、夜以繼日、櫛風沐雨,玩歲愒時、曠廢隳惰,帶月披星、戴月披星、披星帶月,主條成語
216,相敬如賓,ㄒㄧㄤ　ㄐㄧㄥˋ　ㄖㄨˊ　ㄅㄧㄣ,形容夫妻間相處融洽，互相敬愛。褒義。,舉案齊眉、琴瑟和鳴,琴瑟不和,相待如賓、相遇如賓,主條成語
217,鶴立雞群,ㄏㄜˋ　ㄌㄧˋ　ㄐㄧ　ㄑㄩㄣˊ,比喻人的儀表才能超群脫凡。褒義。＆比喻事物的不平凡。,出類拔萃、卓爾不群、超群絕倫,凡夫俗子、吳下阿蒙,雞群之鶴、雞群鶴立、鶴處雞群,主條成語
218,重整旗鼓,ㄔㄨㄥˊ　ㄓㄥˇ　ㄑㄧˊ　ㄍㄨˇ,比喻失敗後積聚力量，重新行動。,另起爐灶、東山再起、捲土重來,一蹶不振、銷聲匿跡,,主條成語
219,格格不入,ㄍㄜˊ　ㄍㄜˊ　ㄅㄨˋ　ㄖㄨˋ　（變）　ㄍㄜˊ　ㄍㄜˊ　ㄅㄨˊ　ㄖㄨˋ,比喻抵觸阻隔而不相合。,水火不容、方枘圓鑿、方底圓蓋、鑿枘不入,水乳交融、行合趨同、沆瀣一氣、氣味相投、情投意合、融為一體,扞格不入、格格不納,主條成語
220,山窮水盡,ㄕㄢ　ㄑㄩㄥˊ　ㄕㄨㄟˇ　ㄐㄧㄣˋ,水陸交通阻斷，無法通行。＆比喻走投無路，陷入絕境。,日暮途窮、走投無路、窮途末路,柳暗花明、絕處逢生,地窮山盡、山窮水斷、山窮水絕、水盡山窮、水窮山盡,主條成語
221,脣亡齒寒,ㄔㄨㄣˊ　ㄨㄤˊ　ㄔˇ　ㄏㄢˊ,比喻關係密切，利害相關。,皮之不存、毛將焉附、休戚相關、巢毀卵破、脣齒相依、輔車相依、覆巢之下無完卵,風馬牛不相及、風馬不接、齒亡舌存,,主條成語
222,功敗垂成,ㄍㄨㄥ　ㄅㄞˋ　ㄔㄨㄟˊ　ㄔㄥˊ,指事情在即將成功時卻失敗了。,功虧一簣、前功盡棄,大功告成,功墜垂成、功墮垂成、功廢垂成,主條成語
223,旁若無人,ㄆㄤˊ　ㄖㄨㄛˋ　ㄨˊ　ㄖㄣˊ,形容說話舉動毫無顧忌。＆形容態度高傲。,不可一世、目中無人、目空一切、目無餘子、自高自大,虛己受人、虛懷若谷,傍若無人,主條成語
224,青梅竹馬,ㄑㄧㄥ　ㄇㄟˊ　ㄓㄨˊ　ㄇㄚˇ,指從小就相識的同伴。,竹馬之好、兩小無猜,,,主條成語
225,五體投地,ㄨˇ　ㄊㄧˇ　ㄊㄡˊ　ㄉㄧˋ,致敬儀式，指雙膝雙肘及頭五處著地，佛教徒沿用以禮敬三寶。＆比喻非常欽佩。,頂禮膜拜、心折首肯,嗤之以鼻,,主條成語
226,文過飾非,ㄨㄣˋ　ㄍㄨㄛˋ　ㄕˋ　ㄈㄟ,掩飾過失、錯誤。,諱疾忌醫,知過必改、退思補過,文過遂非、縱過飾非、護過飾非、飾非文過,主條成語
227,強詞奪理,ㄑㄧㄤˇ　ㄘˊ　ㄉㄨㄛˊ　ㄌㄧˇ,比喻人沒有道理卻強自狡辯。,,入情入理、理直氣壯、義正詞嚴,強詞奪正、強詞昧理,主條成語
228,投鞭斷流,ㄊㄡˊ　ㄅㄧㄢ　ㄉㄨㄢˋ　ㄌㄧㄡˊ,比喻軍旅眾多，兵力強大。,兵多將廣、旌旗蔽空、舳艫千里、百萬雄師,老弱殘兵、兵微將寡,,主條成語
229,天花亂墜,ㄊㄧㄢ　ㄏㄨㄚ　ㄌㄨㄢˋ　ㄓㄨㄟˋ,形容說話動聽，或浮誇不切實際。,,,亂墜天花、天花墜地、寶花亂墜,主條成語
230,不速之客,ㄅㄨˋ　ㄙㄨˋ　ㄓ　ㄎㄜˋ　（變）　ㄅㄨˊ　ㄙㄨˋ　ㄓ　ㄎㄜˋ,沒有邀請就自己來的客人。,不請自來,座上客,不速客,主條成語
231,勢不兩立,ㄕˋ　ㄅㄨˋ　ㄌㄧㄤˇ　ㄌㄧˋ,比喻敵對的雙方不能同時並存。,水火不容、不共戴天、你死我活、誓不兩立、勢如水火,水乳交融、脣齒相依、親密無間,事不兩立、勢不並立、勢不兩存,主條成語
232,開誠布公,ㄎㄞ　ㄔㄥˊ　ㄅㄨˋ　ㄍㄨㄥ,比喻誠意待人，坦白無私。,肝膽相照、推心置腹、開心見誠、推誠相見,明爭暗鬥、虛情假意、鉤心鬥角、爾虞我詐,推誠布信、推誠布公、開布誠信,主條成語
233,別出心裁,ㄅㄧㄝˊ　ㄔㄨ　ㄒㄧㄣ　ㄘㄞˊ,獨出巧思，不同流俗。褒義。,匠心獨運、自出機杼、別具一格、別具匠心、別開生面、獨樹一幟,人云亦云、千篇一律、亦步亦趨、如法炮製、拾人牙慧、襲人故智,別出新裁、獨出心裁、獨出手眼、自出心裁,主條成語
234,大公無私,ㄉㄚˋ　ㄍㄨㄥ　ㄨˊ　ㄙ,秉公處理，毫無偏私。褒義。,守正不阿、鐵面無私,自私自利、徇私舞弊、徇情枉法、假公濟私,公平無私、公正無私、至公無私,主條成語
235,落井下石,ㄌㄨㄛˋ　ㄐㄧㄥˇ　ㄒㄧㄚˋ　ㄕˊ,比喻乘人危難時，加以陷害。,乘人之危、趁火打劫,雪中送炭、錦上添花、濟困扶危,下井投石、乘危下石、投井下石,主條成語
236,一絲不苟,ㄧ　ㄙ　ㄅㄨˋ　ㄍㄡˇ　（變）　ㄧˋ　ㄙ　ㄅㄨˋ　ㄍㄡˇ,形容做事認真，一點也不馬虎。,一板一眼,草草了事、粗枝大葉、敷衍了事,一介不苟、一毫不苟,主條成語
237,力不從心,ㄌㄧˋ　ㄅㄨˋ　ㄘㄨㄥˊ　ㄒㄧㄣ,心裡想做某事，力量卻無法達到。,力不能支、力不勝任、力有未逮、力所不及、心有餘而力不足、心餘力絀、無能為力,力所能及、得心應手、遊刃有餘,力不副心、力不及心、力不從願、力不逮心,主條成語
238,撲朔迷離,ㄆㄨ　ㄕㄨㄛˋ　ㄇㄧˊ　ㄌㄧˊ,形容事物錯綜複雜，難以驟然明瞭真相。＆形容景色迷濛。,渾渾沌沌,一目了然,迷離撲朔,主條成語
239,舉足輕重,ㄐㄩˇ　ㄗㄨˊ　ㄑㄧㄥ　ㄓㄨㄥˋ,形容所居地位極為重要，一舉一動皆足以影響全局。,,無足輕重,,主條成語
240,臨渴掘井,ㄌㄧㄣˊ　ㄎㄜˇ　ㄐㄩㄝˊ　ㄐㄧㄥˇ,比喻事到臨頭才著手準備，為時已晚，無濟於事。,江心補漏、鬥而鑄錐、臨陣磨槍,未雨綢繆、曲突徙薪、有備無患、防患未然,渴而穿井、臨噎掘井、臨渴之掘、臨渴穿井,主條成語
241,再接再厲,ㄗㄞˋ　ㄐㄧㄝ　ㄗㄞˋ　ㄌㄧˋ,比喻勇往直前，不因挫折而懈怠。,勇往直前、堅持不懈、奮起直追,一蹶不振、打退堂鼓、灰心喪氣、裹足不前,再接再礪,主條成語
242,八面玲瓏,ㄅㄚ　ㄇㄧㄢˋ　ㄌㄧㄥˊ　ㄌㄨㄥˊ,形容屋子四面八方敞亮通明。＆形容人言行手段，十分巧妙，處世圓融。,八面見光、面面俱到,,八窗玲瓏、玲瓏八面,主條成語
243,姍姍來遲,ㄕㄢ　ㄕㄢ　ㄌㄞˊ　ㄔˊ,形容女子遲步緩來的樣子。＆形容人或事物不依時出現，害人苦等。,,捷足先登,珊珊來遲,主條成語
244,一揮而就,ㄧ　ㄏㄨㄟ　ㄦˊ　ㄐㄧㄡˋ　（變）　ㄧˋ　ㄏㄨㄟ　ㄦˊ　ㄐㄧㄡˋ,形容在書畫作文方面的敏捷高超。,一氣呵成、一蹴而就、下筆成章、援筆立成、運筆如飛,江郎才盡、索盡枯腸,一揮而成,主條成語
245,明日黃花,ㄇㄧㄥˊ　ㄖˋ　ㄏㄨㄤˊ　ㄏㄨㄚ,比喻過時的事物。,時過境遷,,黃梁一枕、黃花明日,主條成語
246,迎刃而解,ㄧㄥˊ　ㄖㄣˋ　ㄦˊ　ㄐㄧㄝˇ,比喻相連的事物很容易分開。＆比喻事情很容易解決。,手到擒來、探囊取物、唾手可得,堅不可摧,刃迎縷解、迎刃以解、迎刃冰解、迎刃而判,主條成語
247,非驢非馬,ㄈㄟ　ㄌㄩˊ　ㄈㄟ　ㄇㄚˇ,比喻事物不倫不類。,不三不四、不倫不類,,非馬非驢,主條成語
248,百發百中,ㄅㄞˇ　ㄈㄚ　ㄅㄞˇ　ㄓㄨㄥˋ,形容技術高妙，能命中目標。＆形容料事、用計、施藥等相當準確。,矢無虛發、百步穿楊、彈無虛發、十拿九穩、料事如神,,百中百發,主條成語
249,罄竹難書,ㄑㄧㄥˋ　ㄓㄨˊ　ㄋㄢˊ　ㄕㄨ,形容罪狀極多。貶義。,擢髮難數,,,主條成語
250,自作自受,ㄗˋ　ㄗㄨㄛˋ　ㄗˋ　ㄕㄡˋ,自己做了錯事，由自己承擔不良後果。貶義。,自食其果、作法自斃、玩火自焚、咎由自取,善有善報,,主條成語
251,自暴自棄,ㄗˋ　ㄅㄠˋ　ㄗˋ　ㄑㄧˋ,指自甘墮落，不求上進。,自甘墮落、妄自菲薄、自輕自賤,力爭上游、自強不息、發奮圖強、奮發圖強,自暴棄、自棄自暴,主條成語
252,一意孤行,ㄧ　ㄧˋ　ㄍㄨ　ㄒㄧㄥˊ　（變）　ㄧˊ　ㄧˋ　ㄍㄨ　ㄒㄧㄥˊ,形容人固執己見，獨斷獨行。貶義。,我行我素、固執己見、剛愎自用、師心自用、獨斷專行,言聽計從、從善如流、擇善而從,孤行一意,主條成語
253,汗牛充棟,ㄏㄢˋ　ㄋㄧㄡˊ　ㄔㄨㄥ　ㄉㄨㄥˋ,形容書籍極多。,牙籤萬軸、車載斗量、萬籤插架,,充棟折軸、充棟汗牛、棟充牛汗,主條成語
254,仰人鼻息,ㄧㄤˇ　ㄖㄣˊ　ㄅㄧˊ　ㄒㄧˊ,比喻依靠他人生活。＆比喻看別人的臉色行事，不能自主。,仰給於人、寄人籬下、俯仰由人、聽人穿鼻,自立門戶、自力更生、自立門戶,仰承鼻息、假人鼻息,主條成語
255,高枕無憂,ㄍㄠ　ㄓㄣˇ　ㄨˊ　ㄧㄡ,形容身心安適，無憂無慮。,無憂無慮,危在旦夕、忐忑不安,安枕而臥、高枕不虞、高枕勿憂、高枕安寢、高枕安臥、高枕無虞、高枕而臥,主條成語
256,家喻戶曉,ㄐㄧㄚ　ㄩˋ　ㄏㄨˋ　ㄒㄧㄠˇ,形容事情、名聲傳播極廣。,名滿天下、眾所周知、婦孺皆知,不見經傳、沒沒無聞、聞所未聞,家至戶曉、家諭戶曉、戶告人曉,主條成語
257,安步當車,ㄢ　ㄅㄨˋ　ㄉㄤ　ㄐㄩ,比喻安貧樂賤。＆形容態度悠閒從容。,緩步徐行,駟馬高車、健步如飛、駟馬高車,徐步當車、緩步代車、緩步當車,主條成語
258,乳臭未乾,ㄖㄨˇ　ㄒㄧㄡˋ　ㄨㄟˋ　ㄍㄢ,譏諷人年紀輕，沒有經驗與能力。貶義。,少不更事、羽毛未豐、乳臭小兒、黃口孺子,少年老成、老成持重、後生可畏,乳腥未退、乳臭未除、口乳未乾、口尚乳臭,主條成語
259,開門揖盜,ㄎㄞ　ㄇㄣˊ　ㄧ　ㄉㄠˋ,比喻引進壞人，自招禍患。,引水入牆、引狼入室,,開門延盜、開門納寇、開門納狼、開門納賊,主條成語
260,危如累卵,ㄨㄟˊ　ㄖㄨˊ　ㄌㄟˇ　ㄌㄨㄢˇ,比喻情況非常危險。,千鈞一髮、危在旦夕、岌岌可危、間不容髮、搖搖欲墜、積薪厝火,安如泰山、安如磐石、巋然不動,危如壘卵、危於累卵、危於重卵、危猶累卵、累卵之危,主條成語
261,一見如故,ㄧ　ㄐㄧㄢˋ　ㄖㄨˊ　ㄍㄨˋ　（變）　ㄧˊ　ㄐㄧㄢˋ　ㄖㄨˊ　ㄍㄨˋ,初次見面就相處融洽，如同老朋友一般。,,白頭如新,一面如舊,主條成語
262,得意忘形,ㄉㄜˊ　ㄧˋ　ㄨㄤˋ　ㄒㄧㄥˊ,形容人高興過頭，舉止失去常態。,得意洋洋,灰心喪氣、垂頭喪氣,得趣忘形、忘形得意,主條成語
263,小巫見大巫,ㄒㄧㄠˇ　ㄨ　ㄐㄧㄢˋ　ㄉㄚˋ　ㄨ,比喻相形見絀，無法相提並論。,相形失色、相形見絀,不分軒輊、不相上下、半斤八兩、伯仲之間,,主條成語
264,怒髮衝冠,ㄋㄨˋ　ㄈㄚˇ　ㄔㄨㄥ　ㄍㄨㄢ,形容盛怒的樣子。,咬牙切齒、怒火中燒、怒不可遏、怒氣衝天、勃然大怒、眥裂髮指,心平氣和、平心靜氣,怒髮沖冠、髮上衝冠,主條成語
265,一塵不染,ㄧ　ㄔㄣˊ　ㄅㄨˋ　ㄖㄢˇ　（變）　ㄧˋ　ㄔㄣˊ　ㄅㄨˋ　ㄖㄢˇ,佛家修道的人，不被六塵（色、聲、香、味、觸、法）所玷汙。＆比喻人品純潔，絲毫不沾染壞習氣。＆形容非常乾淨，一點灰塵都沒有。,六根清淨、玉潔冰清、嶔崎磊落、窗明几淨,同流合汙,一塵不到、一塵不受、一塵不涉、不染一塵、纖塵不染,主條成語
266,三令五申,ㄙㄢ　ㄌㄧㄥˋ　ㄨˇ　ㄕㄣ,再三命令告誡。,耳提面命,不言之教,三申五令、五令三申,主條成語
267,愚公移山,ㄩˊ　ㄍㄨㄥ　ㄧˊ　ㄕㄢ,比喻努力不懈，終能達成目標。＆比喻效率不佳。,有志者事竟成、精衛填海、鐵杵磨針,半途而廢,,主條成語
268,口蜜腹劍,ㄎㄡˇ　ㄇㄧˋ　ㄈㄨˋ　ㄐㄧㄢˋ,比喻一個人嘴上說得好聽，事實上卻內心險惡，處處想陷害別人。,佛口蛇心、表裡不一、笑裡藏刀,表裡如一,口蜜劍腹、腹劍口蜜、腹劍舌糖、蜜口劍腹,主條成語
269,短兵相接,ㄉㄨㄢˇ　ㄅㄧㄥ　ㄒㄧㄤ　ㄐㄧㄝ,比喻近距離激烈地搏打、爭鬥。,針鋒相對,,短兵接戰,主條成語
270,不寒而慄,ㄅㄨˋ　ㄏㄢˊ　ㄦˊ　ㄌㄧˋ,形容內心恐懼極至。,毛骨悚然、心驚肉跳、心驚膽跳、魂飛天外、膽戰心驚　,從容自若、無所畏懼、無動於衷,不寒而冽、不寒而栗,主條成語
271,別開生面,ㄅㄧㄝˊ　ㄎㄞ　ㄕㄥ　ㄇㄧㄢˋ,比喻另外開創新的局面、風格、形式。,耳目一新、別出心裁、別出機杼、別具一格、別具匠心、面目一新、獨樹一幟,千篇一律、依樣畫葫蘆、規行矩步、襲人故智,一開生面、別啟生面、另開生面、特開生面、獨開生面、生面獨開、自開生面,主條成語
272,枕戈待旦,ㄓㄣˋ　ㄍㄜ　ㄉㄞˋ　ㄉㄢˋ,形容殺敵報國之心急切，隨時準備作戰。＆形容人全神戒備，絲毫不敢鬆懈。,枕戈寢甲、蓄勢待發、嚴陣以待,高枕而臥、高枕無憂、醉生夢死,枕戈俟旦,主條成語
273,事半功倍,ㄕˋ　ㄅㄢˋ　ㄍㄨㄥ　ㄅㄟˋ,形容費力少而收效大。,一舉數得,力倍功半、力倍功寡、事倍功半,事半功百、力半功倍、力省功倍、功倍事半、費半功倍,主條成語
274,數典忘祖,ㄕㄨˇ　ㄉㄧㄢˇ　ㄨㄤˋ　ㄗㄨˇ,比喻人忘本。貶義。,,狐死首丘、飲水思源,,主條成語
275,中流砥柱,ㄓㄨㄥ　ㄌㄧㄡˊ　ㄉㄧˇ　ㄓㄨˋ,比喻獨立不撓、能擔當重任支撐大局的人。,一柱擎天,,中流底柱、砥柱中流,主條成語
276,欲蓋彌彰,ㄩˋ　ㄍㄞˋ　ㄇㄧˊ　ㄓㄤ,形容想要掩飾過失，反而使過失更加顯明。,此地無銀三百兩、弄巧成拙,,欲蓋彌章、欲蓋彌著、欲蓋而彰,主條成語
277,對症下藥,ㄉㄨㄟˋ　ㄓㄥˋ　ㄒㄧㄚˋ　ㄧㄠˋ,針對病症開方用藥。＆比喻針對癥結所在，做有效的處理。,一針見血、切中時弊,隔靴搔癢,因病發藥、對病用藥、對証之藥、對證下藥、對證用藥、對證處方、應病與藥、隨症用藥,主條成語
278,按部就班,ㄢˋ　ㄅㄨˋ　ㄐㄧㄡˋ　ㄅㄢ,比喻做事依照一定的層次、步驟進行。,循序漸進,越次超倫,按步就班,主條成語
279,錦上添花,ㄐㄧㄣˇ　ㄕㄤˋ　ㄊㄧㄢ　ㄏㄨㄚ,比喻美上加美，喜上加喜。,如虎添翼,雪中送炭、落井下石,花添錦上、錦上鋪花,主條成語
280,尾大不掉,ㄨㄟˇ　ㄉㄚˋ　ㄅㄨˋ　ㄉㄧㄠˋ　（變）　ㄨㄟˇ　ㄉㄚˋ　ㄅㄨˊ　ㄉㄧㄠˋ,比喻下屬的勢力強大，在上者難以駕馭。＆比喻事物因輕重關係倒置，形成難以控制的局面。,倒持泰阿,,尾大難掉、末大不掉,主條成語
281,抱殘守缺,ㄅㄠˋ　ㄘㄢˊ　ㄕㄡˇ　ㄑㄩㄝ,比喻固守舊有事物或思想，而不知改進變通。,因循守舊、食古不化、故步自封、墨守成規,不主故常、日新又新、另闢蹊徑、改弦更張、革故鼎新、推陳出新、標新立異,保殘守缺、保殘守闕、守殘保缺、抱殘守闕、抱獨守殘、補殘守缺,主條成語
282,熟能生巧,ㄕㄡˊ　ㄋㄥˊ　ㄕㄥ　ㄑㄧㄠˇ,做事熟練了自然能領悟出其中巧妙的竅門。,,,,主條成語
283,鞭長莫及,ㄅㄧㄢ　ㄔㄤˊ　ㄇㄛˋ　ㄐㄧˊ,比喻力量有所不及。,力不從心、力所不及、力有未逮,力所能及,鞭不及腹,主條成語
284,開卷有益,ㄎㄞ　ㄐㄩㄢˋ　ㄧㄡˇ　ㄧˋ,打開書本閱讀，即能得到好處。,,,展卷有益、開卷有得,主條成語
285,得隴望蜀,ㄉㄜˊ　ㄌㄨㄥˇ　ㄨㄤˋ　ㄕㄨˇ,比喻貪得無厭，不知滿足。,巴蛇吞象、得一望十、得寸進尺、貪心不足、貪得無厭,知足不辱、知足常樂,據隴望蜀,主條成語
286,虎口餘生,ㄏㄨˇ　ㄎㄡˇ　ㄩˊ　ㄕㄥ,比喻冒大險而不死。,九死一生、死裡逃生、劫後餘生,在劫難逃、死於非命,虎口殘生、虎口逃生,主條成語
287,風馬牛不相及,ㄈㄥ　ㄇㄚˇ　ㄋㄧㄡˊ　ㄅㄨˋ　ㄒㄧㄤ　ㄐㄧˊ,比喻事物之間彼此毫不相干。,,休戚相關、息息相關、密不可分,牛馬風、風馬不接、風馬牛、風馬牛不相干、馬牛風,主條成語
288,沾沾自喜,ㄓㄢ　ㄓㄢ　ㄗˋ　ㄒㄧˇ,形容自得自滿的樣子。,自鳴得意、洋洋自得、洋洋得意、詡詡自得,自輕自賤、垂頭喪氣,沾沾自足,主條成語
289,海市蜃樓,ㄏㄞˇ　ㄕˋ　ㄕㄣˋ　ㄌㄡˊ,由於光線折射造成的自然現象或虛幻的影象。＆比喻虛幻的事物。,空中樓閣、虛無縹緲、夢幻泡影、鏡花水月,,蜃樓海市,主條成語
290,口是心非,ㄎㄡˇ　ㄕˋ　ㄒㄧㄣ　ㄈㄟ,指心裡想的和嘴上說的不一致。貶義。,口蜜腹劍、心口不一、言不由衷、陽奉陰違,心口如一,心非口是,主條成語
291,毛遂自薦,ㄇㄠˊ　ㄙㄨㄟˋ　ㄗˋ　ㄐㄧㄢˋ,比喻自告奮勇，自我推薦。,自告奮勇,裹足不前,,主條成語
292,不毛之地,ㄅㄨˋ　ㄇㄠˊ　ㄓ　ㄉㄧˋ,形容荒涼貧瘠的土地。,不食之地,魚米之鄉、膏腴之地,,主條成語
293,大發雷霆,ㄉㄚˋ　ㄈㄚ　ㄌㄟˊ　ㄊㄧㄥˊ,形容大發脾氣，大聲責罵。,怒不可遏、勃然大怒、暴跳如雷,心平氣和、平心靜氣、和顏悅色,雷霆之怒,主條成語
294,外強中乾,ㄨㄞˋ　ㄑㄧㄤˊ　ㄓㄨㄥ　ㄍㄢ,比喻事物看似充實強盛，實則空虛衰弱。,色厲內荏、虛有其表,外柔內剛,中乾外強、外強中枯、外澤中乾、外腴中乾,主條成語
295,聲東擊西,ㄕㄥ　ㄉㄨㄥ　ㄐㄧˊ　ㄒㄧ,以虛張聲勢，來轉移對方的注意力。,出奇制勝、指東打西,直搗黃龍,聲西擊東,主條成語
296,井井有條,ㄐㄧㄥˇ　ㄐㄧㄥˇ　ㄧㄡˇ　ㄊㄧㄠˊ,形容整齊有序，條理分明。,井然有序、有條不紊,亂七八糟、雜亂無章,井井不亂、井井有方、井井有理、井然不紊、井然有序,主條成語
297,六神無主,ㄌㄧㄡˋ　ㄕㄣˊ　ㄨˊ　ㄓㄨˇ,形容心慌意亂，拿不定主意。,不知所措、手足無措、心慌意亂、魂不守舍、張皇失措、驚慌失措,泰然自若、從容不迫,,主條成語
298,平步青雲,ㄆㄧㄥˊ　ㄅㄨˋ　ㄑㄧㄥ　ㄩㄣˊ,比喻順利晉升到很高的地位。,扶搖直上、青雲直上、飛黃騰達,,平地青雲、平步登天、平步青天、青雲平地、青雲平步,主條成語
299,一知半解,ㄧ　ㄓ　ㄅㄢˋ　ㄐㄧㄝˇ　（變）　ㄧˋ　ㄓ　ㄅㄢˋ　ㄐㄧㄝˇ,形容人所知不全，了解不深。,不求甚解,融會貫通,,主條成語
300,自怨自艾,ㄗˋ　ㄩㄢˋ　ㄗˋ　ㄧˋ,形容人消極的埋怨自責。,自嗟自嘆,自鳴得意,,主條成語
301,曲高和寡,ㄑㄩˇ　ㄍㄠ　ㄏㄜˋ　ㄍㄨㄚˇ,比喻無法引起大眾的共鳴。,陽春白雪,一唱百和、下里巴人,唱高和寡、調高和寡,主條成語
302,本末倒置,ㄅㄣˇ　ㄇㄛˋ　ㄉㄠˋ　ㄓˋ,比喻不知事情的輕重緩急。,背本趨末、捨本逐末、輕重倒置,正本溯源、按部就班、循序漸進,,主條成語
303,怨聲載道,ㄩㄢˋ　ㄕㄥ　ㄗㄞˋ　ㄉㄠˋ,形容群眾普遍的怨恨和不滿。,天怒人怨、民怨沸騰,有口皆碑、頌聲載道、歌功頌德,怨囂載道、怨聲滿道、怨聲盈路、怨聲載路、載塗怨讟,主條成語
304,良莠不齊,ㄌㄧㄤˊ　ㄧㄡˋ　ㄅㄨˋ　ㄑㄧˊ,好壞參差，素質不一。,參差不齊、龍蛇混雜,,良莠不一、良莠不分、良莠淆雜,主條成語
305,指桑罵槐,ㄓˇ　ㄙㄤ　ㄇㄚˋ　ㄏㄨㄞˊ,比喻拐彎抹角地罵人。,,呼名叫陣、直言不諱、開門見山,指桑說槐,主條成語
306,忍氣吞聲,ㄖㄣˇ　ㄑㄧˋ　ㄊㄨㄣ　ㄕㄥ,形容受了氣也強自忍耐，不敢作聲抗爭。,含垢忍辱、忍辱負重、委曲求全、逆來順受、飲恨吞聲,忍無可忍,吞聲忍氣、吞聲飲氣、氣忍聲吞、聲吞氣忍、銜泣吞聲、銜聲茹氣、飲氣吞聲,主條成語
307,投桃報李,ㄊㄡˊ　ㄊㄠˊ　ㄅㄠˋ　ㄌㄧˇ,比喻朋友間友好往來或相互贈答。,禮尚往來,水火不容,報李投桃、投珠報玉、桃來李答,主條成語
308,空前絕後,ㄎㄨㄥ　ㄑㄧㄢˊ　ㄐㄩㄝˊ　ㄏㄡˋ,比喻超越古今，無與倫比。,亙古未有、空前未有、無與倫比、絕無僅有、獨一無二、舉世無雙,比比皆是、司空見慣、史不絕書、多如牛毛、俯拾即是、屢見不鮮,冠前絕後、冠絕前後、掩前絕後、絕後空前、超前絕後,主條成語
309,水乳交融,ㄕㄨㄟˇ　ㄖㄨˇ　ㄐㄧㄠ　ㄖㄨㄥˊ,比喻彼此關係密切，契合無間。,如膠似漆、形影不離、情投意合、渾然一體,水火不容、反目成仇、水米無交、冰炭不容、格格不入、針鋒相對、誓不兩立,交融水乳、水乳之合、水乳之契、水乳相和、水乳相資,主條成語
310,否極泰來,ㄆㄧˇ　ㄐㄧˊ　ㄊㄞˋ　ㄌㄞˊ,情況由壞逐漸好轉。,物極必反、苦盡甘來、時來運轉、雲開見日,泰極而否、福過災生、樂極生悲,否去泰來、否往泰來、否極泰遇、否極生泰、否終則泰、否終而泰、泰來否往、泰來否極、泰去否來,主條成語
311,飲水思源,ㄧㄣˇ　ㄕㄨㄟˇ　ㄙ　ㄩㄢˊ,比喻人不忘本。,報本反始,,飲水知源、飲流懷源,主條成語
312,夜以繼日,ㄧㄝˋ　ㄧˇ　ㄐㄧˋ　ㄖˋ,形容工作勤奮，日夜不停。,夙夜匪懈、通宵達旦、焚膏繼晷、廢寢忘食,,以夜繼日、以日繼夜、夜以接日、夜以繼晝,主條成語
313,防微杜漸,ㄈㄤˊ　ㄨㄟˊ　ㄉㄨˋ　ㄐㄧㄢˋ,防範弊病要從小地方著手，並制止弊端逐漸擴大。,未雨綢繆、曲突徙薪、防患未然,江心補漏、臨陣磨槍、臨渴掘井,杜漸防微、杜漸防萌、杜漸除微、防微慮萌、防萌杜漸,主條成語
314,岌岌可危,ㄐㄧˊ　ㄐㄧˊ　ㄎㄜˇ　ㄨㄟˊ,形容非常危險。,千鈞一髮、危在旦夕、危如累卵、搖搖欲墜,安如泰山、安如磐石、固若金湯,,主條成語
315,克紹箕裘,ㄎㄜˋ　ㄕㄠˋ　ㄐㄧ　ㄑㄧㄡˊ,比喻能繼承父業。＆比喻能繼承師業。,克家令子、繼志述事、繼志述事,,不墮箕裘、箕裘不墜、箕裘之紹、箕裘相繼,主條成語
316,兩敗俱傷,ㄌㄧㄤˇ　ㄅㄞˋ　ㄐㄩˋ　ㄕㄤ,比喻兩者相爭，俱受損傷。,鷸蚌相爭,,俱傷兩敗,主條成語
317,兩全其美,ㄌㄧㄤˇ　ㄑㄩㄢˊ　ㄑㄧˊ　ㄇㄟˇ,做事顧全雙方，使兩方面都有獲益。,一箭雙鵰、一舉兩得,顧此失彼,,主條成語
318,才高八斗,ㄘㄞˊ　ㄍㄠ　ㄅㄚ　ㄉㄡˇ,比喻人才學極高。,立地書櫥、腹笥便便、飽學之士、滿腹經綸、學富五車,才疏學淺、不學無術、不識之無、目不識丁、胸無點墨、腹笥甚窘,八斗之才、八斗才、才傾八斗、才富八斗,主條成語
319,沽名釣譽,ㄍㄨ　ㄇㄧㄥˊ　ㄉㄧㄠˋ　ㄩˋ,形容故意做作，用手段謀取名聲和讚譽。,欺世盜名、盜名竊譽,不求聞達、實至名歸,吊譽沽名、沽名吊譽、沽名干譽、沽名弔譽、沽名邀譽、釣名沽譽、釣譽沽名,主條成語
320,盲人摸象,ㄇㄤˊ　ㄖㄣˊ　ㄇㄛ　ㄒㄧㄤˋ,比喻以偏概全，未能洞明真相。貶義。,,,三盲摸象、摸象眾盲、盲人說象、眾盲摸象,主條成語
321,因陋就簡,ㄧㄣ　ㄌㄡˋ　ㄐㄧㄡˋ　ㄐㄧㄢˇ,比喻做事馬虎，不力求完善美備。＆比喻因循或遷就簡陋的現實環境去做事。,敷衍了事,鋪張浪費、繁文縟節,因陋就寡、因陋就隘、將陋就簡,主條成語
322,見獵心喜,ㄐㄧㄢˋ　ㄌㄧㄝˋ　ㄒㄧㄣ　ㄒㄧˇ,比喻舊習難忘，看見有人在做自己所愛好的事情，便心情愉悅而躍躍欲試。＆見到喜愛事物而心中欣喜。,,,獵心復萌,主條成語
323,以訛傳訛,ㄧˇ　ㄜˊ　ㄔㄨㄢˊ　ㄜˊ,指將不正確的訊息繼續傳播下去。,道聽塗說,言之鑿鑿,訛以傳訛,主條成語
324,一落千丈,ㄧ　ㄌㄨㄛˋ　ㄑㄧㄢ　ㄓㄤˋ　（變）　ㄧˊ　ㄌㄨㄛˋ　ㄑㄧㄢ　ㄓㄤˋ,指聲音由高驟然下降到很低。＆比喻成績、地位、景況、情緒或聲望等急遽下降。,一瀉千里、江河日下,一飛沖天、一飛沖天、扶搖直上,千丈一落,主條成語
325,信口開河,ㄒㄧㄣˋ　ㄎㄡˇ　ㄎㄞ　ㄏㄜˊ,比喻隨口亂說。,一簧兩舌、口不擇言、信口雌黃、胡言亂語、胡說八道,言之鑿鑿、言必有據,信口開合、信口開喝,主條成語
326,欣欣向榮,ㄒㄧㄣ　ㄒㄧㄣ　ㄒㄧㄤˋ　ㄖㄨㄥˊ,形容草木繁盛的樣子。＆比喻事物蓬勃發展、繁榮興盛。,生意盎然、生機勃勃、芳草萋萋、離離蔚蔚、鬱鬱蒼蒼、朝氣蓬勃,奄奄一息、氣息奄奄、死氣沉沉,,主條成語
327,巧取豪奪,ㄑㄧㄠˇ　ㄑㄩˇ　ㄏㄠˊ　ㄉㄨㄛˊ,形容不擇手段的取得權利、財物。,,一介不取,巧偷豪奪、巧取強奪、豪奪巧取,主條成語
328,虎視眈眈,ㄏㄨˇ　ㄕˋ　ㄉㄢ　ㄉㄢ,比喻心懷不軌，伺機掠奪。,虎視鷹瞵、鷹瞵鶚視,,眈眈虎視,主條成語
329,怨天尤人,ㄩㄢˋ　ㄊㄧㄢ　ㄧㄡˊ　ㄖㄣˊ,比喻面對不如意時，一味地歸咎客觀環境，而不能自我檢討。,怨天怨地、埋天怨地,反求諸己、引咎自責,,主條成語
330,水泄不通,ㄕㄨㄟˇ　ㄒㄧㄝˋ　ㄅㄨˋ　ㄊㄨㄥ,形容包圍得極為嚴密。＆形容擁擠不堪。,人山人海、摩肩接踵,暢通無阻,水息不通、水泄不漏、水洩不通,主條成語
331,一氣呵成,ㄧ　ㄑㄧˋ　ㄏㄜ　ㄔㄥˊ　（變）　ㄧˊ　ㄑㄧˋ　ㄏㄜ　ㄔㄥˊ,比喻文章的氣勢流暢，首尾貫通。 ＆比喻事情進行得順暢緊湊而不間斷。,一揮而就,,,主條成語
332,觸類旁通,ㄔㄨˋ　ㄌㄟˋ　ㄆㄤˊ　ㄊㄨㄥ,謂據已知事物的認識與理解，進而通達對其他類似事物的認知。,聞一知十、舉一反三,刻舟求劍、食古不化,觸類可通、觸類而長,主條成語
333,殺雞取卵,ㄕㄚ　ㄐㄧ　ㄑㄩˇ　ㄌㄨㄢˇ,比喻為貪圖眼前的好處而斷絕了長遠的利益。,焚林而獵、竭澤而漁,深謀遠慮,,主條成語
334,面面相覷,ㄇㄧㄢˋ　ㄇㄧㄢˋ　ㄒㄧㄤ　ㄑㄩˋ,形容驚懼、詫異而不知所措的樣子。,目瞪口呆、相顧失色,泰然處之,面面廝覷、面面相窺,主條成語
335,一針見血,ㄧ　ㄓㄣ　ㄐㄧㄢˋ　ㄒㄧㄝˇ　（變）　ㄧˋ　ㄓㄣ　ㄐㄧㄢˋ　ㄒㄧㄝˇ,比喻言論簡潔透澈，深中肯綮。,一語中的、一語破的、一語道破,不著邊際、游談無根、隔靴搔癢,一刀見血,主條成語
336,老生常談,ㄌㄠˇ　ㄕㄥ　ㄔㄤˊ　ㄊㄢˊ,比喻時常聽到，了無新意的老話。,千篇一律、老調重彈、陳腔濫調,自出機杼、別出心裁、聞所未聞,書生常談、老儒常語、老生常譚,主條成語
337,初出茅廬,ㄔㄨ　ㄔㄨ　ㄇㄠˊ　ㄌㄨˊ,比喻初入社會，缺乏歷練。,初試啼聲、初露頭角、初露鋒芒、涉世未深,老成持重、老馬識途,,主條成語
338,萬籟俱寂,ㄨㄢˋ　ㄌㄞˋ　ㄐㄩˋ　ㄐㄧˊ,萬物無聲，一片寂靜。,鴉雀無聲、闃寂無聲,人聲鼎沸、震耳欲聾,萬籟俱息、萬籟俱空、萬籟無聲,主條成語
339,當頭棒喝,ㄉㄤ　ㄊㄡˊ　ㄅㄤˋ　ㄏㄜˋ,比喻使人立即醒悟的警示。,暮鼓晨鐘、醍醐灌頂,,棒喝當頭、當頭一棒,主條成語
340,完璧歸趙,ㄨㄢˊ　ㄅㄧˋ　ㄍㄨㄟ　ㄓㄠˋ,比喻物歸原主。,物歸原主,據為己有,原璧歸趙、完歸趙璧,主條成語
341,三緘其口,ㄙㄢ　ㄐㄧㄢ　ㄑㄧˊ　ㄎㄡˇ,說話謹慎或不說話。,默默無言、沉默是金,,三緘口,主條成語
342,從容不迫,ㄘㄨㄥ　ㄖㄨㄥˊ　ㄅㄨˋ　ㄆㄛˋ　（變）　ㄘㄨㄥ　ㄖㄨㄥˊ　ㄅㄨˊ　ㄆㄛˋ,形容沉著鎮定不慌張。,不慌不忙、好整以暇、泰然自若、從容自在,手忙腳亂、手足無措、驚慌失措,從容自若,主條成語
343,九牛一毛,ㄐㄧㄡˇ　ㄋㄧㄡˊ　ㄧ　ㄇㄠˊ　（變）　ㄐㄧㄡˇ　ㄋㄧㄡˊ　ㄧˋ　ㄇㄠˊ,比喻極大數量中的一小部分。,太倉一粟、太倉稊米、滄海一粟、微不足道、微乎其微,盈千累萬,牛之一毛,主條成語
344,滄海遺珠,ㄘㄤ　ㄏㄞˇ　ㄧˊ　ㄓㄨ,比喻被埋沒的人才或珍貴事物。,懷才不遇,珊瑚在網、野無遺賢,珠沉滄海、珠遺滄海、遺珠滄海,主條成語
345,鐵面無私,ㄊㄧㄝˇ　ㄇㄧㄢˋ　ㄨˊ　ㄙ,公正嚴明而不偏私。褒義。,大公無私、守正不阿、鐵面無情,徇私舞弊、徇情枉法、假公濟私,,主條成語
346,望眼欲穿,ㄨㄤˋ　ㄧㄢˇ　ㄩˋ　ㄔㄨㄢ,形容盼望極其深切。,望穿秋水、眼穿腸斷,不聞不問、無動於衷、漠不關心、漠然置之,望眼將穿、望眼應穿、望眼穿,主條成語
347,笑容可掬,ㄒㄧㄠˋ　ㄖㄨㄥˊ　ㄎㄜˇ　ㄐㄩˊ,形容笑容滿面的樣子。,眉開眼笑、笑逐顏開、喜形於色、喜笑顏開,咬牙切齒、悲不自勝、愁眉苦臉、滿面愁容,喜容可掬,主條成語
348,揮金如土,ㄏㄨㄟ　ㄐㄧㄣ　ㄖㄨˊ　ㄊㄨˇ,比喻極端浪費錢財。,一擲千金、日食萬錢、揮霍無度,一毛不拔、克勤克儉、愛財如命、鐵公雞,揮金似土,主條成語
349,爐火純青,ㄌㄨˊ　ㄏㄨㄛˇ　ㄔㄨㄣˊ　ㄑㄧㄥ,比喻學問、技術、功夫等到達精純完美的境地。褒義。,出神入化、鬼斧神工,,,主條成語
350,魚目混珠,ㄩˊ　ㄇㄨˋ　ㄏㄨㄣˋ　ㄓㄨ,比喻以假亂真。,以假亂真、濫竽充數,貨真價實,魚目亂珠、魚目入珠、魚目混珍、魚目為珠,主條成語
351,嗤之以鼻,ㄔ　ㄓ　ㄧˇ　ㄅㄧˊ,指用鼻子哼氣譏笑某一人事物以表示不屑、鄙視。,不屑一顧,另眼相看,,主條成語
352,駕輕就熟,ㄐㄧㄚˋ　ㄑㄧㄥ　ㄐㄧㄡˋ　ㄕㄡˊ,比喻對事情很熟悉，做起來很輕鬆。,得心應手、熟能生巧、熟路輕轍,,就熟駕輕、熟路輕車、輕車熟路,主條成語
353,鴉雀無聲,ㄧㄚ　ㄑㄩㄝˋ　ㄨˊ　ㄕㄥ,形容非常寂靜。,萬籟俱寂、闃寂無聲,人聲鼎沸、轟然雷動,悄不聞鴉、鴉雀無聞、鴉鵲無聲、鴉默雀靜,主條成語
354,舉棋不定,ㄐㄩˇ　ㄑㄧˊ　ㄅㄨˋ　ㄉㄧㄥˋ　（變）　ㄐㄩˇ　ㄑㄧˊ　ㄅㄨˊ　ㄉㄧㄥˋ,拿著棋子，不能決定下一步怎樣下。＆比喻做事猶豫不決，拿不定主意。,猶豫不決、優柔寡斷,當機立斷,,主條成語
355,痛定思痛,ㄊㄨㄥˋ　ㄉㄧㄥˋ　ㄙ　ㄊㄨㄥˋ,事後追思當時所遭之痛苦，也不知如何處理，而更加傷心。＆比喻吸取慘痛教訓，警惕未來。,,至死不悟、重蹈覆轍,痛減思痛,主條成語
356,黔驢技窮,ㄑㄧㄢˊ　ㄌㄩˊ　ㄐㄧˋ　ㄑㄩㄥˊ,比喻人拙劣的技能已經用完，再也無計可施了。,技止此耳、梧鼠技窮,神通廣大,黔驢之伎、黔驢之技、黔驢技盡,主條成語
357,孜孜不倦,ㄗ　ㄗ　ㄅㄨˋ　ㄐㄩㄢˋ　（變）　ㄗ　ㄗ　ㄅㄨˊ　ㄐㄩㄢˋ,指勤勉而不知疲倦。,,一暴十寒、無所用心、飽食終日,孜孜不怠、孳孳不倦、殷殷不倦,主條成語
358,急流勇退,ㄐㄧˊ　ㄌㄧㄡˊ　ㄩㄥˇ　ㄊㄨㄟˋ,在湍急的水勢中，當機立斷，回舟退出。＆比喻人處於得意順遂時及時隱退。,功成身退、適可而止,壯心不已,勇退急流,主條成語
359,赴湯蹈火,ㄈㄨˋ　ㄊㄤ　ㄉㄠˋ　ㄏㄨㄛˇ,比喻奮不顧身，不避艱險。,出生入死、肝腦塗地、粉身碎骨、奮不顧身,畏縮不前、貪生怕死,探湯赴火、探湯蹈火、赴湯投火、赴湯跳火、赴蹈湯火、蹈湯赴火、蹈赴湯火,主條成語
360,生吞活剝,ㄕㄥ　ㄊㄨㄣ　ㄏㄨㄛˊ　ㄅㄛ,比喻做學問或學習某事，只一味襲用他人的經驗或成果，而不求甚解。貶義。＆不加烹煮而生食。,不求甚解、生搬硬套、囫圇吞棗,融會貫通,活剝生吞,主條成語
361,暴虎馮河,ㄅㄠˋ　ㄏㄨˇ　ㄆㄧㄥˊ　ㄏㄜˊ,比喻人有勇而無謀。貶義。,有勇無謀、勇而無謀,智勇雙全、臨事而懼,憑河暴虎、暴虎憑河、馮河暴虎,主條成語
362,喋喋不休,ㄉㄧㄝˊ　ㄉㄧㄝˊ　ㄅㄨˋ　ㄒㄧㄡ,形容話多，沒完沒了。,呶呶不休、絮絮叨叨、嘵嘵不休,三緘其口、守口如瓶、沉默寡言、噤若寒蟬、默不作聲、默默無言,喋喋不已,主條成語
363,包藏禍心,ㄅㄠ　ㄘㄤˊ　ㄏㄨㄛˋ　ㄒㄧㄣ,懷藏詭計，圖謀害人。貶義。,心術不正、心懷鬼胎、居心叵測、圖謀不軌,,包藏姦心、包藏禍胎、包藏逆心、苞藏禍心,主條成語
364,四海為家,ㄙˋ　ㄏㄞˇ　ㄨㄟˊ　ㄐㄧㄚ,形容富有四海，天下一家。＆比喻人漂泊不定，居無定所。,天下為家、浪跡天涯、浪跡浮蹤、斷梗飄蓬,,,主條成語
365,請君入甕,ㄑㄧㄥˇ　ㄐㄩㄣ　ㄖㄨˋ　ㄨㄥˋ,比喻以其人之法，還治其人之身。＆比喻使人陷入已設計好的圈套。,以其人之道、還治其人之身、自作自受、作法自斃,,,主條成語
366,聞雞起舞,ㄨㄣˊ　ㄐㄧ　ㄑㄧˇ　ㄨˇ,比喻把握時機，及時奮起行動。,奮發圖強,,聞雞舞、雞鳴起舞,主條成語
367,旗鼓相當,ㄑㄧˊ　ㄍㄨˇ　ㄒㄧㄤ　ㄉㄤ,比喻雙方勢均力敵。,工力悉敵、不分軒輊、平分秋色、棋逢敵手、銖兩悉稱、勢均力敵,天淵之別、天壤之別,鼓旗相當,主條成語
368,倒行逆施,ㄉㄠˋ　ㄒㄧㄥˊ　ㄋㄧˋ　ㄕ,比喻不按照情理行事。＆比喻胡作非為的罪惡行為。,逆理違天、胡作非為、逆理違天、悖禮犯義,順天應人,逆施倒行、逆行倒施,主條成語
369,差強人意,ㄔㄚ　ㄑㄧㄤˊ　ㄖㄣˊ　ㄧˋ,比喻雖然不夠好，但大體上還能讓人滿意。,,,差強意,主條成語
370,樂不可支,ㄌㄜˋ　ㄅㄨˋ　ㄎㄜˇ　ㄓ,形容快樂到了極點。,手舞足蹈、喜不自勝、樂不可言、興高采烈、歡欣鼓舞,苦不堪言、柔腸寸斷、悲不自勝、痛不欲生,,主條成語
371,談虎色變,ㄊㄢˊ　ㄏㄨˇ　ㄙㄜˋ　ㄅㄧㄢˋ,比喻一提及某事就非常害怕。,心有餘悸、聞風喪膽,泰然自若,,主條成語
372,分道揚鑣,ㄈㄣ　ㄉㄠˋ　ㄧㄤˊ　ㄅㄧㄠ,形容各走各的路。＆比喻人依其志向，各奔前程。,各奔東西、各奔東西、各奔前程,並行不悖、齊頭並進、志同道合,分路揚鑣、揚鑣分路,主條成語
373,曇花一現,ㄊㄢˊ　ㄏㄨㄚ　ㄧ　ㄒㄧㄢˋ　（變）　ㄊㄢˊ　ㄏㄨㄚ　ㄧˊ　ㄒㄧㄢˋ,人或事物一出現便迅速消失。,好景不常、浮雲朝露、電光石火、過眼雲煙,千秋萬世、日久天長,一現曇花,主條成語
374,禮尚往來,ㄌㄧˇ　ㄕㄤˋ　ㄨㄤˇ　ㄌㄞˊ,比喻別人以禮相待，也要以禮回報。＆指你對我怎麼樣，我也對你怎麼樣。,投桃報李,水火不容,禮有往來,主條成語
375,節外生枝,ㄐㄧㄝˊ　ㄨㄞˋ　ㄕㄥ　ㄓ,比喻事外復生事端。,橫生枝節,一帆風順,節上生枝、節外生事、題外生枝,主條成語
376,高朋滿座,ㄍㄠ　ㄆㄥˊ　ㄇㄢˇ　ㄗㄨㄛˋ,形容賓客眾多。,門庭若市、座無虛席、賓客盈門,門可羅雀、門前冷落、青蠅弔客,賓朋滿座,主條成語
377,腳踏實地,ㄐㄧㄠˇ　ㄊㄚˋ　ㄕˊ　ㄉㄧˋ,比喻做事切實穩健。,實事求是、穩紮穩打,好大喜功、好高騖遠,腳踹實地、足履實地、足踏實地,主條成語
378,前功盡棄,ㄑㄧㄢˊ　ㄍㄨㄥ　ㄐㄧㄣˋ　ㄑㄧˋ,指以前辛苦獲得的成果，全部廢棄。,半途而廢、功敗垂成、功虧一簣、盡付東流,大功告成,前功併棄、前功必棄、前功皆棄、前功盡廢、前功盡滅、前勞盡棄,主條成語
379,招搖過市,ㄓㄠ　ㄧㄠˊ　ㄍㄨㄛˋ　ㄕˋ,指故意在人多的地方炫耀自己，以引人注意。,大搖大擺、前呼後擁,深藏若虛、韜光養晦,過市招搖,主條成語
380,井底之蛙,ㄐㄧㄥˇ　ㄉㄧˇ　ㄓ　ㄨㄚ,比喻見識淺薄的人。,坐井觀天、管中窺豹、管窺蠡測、牖中窺日,見多識廣、高瞻遠矚、博古通今,井中蛙、井底蝦蟆、井蛙之見、坎井之蛙、埳井之蛙,主條成語
381,梁上君子,ㄌㄧㄤˊ　ㄕㄤˋ　ㄐㄩㄣ　ㄗˇ,竊賊的代稱。,,正人君子,,主條成語
382,畫龍點睛,ㄏㄨㄚˋ　ㄌㄨㄥˊ　ㄉㄧㄢˇ　ㄐㄧㄥ,比喻繪畫、作文時在最重要之處加上一筆，使全體更加生動傳神。＆比喻做事能握要點，讓整件事更加圓滿。,,,點龍睛,主條成語
383,五十步笑百步,ㄨˇ　ㄕˊ　ㄅㄨˋ　ㄒㄧㄠˋ　ㄅㄞˇ　ㄅㄨˋ,比喻自己和別人有同樣的缺點或錯誤，卻自以為是而譏笑別人。,半斤八兩、相去無幾,天壤之別,五十步、五十笑百、百步五十步之間,主條成語
384,寄人籬下,ㄐㄧˋ　ㄖㄣˊ　ㄌㄧˊ　ㄒㄧㄚˋ,寄居他人屋下生活，不能自立。＆比喻作品因襲守舊，不能自創一格。,仰人鼻息、依人作嫁,自力更生、自立門戶、自食其力、獨樹一幟,依人籬下、依人藩籬、傍人籬落、傍人門戶,主條成語
385,開源節流,ㄎㄞ　ㄩㄢˊ　ㄐㄧㄝˊ　ㄌㄧㄡˊ,開發財源，節省支出，以儲蓄財力。,強本節用、澄源節流,坐吃山空,節流開源,主條成語
386,既往不咎,ㄐㄧˋ　ㄨㄤˇ　ㄅㄨˋ　ㄐㄧㄡˋ　（變）　ㄐㄧˋ　ㄨㄤˇ　ㄅㄨˊ　ㄐㄧㄡˋ,對過去的錯誤不再追究責難。,,嚴懲不貸,不咎既往、既往不究、既往不追,主條成語
387,興高采烈,ㄒㄧㄥˋ　ㄍㄠ　ㄘㄞˇ　ㄌㄧㄝˋ,形容興致勃勃，情緒熱烈的樣子。,手舞足蹈、歡天喜地、歡欣鼓舞,灰心喪氣、沒精打采、長吁短嘆、悶悶不樂、意興闌珊、興味索然、鬱鬱寡歡,興高彩烈,主條成語
388,張冠李戴,ㄓㄤ　ㄍㄨㄢ　ㄌㄧˇ　ㄉㄞˋ,比喻認錯對象或弄錯事情。,,,李戴張帽,主條成語
389,不入虎穴，焉得虎子,ㄅㄨˋ　ㄖㄨˋ　ㄏㄨˇ　ㄒㄩㄝˋ　ㄧㄢ　ㄉㄜˊ　ㄏㄨˇ　ㄗˇ　（變）　ㄅㄨˊ　ㄖㄨˋ　ㄏㄨˇ　ㄒㄩㄝˋ　ㄧㄢ　ㄉㄜˊ　ㄏㄨˇ　ㄗˇ,比喻想要達到目標就必須冒險。,,知難而退,不入獸穴，安得獸子、不入虎穴，不得虎子、不探虎穴，安得虎子、入虎穴得虎子、虎穴得子,主條成語
390,匹夫之勇,ㄆㄧˇ　ㄈㄨ　ㄓ　ㄩㄥˇ,形容人有勇無謀。,有勇無謀、血氣之勇、暴虎馮河,智勇雙全,,主條成語
391,食言而肥,ㄕˊ　ㄧㄢˊ　ㄦˊ　ㄈㄟˊ,比喻經常說話都不守信用。貶義。,出爾反爾、自食其言、言而無信,一言九鼎、一諾千金、言而有信,,主條成語
392,伯仲之間,ㄅㄛˊ　ㄓㄨㄥˋ　ㄓ　ㄐㄧㄢ,形容人才能相當，不相上下。,不分軒輊、不相上下、平分秋色、勢均力敵、旗鼓相當,大相逕庭、天差地遠、天淵之別、天壤之別、天懸地隔,伯仲間,主條成語
393,走投無路,ㄗㄡˇ　ㄊㄡˊ　ㄨˊ　ㄌㄨˋ,形容處境窘困。,山窮水盡、日暮途窮、窮途末路,柳暗花明、絕處逢生,走投沒路、走頭沒路、走頭無路,主條成語
394,呼風喚雨,ㄏㄨ　ㄈㄥ　ㄏㄨㄢˋ　ㄩˇ,指人有召喚風雨的法力。＆比喻人神通廣大、影響力深遠。,扭轉乾坤、神通廣大、興雲致雨,,喚雨呼風,主條成語
395,茅塞頓開,ㄇㄠˊ　ㄙㄜˋ　ㄉㄨㄣˋ　ㄎㄞ,比喻閉塞的心思，頓時豁然醒悟。,恍然大悟、撥雲見日、豁然貫通、豁然開朗,大惑不解、百思不解、茫然不解、莫名其妙,茅塞頓啟、開茅塞、頓開茅塞,主條成語
396,生靈塗炭,ㄕㄥ　ㄌㄧㄥˊ　ㄊㄨˊ　ㄊㄢˋ,形容人民處於極端艱苦的困境。,水深火熱、民不聊生、赤地千里、哀鴻遍野,四海昇平、安居樂業、國泰民安、豐衣足食,塗炭生民、塗炭生靈、民墜塗炭、民生塗炭、生民塗炭、生靈塗地、生齒塗炭,主條成語
397,登峰造極,ㄉㄥ　ㄈㄥ　ㄗㄠˋ　ㄐㄧˊ,登上山峰，到達絕頂。＆比喻成就達到極點或造詣高深精絕。,出神入化、超凡入聖、盡善盡美,,造極登峰,主條成語
398,正襟危坐,ㄓㄥˋ　ㄐㄧㄣ　ㄨㄟˊ　ㄗㄨㄛˋ,形容莊重誠敬的樣子。,威儀孔時,回頭掣腦、威儀不肅,整襟危坐、歛襟危坐、正襟安坐、肅襟危坐,主條成語
399,目中無人,ㄇㄨˋ　ㄓㄨㄥ　ㄨˊ　ㄖㄣˊ,形容人高傲自大，瞧不起別人。貶義。,不可一世、目空一切、目無餘子、妄自尊大、夜郎自大、旁若無人、唯我獨尊,虛己受人、虛懷若谷,眼無人,主條成語
400,順水推舟,ㄕㄨㄣˋ　ㄕㄨㄟˇ　ㄊㄨㄟ　ㄓㄡ,比喻順應情勢行事。,因利乘便、因勢利導,逆水行舟,借水推船、趁水推舟、順水推船、順水放船、順水流舟、順水行舟,主條成語
401,節衣縮食,ㄐㄧㄝˊ　ㄧ　ㄙㄨㄛ　ㄕˊ,用來形容生活節儉。,布衣蔬食、省吃儉用,花天酒地、揮霍無度、窮奢極侈,殺衣縮食、節縮衣食、節食縮衣、縮衣節口、縮衣節食,主條成語
402,招搖撞騙,ㄓㄠ　ㄧㄠˊ　ㄓㄨㄤˋ　ㄆㄧㄢˋ,形容借名炫耀，到處詐騙。,,,撞騙招搖,主條成語
403,杯盤狼藉,ㄅㄟ　ㄆㄢˊ　ㄌㄤˊ　ㄐㄧˊ,形容宴飲進行或結束時，杯盤散亂的情形。,,,杯盤狼籍、狼籍盃盤,主條成語
404,游刃有餘,ㄧㄡˊ　ㄖㄣˋ　ㄧㄡˇ　ㄩˊ,,,,,非主條成語
405,懸崖勒馬,ㄒㄩㄢˊ　ㄧㄞˊ　ㄌㄜˋ　ㄇㄚˇ,比喻到了危險的邊緣而及時回頭。,浪子回頭、迷途知返,至死不悟、執迷不悟,勒馬懸崖、臨崖勒馬,主條成語
406,肆無忌憚,ㄙˋ　ㄨˊ　ㄐㄧˋ　ㄉㄢˋ,形容人恣意妄為，毫無顧忌。,為所欲為、肆意妄為、橫行無忌,安分守己、循規蹈矩、謹言慎行,一無忌憚、全無忌憚、無忌憚、略無忌憚、百無忌憚、益無忌憚,主條成語
407,手不釋卷,ㄕㄡˇ　ㄅㄨˋ　ㄕˋ　ㄐㄩㄢˋ　（變）　ㄕㄡˇ　ㄅㄨˊ　ㄕˋ　ㄐㄩㄢˋ,形容人勤奮好學。,孜孜不倦、學而不厭,一曝十寒、三天打魚、兩天曬網,卷不輟手、手不輟卷、手卷不釋,主條成語
408,春風得意,ㄔㄨㄣ　ㄈㄥ　ㄉㄜˊ　ㄧˋ,指考中後稱心如意的感受。＆形容人因事情如願以償而心情愉悅滿足。,志得意滿、得意洋洋、洋洋自得、躊躇滿志,灰心喪氣、垂頭喪氣、鬱鬱寡歡,,主條成語
409,不足掛齒,ㄅㄨˋ　ㄗㄨˊ　ㄍㄨㄚˋ　ㄔˇ,指人或事物輕微，不值得一提。,不足齒數、不值一提、微不足道,非同小可、舉足輕重,何足掛齒、無足挂齒,主條成語
410,不識時務,ㄅㄨˋ　ㄕˋ　ㄕˊ　ㄨˋ　（變）　ㄅㄨˊ　ㄕˋ　ㄕˊ　ㄨˋ,比喻不知利用時運以求通達。＆形容不了解眼前狀況的愚魯態度。,不合時宜、不知好歹、不知進退,識時達務,不識時變、不達時務,主條成語
411,石破天驚,ㄕˊ　ㄆㄛˋ　ㄊㄧㄢ　ㄐㄧㄥ,形容樂器彈奏出來的聲音高亢激越。＆用來形容事物或言論新奇驚人。,出人意表、擲地有聲、驚天動地,平淡無奇、語不驚人,天驚石破,主條成語
412,覆水難收,ㄈㄨˋ　ㄕㄨㄟˇ　ㄋㄢˊ　ㄕㄡ,比喻離異的夫妻很難再復合。 ＆比喻既定的事實很難再改變。,木已成舟、反水不收、生米煮成熟飯,破鏡重圓,水覆難收、潑水難收,主條成語
413,難兄難弟,（一）ㄋㄢˊ　ㄒㄩㄥ　ㄋㄢˊ　ㄉㄧˋ（二）ㄋㄢˋ　ㄒㄩㄥ　ㄋㄢˋ　ㄉㄧˋ,形容兄弟二人才德相當，難分高下。（難，音ㄋㄢˊ）＆諷刺兩人同樣差勁，表現差不多。（難，音ㄋㄢˊ）＆形容同處困境、共同患難的朋友。（難，音ㄋㄢˋ）,一丘之貉、患難之交、患難與共,,元方季方、難弟難兄,主條成語
414,海闊天空,ㄏㄞˇ　ㄎㄨㄛˋ　ㄊㄧㄢ　ㄎㄨㄥ,形容天地遼闊而無邊際。＆比喻心胸開闊、心情開朗＆形容無拘無束，漫無邊際的樣子。,無邊無際、天南地北、不著邊際、海說神聊、漫無邊際,,天空地闊、天空海闊、水闊天空、海闊天高,主條成語
415,偷天換日,ㄊㄡ　ㄊㄧㄢ　ㄏㄨㄢˋ　ㄖˋ,比喻騙局之大與技巧之妙。,弄虛作假、魚目混珠、移花接木、偷梁換柱,光明磊落、貨真價實,換日偷天,主條成語
416,七上八下,ㄑㄧ　ㄕㄤˋ　ㄅㄚ　ㄒㄧㄚˋ,形容心情起伏不定、忐忑不安。,心神不定、六神無主、如坐針氈、坐立不安、忐忑不安、惴惴不安,心安神泰、泰然自若、泰然處之,七上八落,主條成語
417,孤芳自賞,ㄍㄨ　ㄈㄤ　ㄗˋ　ㄕㄤˇ,比喻自命清高，自我欣賞。,古調獨彈、自命不凡、自命清高、孤高自許,自慚形穢,孤芳自愛,主條成語
418,束手無策,ㄕㄨˋ　ㄕㄡˇ　ㄨˊ　ㄘㄜˋ,比喻面對問題時，毫無解決的辦法。,一籌莫展、手足無措、計無所出、無計可施,急中生智、計出萬全、胸有成竹、錦囊妙計、應付裕如,拱手無措、束手無措、束手無計、束手無謀、袖手無策,主條成語
419,心心相印,ㄒㄧㄣ　ㄒㄧㄣ　ㄒㄧㄤ　ㄧㄣˋ,比喻彼此心意互通。,同心合意、情投意合,同床異夢、格格不入、貌合神離,,主條成語
420,空穴來風,ㄎㄨㄥ　ㄒㄩㄝˋ　ㄌㄞˊ　ㄈㄥ,比喻事出有因，流言乘隙而入。＆比喻憑空捏造不實的傳言。,流言蜚語、捕風捉影、無中生有、無風起浪、無稽之談,有案可稽、無風不起浪、實事求是,,主條成語
421,步步為營,ㄅㄨˋ　ㄅㄨˋ　ㄨㄟˊ　ㄧㄥˊ,比喻行動謹慎，防備周全。,穩紮穩打,橫衝直撞,,主條成語
422,坐以待斃,ㄗㄨㄛˋ　ㄧˇ　ㄉㄞˋ　ㄅㄧˋ,比喻面臨危難，不採取積極的應變措施，只坐等敗亡。,引頸受戮、束手待斃、束手就擒,困獸猶鬥、垂死掙扎、負嵎頑抗,坐待焚滅、坐而待弊、坐而待斃、坐而待死、安坐待斃,主條成語
423,一舉兩得,ㄧ　ㄐㄩˇ　ㄌㄧㄤˇ　ㄉㄜˊ　（變）　ㄧˋ　ㄐㄩˇ　ㄌㄧㄤˇ　ㄉㄜˊ,比喻做一件事，同時有兩方面的收穫。,一石二鳥、一箭雙雕、事半功倍,一無所得、事倍功半、徒勞無功、顧此失彼,一舉兩便、一舉兩全、一舉兩利,主條成語
424,心照不宣,ㄒㄧㄣ　ㄓㄠˋ　ㄅㄨˋ　ㄒㄩㄢ,彼此心裡明白，不必言語說明。,心知肚明、心照神交、心領神會,,,主條成語
425,一介不取,ㄧ　ㄐㄧㄝˋ　ㄅㄨˋ　ㄑㄩˇ　（變）　ㄧˊ　ㄐㄧㄝˋ　ㄅㄨˋ　ㄑㄩˇ,形容人的操守非常清廉。,臨財不苟,中飽私囊、見利忘義、貪得無厭,不取一芥,主條成語
426,守口如瓶,ㄕㄡˇ　ㄎㄡˇ　ㄖㄨˊ　ㄆㄧㄥˊ,比喻嚴守祕密。,三緘其口、隻字不提、祕而不宣、緘口不言、諱莫如深,直言不諱、直言無隱、和盤托出,緘口如瓶,主條成語
427,人云亦云,ㄖㄣˊ　ㄩㄣˊ　ㄧˋ　ㄩㄣˊ,形容沒有獨自的見解，只會盲從跟隨。,一犬吠形、百犬吠聲、吠影吠聲、拾人牙慧、拾人涕唾、隨聲附和、鸚鵡學舌,自成一家、獨樹一幟,,主條成語
428,自投羅網,ㄗˋ　ㄊㄡˊ　ㄌㄨㄛˊ　ㄨㄤˇ,比喻落入他人圈套或自取禍害。,自掘墳墓、自墜陷阱,全身遠害,,主條成語
429,人面獸心,ㄖㄣˊ　ㄇㄧㄢˋ　ㄕㄡˋ　ㄒㄧㄣ,形容人凶狠殘暴，如野獸一般。貶義。,行同狗彘、衣冠禽獸、衣冠梟獍、狼心狗肺、梟獍其心,面惡心善、菩薩心腸,獸心人面,主條成語
430,忘恩負義,ㄨㄤˋ　ㄣ　ㄈㄨˋ　ㄧˋ,受人恩惠不知報答，反而做出對不起恩人的事情。,見利忘義、知恩不報、背信棄義、背恩負義、恩將仇報、過河抽板、過河拆橋,沒齒不忘、知恩報德、結草銜環、感恩戴德,孤恩負德、孤恩負義、忘恩失義、忘恩背義、背恩忘義、負德忘恩、負義忘恩,主條成語
431,力透紙背,ㄌㄧˋ　ㄊㄡˋ　ㄓˇ　ㄅㄟˋ,形容人的書法遒勁有力。＆形容文章立意深刻有力。,入木三分,,筆力透背,主條成語
432,成竹在胸,ㄔㄥˊ　ㄓㄨˊ　ㄗㄞˋ　ㄒㄩㄥ,,,,,非主條成語
433,小心翼翼,ㄒㄧㄠˇ　ㄒㄧㄣ　ㄧˋ　ㄧˋ,形容舉止十分謹慎，不敢疏忽。,兢兢業業、戰戰兢兢、臨深履薄、謹小慎微,大而化之、粗心大意、敷衍了事,翼翼小心,主條成語
434,一目十行,ㄧ　ㄇㄨˋ　ㄕˊ　ㄏㄤˊ　（變）　ㄧˊ　ㄇㄨˋ　ㄕˊ　ㄏㄤˊ,形容閱讀速度很快。,,,一目五行、一目數行、七行俱下、五行並下、五行俱下、十行一目、十行俱下、數行並下、目下十行,主條成語
435,大逆不道,ㄉㄚˋ　ㄋㄧˋ　ㄅㄨˋ　ㄉㄠˋ　（變）　ㄉㄚˋ　ㄋㄧˋ　ㄅㄨˊ　ㄉㄠˋ,指違反倫常，罪惡深重。貶義。,罪大惡極、離經叛道,安分守己、循規蹈矩,大逆無道、罪逆不道,主條成語
436,口碑載道,ㄎㄡˇ　ㄅㄟ　ㄗㄞˋ　ㄉㄠˋ,比喻廣受好評。褒義。,交口稱譽、頌聲載道,千夫所指、怨聲載道、臭名遠揚、惡名昭彰,有口皆碑,主條成語
437,失之交臂,ㄕ　ㄓ　ㄐㄧㄠ　ㄅㄧˋ,指錯失機會。,坐失良機,天假良緣,交臂失之、失交臂,主條成語
438,上行下效,ㄕㄤˋ　ㄒㄧㄥˊ　ㄒㄧㄚˋ　ㄒㄧㄠˋ,指在上位的人怎麼做，下面的人就起而效法。,風行草偃,,上為下效,主條成語
439,一刀兩斷,ㄧ　ㄉㄠ　ㄌㄧㄤˇ　ㄉㄨㄢˋ　（變）　ㄧˋ　ㄉㄠ　ㄌㄧㄤˇ　ㄉㄨㄢˋ,比喻堅決地斷絕關係。,,藕斷絲連,一刀兩段、一劍兩段,主條成語
440,川流不息,ㄔㄨㄢ　ㄌㄧㄡˊ　ㄅㄨˋ　ㄒㄧˊ,形容連綿不絕。,車水馬龍、絡繹不絕、熙來攘往,稀稀落落,川流不舍,主條成語
441,毛骨悚然,ㄇㄠˊ　ㄍㄨˇ　ㄙㄨㄥˇ　ㄖㄢˊ,形容極端驚懼害怕。,不寒而慄、毛髮聳然、心驚膽跳、膽戰心驚,面不改色,毛骨俱竦、毛骨竦然、毛髮悚然、毛髮為聳、毛髮竦然,主條成語
442,天涯海角,ㄊㄧㄢ　ㄧㄚˊ　ㄏㄞˇ　ㄐㄧㄠˇ,形容偏僻或相距遙遠的地方。,天南地北,近在咫尺,地角天涯、天涯地角、天涯地隅、海角天涯,主條成語
443,先聲奪人,ㄒㄧㄢ　ㄕㄥ　ㄉㄨㄛˊ　ㄖㄣˊ,謂先張大聲威，以挫敗敵人士氣。,先發制人,,,主條成語
444,心不在焉,ㄒㄧㄣ　ㄅㄨˋ　ㄗㄞˋ　ㄧㄢ　（變）　ㄒㄧㄣ　ㄅㄨˊ　ㄗㄞˋ　ㄧㄢ,比喻心思不集中。,魂不守舍、漫不經心,全神貫注、聚精會神,,主條成語
445,心花怒放,ㄒㄧㄣ　ㄏㄨㄚ　ㄋㄨˋ　ㄈㄤˋ,形容心情極其快活。,欣喜若狂、笑逐顏開、興高采烈,心如刀割、肝腸寸斷、愁腸百結,心花怒發、心花怒開,主條成語
446,九死一生,ㄐㄧㄡˇ　ㄙˇ　ㄧ　ㄕㄥ　（變）　ㄐㄧㄡˇ　ㄙˇ　ㄧˋ　ㄕㄥ,形容歷經極大的危險而倖存。,千鈞一髮、死裡逃生、虎口餘生,安然無恙,九死餘生、十死一生、十生九死、萬死一生,主條成語
447,三思而行,ㄙㄢ　ㄙ　ㄦˊ　ㄒㄧㄥˊ,比喻謹慎行事。,行成於思、深思熟慮,冒昧從事、草率從事、輕舉妄動,,主條成語
448,三長兩短,ㄙㄢ　ㄔㄤˊ　ㄌㄧㄤˇ　ㄉㄨㄢˇ,比喻意外的變故，一般多指意外死亡。,一差二錯、山高水低,平安無事、安堵如故,一長二短、一長兩短、一長半短、三長四短、兩短三長,主條成語
449,汗流浹背,ㄏㄢˋ　ㄌㄧㄡˊ　ㄐㄧㄚˊ　ㄅㄟˋ,汗流很多，溼透了背部。＆形容非常驚恐的樣子。＆形容工作辛勞。,汗出如漿、汗如雨下、揮汗如雨,,汗出沾背、汗流洽背、汗流浹體、洽背汗流、流汗沾背、流汗浹背,主條成語
450,白駒過隙,ㄅㄞˊ　ㄐㄩ　ㄍㄨㄛˋ　ㄒㄧˋ,比喻時間過得很快。,日月如梭、日居月諸、石火電光、光陰似箭、光陰荏苒、歲月如流,,過隙之駒、過隙白駒、隙過白駒、馳驥過欞,主條成語
451,寸草春暉,ㄘㄨㄣˋ　ㄘㄠˇ　ㄔㄨㄣ　ㄏㄨㄟ,比喻父母恩情深重，子女難以報答。,恩重如山,六親不認、忘恩負義,三春寸草、春暉寸草,主條成語
452,天造地設,ㄊㄧㄢ　ㄗㄠˋ　ㄉㄧˋ　ㄕㄜˋ,天然所成就的。＆形容人或事物彼此配合得自然得體，渾然天成。,鬼斧神工、渾然天成,矯揉造作,天授地設、天生地設,主條成語
453,如數家珍,ㄖㄨˊ　ㄕㄨˇ　ㄐㄧㄚ　ㄓㄣ,比喻敘述事物明晰熟練。,一五一十、倒背如流、滾瓜爛熟、瞭如指掌,一知半解、一無所知,,主條成語
454,如膠似漆,ㄖㄨˊ　ㄐㄧㄠ　ㄙˋ　ㄑㄧ,比喻感情的堅固或親密。,比目同行、水乳交融、如影隨形、形影不離、膠漆相投,同床異夢、琴瑟不調、貌合神離、勢如水火,以漆投膠、以膠投漆、似漆如膠、如膠如漆、如膠投漆,主條成語
455,冰消瓦解,ㄅㄧㄥ　ㄒㄧㄠ　ㄨㄚˇ　ㄐㄧㄝˇ,比喻事物潰敗分裂。＆比喻問題完全解決。,分崩離析、煙消雲散,堅如磐石,瓦解冰泮、瓦解冰消、瓦解冰銷,主條成語
456,得寸進尺,ㄉㄜˊ　ㄘㄨㄣˋ　ㄐㄧㄣˋ　ㄔˇ,比喻貪得無厭。,得隴望蜀、貪得無厭,寸進尺退、知足不辱、知足常樂,得寸思尺、得寸覷尺,主條成語
457,相形見絀,ㄒㄧㄤ　ㄒㄧㄥˊ　ㄐㄧㄢˋ　ㄔㄨˋ,相互比較之下，其中一方顯得不如對方。,小巫見大巫、相形失色、瞠乎其後,不相上下、各有千秋、旗鼓相當,,主條成語
458,情不自禁,ㄑㄧㄥˊ　ㄅㄨˋ　ㄗˋ　ㄐㄧㄣ　（變）　ㄑㄧㄥˊ　ㄅㄨˊ　ㄗˋ　ㄐㄧㄣ,感情激動得無法自我控制。,不由自主、不能自己,不為所動、無動於衷,情不可抑、情不自任、情不自勝、情不自堪、情不自已、情不自持,主條成語
459,弱不禁風,ㄖㄨㄛˋ　ㄅㄨˋ　ㄐㄧㄣ　ㄈㄥ,形容人身體十分瘦弱。,弱不勝衣,孔武有力、身強力壯,,主條成語
460,酒囊飯袋,ㄐㄧㄡˇ　ㄋㄤˊ　ㄈㄢˋ　ㄉㄞˋ,稱只會吃喝，而不會辦事的無能之人。貶義。,尸位素餐、衣架飯囊,,酒瓮飯囊、飯囊酒瓮、飯囊酒甕、飯坑酒囊,主條成語
461,想入非非,ㄒㄧㄤˇ　ㄖㄨˋ　ㄈㄟ　ㄈㄟ,形容脫離現實的想像或念頭。,胡思亂想、異想天開,,,主條成語
462,虛張聲勢,ㄒㄩ　ㄓㄤ　ㄕㄥ　ㄕˋ,故意誇大聲威，張揚氣勢，用以嚇阻他人。,裝腔作勢,,偽張聲勢、虛作聲勢、虛張形勢,主條成語
463,虛與委蛇,ㄒㄩ　ㄩˇ　ㄨㄟ　ㄧˊ,形容假意慇懃，敷衍應付。,假意周旋、虛與周旋,坦誠相見、開誠布公,,主條成語
464,進退維谷,ㄐㄧㄣˋ　ㄊㄨㄟˋ　ㄨㄟˊ　ㄍㄨˇ,形容前進後退都無路可走的處境。,進退失據、進退兩難、騎虎難下,,,主條成語
465,後生可畏,ㄏㄡˋ　ㄕㄥ　ㄎㄜˇ　ㄨㄟˋ,比喻年輕人的成就超越先輩，令人敬畏。,青出於藍,乳臭未乾,,主條成語
466,胸無點墨,ㄒㄩㄥ　ㄨˊ　ㄉㄧㄢˇ　ㄇㄛˋ,比喻人毫無學識。,不學無術、不識之無、目不識丁、腹笥甚窘,博學多才、滿腹經綸、滿腹珠璣、學富五車,胸中無墨、腹無點墨,主條成語
467,鬼鬼祟祟,ㄍㄨㄟˇ　ㄍㄨㄟˇ　ㄙㄨㄟˋ　ㄙㄨㄟˋ,形容行事不光明，偷偷摸摸的樣子。,鬼頭鬼腦、偷偷摸摸,光明正大、光明磊落、堂堂正正,,主條成語
468,置若罔聞,ㄓˋ　ㄖㄨㄛˋ　ㄨㄤˇ　ㄨㄣˊ,雖有耳聞，卻好像沒有聽到一樣不加理會。,充耳不聞、置之不理、置之度外,言聽計從、銘記在心,付之罔聞、置若勿聞,主條成語
469,風馳電掣,ㄈㄥ　ㄔˊ　ㄉㄧㄢˋ　ㄔㄜˋ,形容速度極快。,追風逐電、電掣星馳,蝸行牛步、蝸步龜移,電捲風馳、電掣風馳、風馳電捲、風馳電掩、風馳電擊、風馳電赴、風馳電逝、風馳電邁、馳風掣電,主條成語
470,捕風捉影,ㄅㄨˇ　ㄈㄥ　ㄓㄨㄛ　ㄧㄥˇ,比喻所做的事或所說的話毫無根據，憑空揣測。,空穴來風、望風捕影、無中生有,耳聞目睹、言必有據、真憑實據、實事求是,係風捕影、係風捕景、捉影捕風、捉風捕影、捕影拿風、捕影繫風、捕風弄月、捕風繫影、握風捕影、繫風捕影,主條成語
471,義不容辭,ㄧˋ　ㄅㄨˋ　ㄖㄨㄥˊ　ㄘˊ,道義上不容許推卻。,責無旁貸、當仁不讓、義無反顧,袖手旁觀、推三阻四、置身事外、臨難苟免、躊躇不前,義不容卻、義不得辭、義無所辭,主條成語
472,異想天開,ㄧˋ　ㄒㄧㄤˇ　ㄊㄧㄢ　ㄎㄞ,不符實際、不合事理的奇特想法。,妙想天開、胡思亂想、匪夷所思、想入非非,,奇想天開,主條成語
473,隔靴搔癢,ㄍㄜˊ　ㄒㄩㄝ　ㄙㄠ　ㄧㄤˇ,比喻不切實際，未能掌握要點。,,一針見血、一語破的、對症下藥,隔靴之搔、隔靴抓痒、隔靴抓癢、隔靴搔痒,主條成語
474,雞鳴狗盜,ㄐㄧ　ㄇㄧㄥˊ　ㄍㄡˇ　ㄉㄠˋ,比喻有某種卑下技能的人，或指卑微的技能。＆形容卑劣低下的人或事。,鼠竊狗偷,,狗盜雞鳴,主條成語
475,當仁不讓,ㄉㄤ　ㄖㄣˊ　ㄅㄨˋ　ㄖㄤˋ　（變）　ㄉㄤ　ㄖㄣˊ　ㄅㄨˊ　ㄖㄤˋ,遇到應該做的事，主動承擔起來而不推辭。,自告奮勇、義不容辭、義無反顧,推三阻四、置身事外、臨難苟免、躊躇不前,當仁不遜,主條成語
476,鳳毛麟角,ㄈㄥˋ　ㄇㄠˊ　ㄌㄧㄣˊ　ㄐㄧㄠˇ,比喻稀罕珍貴的人、物。,吉光片羽、屈指可數、寥若晨星、寥寥可數、寥寥無幾,不勝枚舉、比比皆是、汗牛充棟、多如牛毛、車載斗量、恆河沙數,鳳毛麟甲、麟角鳳毛,主條成語
477,滿面春風,ㄇㄢˇ　ㄇㄧㄢˋ　ㄔㄨㄣ　ㄈㄥ,形容滿臉笑容、心情喜悅。,春風得意、眉開眼笑、笑容滿面、笑逐顏開、喜形於色、喜笑顏開,愁眉不展、愁眉苦臉、愁眉鎖眼、橫眉怒目,春風滿面、滿臉春風、滿面生春,主條成語
478,恍然大悟,ㄏㄨㄤˇ　ㄖㄢˊ　ㄉㄚˋ　ㄨˋ,猛然醒悟過來。,茅塞頓開、豁然大悟、豁然貫通、豁然開朗,大惑不解、百思不解,恍然始悟,主條成語
479,美輪美奐,ㄇㄟˇ　ㄌㄨㄣˊ　ㄇㄟˇ　ㄏㄨㄢˋ,形容房屋規模高大、裝飾華美。,富麗堂皇,,美奐美輪、輪奐之美,主條成語
480,穿鑿附會,ㄔㄨㄢ　ㄗㄨㄛˋ　ㄈㄨˋ　ㄏㄨㄟˋ,生拉硬扯，牽強解釋。,生拉硬拽、生搬硬套、郢書燕說、牽強附會、強作解人,言之有理、言之鑿鑿、實事求是,傅會穿鑿、穿鑿傅會,主條成語
481,咬文嚼字,ㄧㄠˇ　ㄨㄣˊ　ㄐㄧㄠˊ　ㄗˋ,形容在字句上推敲琢磨。＆形容拘泥於文字詮釋而流於見解迂腐、淺陋。＆形容好稱引古書以賣弄才學的淵博。,字斟句酌、尋行數墨,,,主條成語
482,亡羊補牢,ㄨㄤˊ　ㄧㄤˊ　ㄅㄨˇ　ㄌㄠˊ,比喻犯錯後及時更正，尚能補救。,,,牢補羊亡,主條成語
483,諱疾忌醫,ㄏㄨㄟˋ　ㄐㄧˊ　ㄐㄧˋ　ㄧ,不承認有病，害怕去治療。 ＆比喻問題本小不予處理，終致無法收拾。 ＆比喻掩飾過失而不願聽人規勸。,文過飾非、拒諫飾非,改過不吝、知過必改、退思補過,匿病不醫、護疾忌醫,主條成語
484,敷衍塞責,ㄈㄨ　ㄧㄢˇ　ㄙㄜˋ　ㄗㄜˊ,形容做事不認真負責，只是表面應付。,敷衍了事、潦草塞責,一絲不苟、盡心竭力,,主條成語
485,亦步亦趨,ㄧˋ　ㄅㄨˋ　ㄧˋ　ㄑㄩ,形容事事追隨或仿傚別人。,人云亦云、依樣畫葫蘆、鸚鵡學舌,另闢蹊徑、別出心裁、別開生面、標新立異、獨樹一幟,一步一趨、一趨一步、隨人步趨,主條成語
486,葉公好龍,ㄕㄜˋ　ㄍㄨㄥ　ㄏㄠˋ　ㄌㄨㄥˊ,比喻所好似是而非，以致表裡不一，有名無實。,言行不一、表裡不一,言行一致,,主條成語
487,雕蟲小技,ㄉㄧㄠ　ㄔㄨㄥˊ　ㄒㄧㄠˇ　ㄐㄧˋ,比喻微不足道的技能。,,,彫蟲小技、彫蟲小藝、蟲篆小技、雕蟲篆刻,主條成語
488,暗箭傷人,ㄢˋ　ㄐㄧㄢˋ　ㄕㄤ　ㄖㄣˊ,比喻暗中用陰險的手段中傷他人。,含沙射影、為鬼為蜮,光明正大、光明磊落,暗器傷人、暗箭中人,主條成語
489,永垂不朽,ㄩㄥˇ　ㄔㄨㄟˊ　ㄅㄨˋ　ㄒㄧㄡˇ,永遠流傳而不可磨滅。褒義。,名垂千古、流芳百世、萬古流芳,遺臭萬年,垂不朽、永傳不朽、永存不朽,主條成語
490,隨波逐流,ㄙㄨㄟˊ　ㄅㄛ　ㄓㄨˊ　ㄌㄧㄡˊ,順著水流而行。＆比喻人沒有確定的方向和目標，只依從環境潮流行事。,同流合汙、與世浮沉,中流砥柱、特立獨行,逐浪隨波、隨波同流、隨波漂流、隨波逐塵、隨波逐浪,主條成語
491,出人頭地,ㄔㄨ　ㄖㄣˊ　ㄊㄡˊ　ㄉㄧˋ,超越他人，獨露頭角。,出類拔萃、佼佼不群、卓爾不群、推群獨步、超群絕倫、頭角崢嶸、鶴立雞群,不稂不莠、碌碌無能,,主條成語
492,暴跳如雷,ㄅㄠˋ　ㄊㄧㄠˋ　ㄖㄨˊ　ㄌㄟˊ,形容人急怒時跳腳吼叫的樣子。,大發雷霆、咆哮如雷、勃然大怒,心平氣和、怒不變容,暴躁如雷、爆燥如雷,主條成語
493,克勤克儉,ㄎㄜˋ　ㄑㄧㄣˊ　ㄎㄜˋ　ㄐㄧㄢˇ,既能勤勞又能節儉。,惟儉惟勤,一擲千金、揮金如土、好吃懶做,克儉克勤,主條成語
494,名副其實,ㄇㄧㄥˊ　ㄈㄨˋ　ㄑㄧˊ　ㄕˊ,名聲或名稱與實際相符合。,名下無虛、名不虛傳,名不副實、有名無實、名過其實、徒有其名,名實相副、名實相稱、名實相符,主條成語
495,優柔寡斷,ㄧㄡ　ㄖㄡˊ　ㄍㄨㄚˇ　ㄉㄨㄢˋ,形容行事猶豫，不能當機立斷。貶義。,委決不下、猶豫不決、遲疑不決、舉棋不定、瞻前顧後,剛毅果決、斬釘截鐵、當機立斷、毅然決然,優游不斷、優游少斷、柔懦寡斷、柔茹寡斷,主條成語
496,雞犬不寧,ㄐㄧ　ㄑㄩㄢˇ　ㄅㄨˋ　ㄋㄧㄥˊ,比喻被嚴重騷擾。,雞飛狗跳,雞犬不驚,雞犬無寧,主條成語
497,玩物喪志,ㄨㄢˋ　ㄨˋ　ㄙㄤˋ　ㄓˋ,形容沉溺於某樣事物，因而荒廢了應做的事。貶義。,,刻苦自勵、篤志力行,玩物溺志,主條成語
498,沆瀣一氣,ㄏㄤˋ　ㄒㄧㄝˋ　ㄧ　ㄑㄧˋ　（變）　ㄏㄤˋ　ㄒㄧㄝˋ　ㄧˊ　ㄑㄧˋ,比喻彼此志同道合，意氣相投。褒義。＆比喻彼此臭味相投。貶義。,氣味相投、臭味相投、通同一氣,格格不入、圓鑿方枘,沆瀣一脈、沆瀣一襟,主條成語
499,抱頭鼠竄,ㄅㄠˋ　ㄊㄡˊ　ㄕㄨˇ　ㄘㄨㄢˋ,形容倉皇逃跑的狼狽樣子。,狼奔豕突、狼奔鼠竄、狼狽而逃、落荒而逃,,奉頭鼠竄、捧頭鼠竄,主條成語
500,物以類聚,ㄨˋ　ㄧˇ　ㄌㄟˋ　ㄐㄩˋ,性質相近的東西常聚集在一起。＆比喻壞人互相勾結。,,,方以類聚,主條成語
501,狗尾續貂,ㄍㄡˇ　ㄨㄟˇ　ㄒㄩˋ　ㄉㄧㄠ,比喻任官太濫。＆比喻事物以壞續好，前後不相稱。,濫竽充數,,狗尾聯貂、狗續貂尾,主條成語
502,聲色俱厲,ㄕㄥ　ㄙㄜˋ　ㄐㄩˋ　ㄌㄧˋ,說話時的聲音和臉色都很嚴厲。,正言厲色、疾言厲色,和顏悅色,辭色俱厲,主條成語
503,陳陳相因,ㄔㄣˊ　ㄔㄣˊ　ㄒㄧㄤ　ㄧㄣ,比喻因襲舊例，缺乏創新。,一成不變、因循守舊、抱殘守缺、墨守成規、蕭規曹隨、蹈常襲故,另闢蹊徑、別出心裁、革故鼎新、除舊布新、推陳出新、獨闢蹊徑,,主條成語
504,升堂入室,ㄕㄥ　ㄊㄤˊ　ㄖㄨˋ　ㄕˋ,指進入屋內。＆比喻學問或技藝循序漸進，而達到高深的境界。,登峰造極、精益求精,一知半解、淺嘗輒止,入室升堂、登堂入室,主條成語
505,華而不實,ㄏㄨㄚˊ　ㄦˊ　ㄅㄨˋ　ㄕˊ,比喻虛浮而不切實際。貶義。,羊質虎皮、金玉其外、敗絮其中、虛有其表、魚質龍文,秀外慧中、表裡如一、實而不華、樸實無華,多華少實、華而少實,主條成語
506,墨守成規,ㄇㄛˋ　ㄕㄡˇ　ㄔㄥˊ　ㄍㄨㄟ,形容行事保守。,一成不變、因循守舊、抱殘守缺、故步自封、陳陳相因、畫地自限,不主故常、日新月異、另闢蹊徑、勇猛精進、推陳出新、標新立異,墨守成法、墨守舊法,主條成語
507,鋌而走險,ㄊㄧㄥˇ　ㄦˊ　ㄗㄡˇ　ㄒㄧㄢˇ,在窮途末路或受逼迫時採取冒險行動或不正當的行為。,狗急跳牆、逼上梁山,,挺而走險、挺鹿走險,主條成語
508,左右逢源,ㄗㄨㄛˇ　ㄧㄡˋ　ㄈㄥˊ　ㄩㄢˊ,比喻辦事得心應手或處事圓融。,八面玲瓏、得心應手、無往不利,左支右絀,左右逢原,主條成語
509,傾國傾城,ㄑㄧㄥ　ㄍㄨㄛˊ　ㄑㄧㄥ　ㄔㄥˊ,形容女子極為美麗動人。,天香國色、沉魚落雁、冠絕群芳、風華絕代、閉月羞花、國色天香,無鹽之貌,一貌傾城、一顧傾人、一顧傾城、傾城傾國,主條成語
510,待價而沽,ㄉㄞˋ　ㄐㄧㄚˋ　ㄦˊ　ㄍㄨ,比喻人等待良機，為世所用。＆比喻商品等待買主出高價買下。,待價藏珠、蘊奇待價,,善價而沽、善賈而沽,主條成語
511,焚膏繼晷,ㄈㄣˊ　ㄍㄠ　ㄐㄧˋ　ㄍㄨㄟˇ,形容不眠不休地的工作或活動。,孜孜不倦、夜以繼日,玩歲愒時,燃膏繼晷、繼晷焚膏,主條成語
512,狡兔三窟,ㄐㄧㄠˇ　ㄊㄨˋ　ㄙㄢ　ㄎㄨ,比喻有多處藏身的地方或多種避禍的準備。,,走投無路,三窟狡兔、兔三窟、狡兔三穴,主條成語
513,忠言逆耳,ㄓㄨㄥ　ㄧㄢˊ　ㄋㄧˋ　ㄦˇ,形容誠懇正直的規勸往往刺耳，而不易被人接受。,良藥苦口,,逆耳之言、逆耳忠言,主條成語
514,嗟來之食,ㄐㄧㄝ　ㄌㄞˊ　ㄓ　ㄕˊ,比喻侮辱性或不懷好意的施捨。,,,嗟來食,主條成語
515,斷章取義,ㄉㄨㄢˋ　ㄓㄤ　ㄑㄩˇ　ㄧˋ,指截取文章或談話中的某一段落，而不顧整體內容的原意。,斷章摘句、斷章截句,,斷章取意,主條成語
516,上下其手,ㄕㄤˋ　ㄒㄧㄚˋ　ㄑㄧˊ　ㄕㄡˇ,比喻玩弄手段，暗中作弊。＆形容帶有邪念，不禮貌地觸摸他人身體。,徇私舞弊、通同作弊,奉公守法,上下手、移手上下、高下其手,主條成語
517,一日三秋,ㄧ　ㄖˋ　ㄙㄢ　ㄑㄧㄡ　（變）　ㄧˊ　ㄖˋ　ㄙㄢ　ㄑㄧㄡ,比喻思念心切。,,,三秋一日、日三秋,主條成語
518,出生入死,ㄔㄨ　ㄕㄥ　ㄖㄨˋ　ㄙˇ,人從出生到死亡的過程。＆比喻冒險犯難，隨時有喪失生命的危險。,舍生忘死、赴湯蹈火、置生死於度外,畏縮不前、貪生怕死、臨陣脫逃,入死出生、出死入生,主條成語
519,諱莫如深,ㄏㄨㄟˋ　ㄇㄛˋ　ㄖㄨˊ　ㄕㄣ,比喻將事情隱瞞得非常嚴密，不為外人所知。,守口如瓶、祕而不宣、緘口不言,直言不諱、直言無隱、和盤托出,,主條成語
520,一字千金,ㄧ　ㄗˋ　ㄑㄧㄢ　ㄐㄧㄣ　（變）　ㄧˊ　ㄗˋ　ㄑㄧㄢ　ㄐㄧㄣ,比喻文辭精當，結構嚴謹。褒義。 ＆形容價值極高的作品。褒義。 ＆指書法上一字價值千金。,字字珠璣、金章玉句,驢鳴犬吠,一字百金,主條成語
521,日薄西山,ㄖˋ　ㄅㄛˊ　ㄒㄧ　ㄕㄢ,太陽快下山之時。＆比喻人已近老，生命將盡。＆比喻事物接近衰亡。,人命危淺、命在旦夕、風中殘燭、奄奄一息、朝不保夕,旭日初升、身強力壯、春秋鼎盛,日薄西隅、西山日薄、西山日迫,主條成語
522,首鼠兩端,ㄕㄡˇ　ㄕㄨˇ　ㄌㄧㄤˇ　ㄉㄨㄢ,形容猶豫不決的樣子。,委決不下、狐疑不決、逡巡不前、猶豫不定、舉棋不定,當機立斷、毅然決然,兩端首鼠、首施兩端,主條成語
523,心曠神怡,ㄒㄧㄣ　ㄎㄨㄤˋ　ㄕㄣˊ　ㄧˊ,心情開朗，精神愉悅。,神怡心醉、神清氣爽、曠志怡神,心煩意亂,心怡神曠、心曠神恬、心曠神愉、心爽神怡、心移神曠,主條成語
524,洞若觀火,ㄉㄨㄥˋ　ㄖㄨㄛˋ　ㄍㄨㄢ　ㄏㄨㄛˇ,比喻觀察事物非常透澈。,一目了然、明察秋毫、瞭如指掌,如坐雲霧、霧裡看花,明若觀火、洞如觀火、燎如觀火,主條成語
525,心腹之患,ㄒㄧㄣ　ㄈㄨˋ　ㄓ　ㄏㄨㄢˋ,形容致命的禍患或隱藏在內部的危害。,心腹大患,疥癬之疾,心腹之疾、腹心之患、腹心之憂、腹心之疾,主條成語
526,專心致志,ㄓㄨㄢ　ㄒㄧㄣ　ㄓˋ　ㄓˋ,專一心思，集中精神。,一心一意、全神貫注、屏氣凝神、聚精會神,三心二意、心不在焉、心猿意馬、漫不經心,專思致慮,主條成語
527,嘔心瀝血,ㄡˇ　ㄒㄧㄣ　ㄌㄧˋ　ㄒㄧㄝˇ,比喻費盡心思，用盡心血。,苦心孤詣、費盡心思、煞費苦心,,嘔出心肝、嘔心吐膽、瀝血叩心,主條成語
528,兵不血刃,ㄅㄧㄥ　ㄅㄨˋ　ㄒㄧㄝˇ　ㄖㄣˋ,比喻輕易得勝。,不戰而勝,,兵無血刃、軍不血刃,主條成語
529,循循善誘,ㄒㄩㄣˊ　ㄒㄩㄣˊ　ㄕㄢˋ　ㄧㄡˋ,形容善於循序漸進地誘導別人。,,,善誘循循、循循誘人、恂恂善導、恂恂善誘,主條成語
530,利令智昏,ㄌㄧˋ　ㄌㄧㄥˋ　ㄓˋ　ㄏㄨㄣ,形容受利慾迷惑，使得理智昏亂。,見利忘義、利慾薰心、財迷心竅,見利思義、輕財好義、臨財不苟,利以昏智、慾令智昏、智以利昏,主條成語
531,暴殄天物,ㄅㄠˋ　ㄊㄧㄢˇ　ㄊㄧㄢ　ㄨˋ,比喻糟蹋物力，不知珍惜。,鋪張浪費,克勤克儉、修舊利廢,暴天物、殄天物,主條成語
532,不翼而飛,ㄅㄨˋ　ㄧˋ　ㄦˊ　ㄈㄟ　（變）　ㄅㄨˊ　ㄧˋ　ㄦˊ　ㄈㄟ,比喻物品無故遺失。,,合浦珠還,毋翼而飛、無翼而飛,主條成語
533,人面桃花,ㄖㄣˊ　ㄇㄧㄢˋ　ㄊㄠˊ　ㄏㄨㄚ,女子容貌美麗，可與桃花爭豔。＆形容景色依舊，而人事已非的感傷。,,,桃花人面,主條成語
534,塞翁失馬,ㄙㄞˋ　ㄨㄥ　ㄕ　ㄇㄚˇ,比喻暫時受到損失，卻因禍得福，終於得到好處。,因禍得福,福過災生、樂極生悲,北叟失馬、喪馬之翁、失馬塞翁、失馬翁,主條成語
535,置之度外,ㄓˋ　ㄓ　ㄉㄨˋ　ㄨㄞˋ,不放在心上，不加理會。,置之腦後、置若罔聞,耿耿於懷,付之度外、度外置之、置之身外,主條成語
536,得過且過,ㄉㄜˊ　ㄍㄨㄛˋ　ㄑㄧㄝˇ　ㄍㄨㄛˋ,形容苟且偷安，不求上進。,苟且偷安、敷衍塞責,發憤圖強、精益求精、聞雞起舞,,主條成語
537,怙惡不悛,ㄏㄨˋ　ㄜˋ　ㄅㄨˋ　ㄑㄩㄢ,指人作惡多端，不肯悔改。貶義。,執迷不悟,改邪歸正、改過自新、改過遷善、洗心革面、痛改前非、翻然悔悟,怙惡不改、諱惡不悛、長惡不悛,主條成語
538,七嘴八舌,ㄑㄧ　ㄗㄨㄟˇ　ㄅㄚ　ㄕㄜˊ,形容人多口雜，議論紛亂。,七言八語,眾口一詞、異口同聲,七嘴八張、七張八嘴,主條成語
539,不修邊幅,ㄅㄨˋ　ㄒㄧㄡ　ㄅㄧㄢ　ㄈㄨˊ,形容不講究衣飾儀容。＆形容不拘形式小節。,不衫不履、首如飛蓬、蓬頭垢面、不拘小節、放浪不羈,衣冠楚楚、西裝革履、修飾邊幅,不事邊幅、不脩邊幅、不飾邊幅、邊幅不修,主條成語
540,手無寸鐵,ㄕㄡˇ　ㄨˊ　ㄘㄨㄣˋ　ㄊㄧㄝˇ,形容手上沒有拿任何武器。,赤手空拳、隻手空拳,披堅執銳、荷槍實彈,手無寸刃、手無尺鐵、身無寸鐵,主條成語
541,玉石俱焚,ㄩˋ　ㄕˊ　ㄐㄩˋ　ㄈㄣˊ,比喻不論賢愚、善惡、好壞同時受害，盡皆毀滅。,同歸於盡、芝艾同焚、蘭艾同焚,,玉石俱摧、玉石俱燼、玉石俱碎、玉石同沉、玉石同焚、玉石同碎,主條成語
542,危言聳聽,ㄨㄟˊ　ㄧㄢˊ　ㄙㄨㄥˇ　ㄊㄧㄥ,故意說些誇大、嚇人的話，使聽的人驚駭。,,,危言駭世、危詞聳聽、大言聳聽,主條成語
543,如雷貫耳,ㄖㄨˊ　ㄌㄟˊ　ㄍㄨㄢˋ　ㄦˇ,比喻人名氣很大，眾所共聞。,,,如雷在耳、如雷灌耳,主條成語
544,瓜熟蒂落,ㄍㄨㄚ　ㄕㄡˊ　ㄉㄧˋ　ㄌㄨㄛˋ,比喻懷胎足月生產。＆比喻時機成熟，事情自然成功。,水到渠成,,,主條成語
545,任勞任怨,ㄖㄣˋ　ㄌㄠˊ　ㄖㄣˋ　ㄩㄢˋ,形容人做事熱心負責，不辭勞苦，不怕嫌怨。,不辭勞怨,,任勞怨、肩勞任怨,主條成語
546,口誅筆伐,ㄎㄡˇ　ㄓㄨ　ㄅㄧˇ　ㄈㄚ,用言語和文字來揭發、譴責他人的罪狀。,,,口伐舌擊、筆誅口伐,主條成語
547,一手遮天,ㄧ　ㄕㄡˇ　ㄓㄜ　ㄊㄧㄢ　（變）　ㄧˋ　ㄕㄡˇ　ㄓㄜ　ㄊㄧㄢ,比喻玩弄權術、瞞上欺下的行徑。貶義。,掩人耳目、瞞天過海,正大光明、行不由徑、光明磊落,一手障天、隻手遮天,主條成語
548,七手八腳,ㄑㄧ　ㄕㄡˇ　ㄅㄚ　ㄐㄧㄠˇ,形容人多動作紛亂又沒條理。,手忙腳亂,不慌不忙、有條不紊、從容不迫,,主條成語
549,一波三折,ㄧ　ㄅㄛ　ㄙㄢ　ㄓㄜˊ　（變）　ㄧˋ　ㄅㄛ　ㄙㄢ　ㄓㄜˊ,書法中的一捺，筆鋒需作三次轉折，使之曲折多姿。＆形容聲音、文章的跌宕起伏多變。＆比喻事情進行曲折多變。,,一帆風順、水到渠成,一筆三過,主條成語
550,一觸即發,ㄧ　ㄔㄨˋ　ㄐㄧˊ　ㄈㄚ　（變）　ㄧˊ　ㄔㄨˋ　ㄐㄧˊ　ㄈㄚ,比喻很緊張的情勢或很危險的時刻。,箭在弦上、劍拔弩張,相安無事,有觸即發、觸而即發,主條成語
551,羽毛未豐,ㄩˇ　ㄇㄠˊ　ㄨㄟˋ　ㄈㄥ,比喻勢力或能力不夠雄厚，還不足以獨當一面。,少不更事、乳臭未乾,羽毛已豐、羽翼已成,,主條成語
552,七竅生煙,ㄑㄧ　ㄑㄧㄠˋ　ㄕㄥ　ㄧㄢ,形容焦急或氣憤到了極點。,火冒三丈、怒不可遏、怒髮衝冠,欣喜若狂,七孔生煙、七竅煙生、七竅煙騰,主條成語
553,有聲有色,ㄧㄡˇ　ㄕㄥ　ㄧㄡˇ　ㄙㄜˋ,形容事物精采，淋漓盡致。,繪聲繪色,乏善可陳、平淡無奇、味同嚼蠟,有色有聲,主條成語
554,含血噴人,ㄏㄢˊ　ㄒㄧㄝˇ　ㄆㄣ　ㄖㄣˊ,比喻捏造事實，誣賴他人。貶義。,血口噴人、含沙射影,,含血噀人、含血潠人、噀血噴人,主條成語
555,力爭上游,ㄌㄧˋ　ㄓㄥ　ㄕㄤˋ　ㄧㄡˊ,比喻努力奮鬥，求取上進。,力圖上進,自甘墮落、得過且過,力爭上流,主條成語
556,心悅誠服,ㄒㄧㄣ　ㄩㄝˋ　ㄔㄥˊ　ㄈㄨˊ,誠心誠意地歸服。,心甘情願、心折首肯、心服口服,陽奉陰違,,主條成語
557,一孔之見,ㄧ　ㄎㄨㄥˇ　ㄓ　ㄐㄧㄢˋ　（變）　ㄧˋ　ㄎㄨㄥˇ　ㄓ　ㄐㄧㄢˋ,比喻人的見識狹隘淺薄，無法通曉整體。,井蛙之見、坐井觀天、管中窺豹、管窺蠡測、牖中窺日、甕天之見,高瞻遠矚、真知灼見,一隙之見,主條成語
558,改弦易轍,ㄍㄞˇ　ㄒㄧㄢˊ　ㄧˋ　ㄔㄜˋ,比喻改變制度、做法或態度。,改弦更張、革故鼎新,抱殘守缺、食古不化、故步自封、習故守常、墨守成規、舊調重彈,改絃易轍、更弦易轍、更絃易轍,主條成語
559,簞食瓢飲,ㄉㄢ　ㄙˋ　ㄆㄧㄠˊ　ㄧㄣˇ,比喻生活簡單、清苦。,簞瓢屢空,日食萬錢、肉山脯林、炊金饌玉、食前方丈、炮龍烹鳳、錦衣玉食,一簞一瓢、一簞食，一瓢飲,主條成語
560,另起爐灶,ㄌㄧㄥˋ　ㄑㄧˇ　ㄌㄨˊ　ㄗㄠˋ,比喻另立門戶。 ＆比喻捨棄舊事物，重新來過,別闢門戶、另闢蹊徑、另起樓臺、改弦更張、改弦易轍、重整旗鼓,抱殘守缺、墨守成規,自起爐灶、起爐作灶,主條成語
561,兄弟鬩牆,ㄒㄩㄥ　ㄉㄧˋ　ㄒㄧˋ　ㄑㄧㄤˊ,指兄弟失和。＆比喻團體內部不和睦。,手足相殘、同室操戈、相煎太急、煮豆燃萁、同室操戈,兄友弟恭,,主條成語
562,兵連禍結,ㄅㄧㄥ　ㄌㄧㄢˊ　ㄏㄨㄛˋ　ㄐㄧㄝˊ,戰爭持續不斷，災禍接連而來。,兵荒馬亂、兵馬倥傯,天下太平、太平盛世、安居樂業、國泰民安,兵連眾結、禍結兵連,主條成語
563,古道熱腸,ㄍㄨˇ　ㄉㄠˋ　ㄖㄜˋ　ㄔㄤˊ,形容待人仁厚、熱心。褒義。,排難解憂、路見不平、拔刀相助,人心不古,熱腸古道,主條成語
564,出神入化,ㄔㄨ　ㄕㄣˊ　ㄖㄨˋ　ㄏㄨㄚˋ,形容文藝、技藝、工藝等之技巧達到至高絕妙的境界。褒義。,玄妙入神、巧奪天工、鬼斧神工、登峰造極、爐火純青,平淡無奇、出乖露醜,出神入妙,主條成語
565,拖泥帶水,ㄊㄨㄛ　ㄋㄧˊ　ㄉㄞˋ　ㄕㄨㄟˇ,身上被泥、水沾汙不利行動。 ＆比喻言辭或行為不乾脆。,牽絲攀藤,直截了當、斬釘截鐵、簡明扼要,帶水拖泥、帶雨拖泥,主條成語
566,兩小無猜,ㄌㄧㄤˇ　ㄒㄧㄠˇ　ㄨˊ　ㄘㄞ,稚齡男女，彼此天真無邪，毫無避嫌與猜疑。,青梅竹馬,,兩小無嫌,主條成語
567,居心叵測,ㄐㄩ　ㄒㄧㄣ　ㄆㄛˇ　ㄘㄜˋ,比喻心存險詐，難以預測。貶義。,心存不軌、心術不正、心懷鬼胎、包藏禍心、別有用心、為鬼為蜮、詭計多端、圖謀不軌,正大光明、光明磊落、胸懷坦蕩,心懷叵測,主條成語
568,千方百計,ㄑㄧㄢ　ㄈㄤ　ㄅㄞˇ　ㄐㄧˋ,費盡心機，想盡一切辦法、計謀。,挖空心思、絞盡腦汁、費盡心機、想方設法、處心積慮,無所用心,千思百計、千籌百計、千謀百計、百計千心、百計千方、百計千謀、百謀千計,主條成語
569,人定勝天,ㄖㄣˊ　ㄉㄧㄥˋ　ㄕㄥˋ　ㄊㄧㄢ,形容人的智慧和力量，能夠克服自然阻礙，改造環境。,有志者事竟成、事在人為,成事在天、聽天由命,人強勝天、人眾勝天、人謀敓天造,主條成語
570,十惡不赦,ㄕˊ　ㄜˋ　ㄅㄨˋ　ㄕㄜˋ　（變）　ㄕˊ　ㄜˋ　ㄅㄨˊ　ㄕㄜˋ,形容罪大惡極，不可饒恕。,惡貫滿盈、罪大惡極、罪不容誅、罪在不赦、罪惡滔天、罪該萬死,,,主條成語
571,一刻千金,ㄧ　ㄎㄜˋ　ㄑㄧㄢ　ㄐㄧㄣ　（變）　ㄧˊ　ㄎㄜˋ　ㄑㄧㄢ　ㄐㄧㄣ,比喻時間極為珍貴。,一寸光陰一寸金、寸陰尺璧,,千金一刻,主條成語
572,一帆風順,ㄧ　ㄈㄢˊ　ㄈㄥ　ㄕㄨㄣˋ　（變）　ㄧˋ　ㄈㄢˊ　ㄈㄥ　ㄕㄨㄣˋ,比喻非常順利，毫無阻礙。,一路順風、無往不利,一波三折、寸步難行、好事多磨、驚濤駭浪,一帆順風,主條成語
573,普天同慶,ㄆㄨˇ　ㄊㄧㄢ　ㄊㄨㄥˊ　ㄑㄧㄥˋ,全天下的人共同慶祝。,率土同慶,怨聲載道,溥天同慶,主條成語
574,大惑不解,ㄉㄚˋ　ㄏㄨㄛˋ　ㄅㄨˋ　ㄐㄧㄝˇ,指對事物感到非常疑惑，無法了解。,不可思議、百思不解,大徹大悟、心領神會、恍然大悟、茅塞頓開、頓開茅塞、豁然貫通,,主條成語
575,麻木不仁,ㄇㄚˊ　ㄇㄨˋ　ㄅㄨˋ　ㄖㄣˊ,比喻對事物漠不關心。＆比喻對事物反應遲鈍。,不聞不問、無動於衷、漠不關心、漫不經心,切膚之痛,麻痺不仁,主條成語
576,渾渾噩噩,ㄏㄨㄣˊ　ㄏㄨㄣˊ　ㄜˋ　ㄜˋ,形容渾樸無知。＆形容糊裡糊塗，茫無目的。,懵懵懂懂、迷迷糊糊、混混沌沌,耳聰目明、百伶百俐,,主條成語
577,金蟬脫殼,ㄐㄧㄣ　ㄔㄢˊ　ㄊㄨㄛ　ㄎㄜˊ,比喻利用假象藉以脫身。,逃之夭夭、溜之大吉,,脫殼金蟬,主條成語
578,五花八門,ㄨˇ　ㄏㄨㄚ　ㄅㄚ　ㄇㄣˊ,比喻花樣繁多，變化多端。,千變萬化、五光十色、形形色色、花樣百出、變化多端、變幻莫測,千篇一律、枯燥乏味,八門五花,主條成語
579,推己及人,ㄊㄨㄟ　ㄐㄧˇ　ㄐㄧˊ　ㄖㄣˊ,將心比心，設身處地替別人著想。,己所不欲、勿施於人、設身處地、將心比心,,推己況人,主條成語
580,一貧如洗,ㄧ　ㄆㄧㄣˊ　ㄖㄨˊ　ㄒㄧˇ　（變）　ㄧˋ　ㄆㄧㄣˊ　ㄖㄨˊ　ㄒㄧˇ,形容非常貧窮，一無所有。,家徒四壁、貧無立錐、甕牖繩樞、簞瓢屢空,金玉滿堂、富可敵國、腰纏萬貫,一貧似水、清貧如洗,主條成語
581,欲擒故縱,ㄩˋ　ㄑㄧㄣˊ　ㄍㄨˋ　ㄗㄨㄥˋ,為了要使對方就範，故意先放鬆一步。,,,欲擒姑縱,主條成語
582,吳下阿蒙,ㄨˊ　ㄒㄧㄚˋ　ㄚˋ　ㄇㄥˊ,比喻學識淺陋的人。,,,,主條成語
583,國色天香,ㄍㄨㄛˊ　ㄙㄜˋ　ㄊㄧㄢ　ㄒㄧㄤ,形容容貌美麗、姿態曼妙的女子。,沉魚落雁、閉月羞花、絕代佳人、傾國傾城,其貌不揚,國色天姿、國豔天香、天姿國色、天然國色、天香國色,主條成語
584,無與倫比,ㄨˊ　ㄩˇ　ㄌㄨㄣˊ　ㄅㄧˇ,比喻沒有能比得上的。,無可比擬、無可匹敵、蓋世無雙、無出其右,不相上下、相提並論、等量齊觀、勢均力敵,無倫比、無有倫比、無與為比,主條成語
585,心安理得,ㄒㄧㄣ　ㄢ　ㄌㄧˇ　ㄉㄜˊ,形容行事合情合理，則心中坦然無憾。,問心無愧,作賊心虛、問心有愧,心安理當、心定理得、心宰理得、理得心安,主條成語
586,開宗明義,ㄎㄞ　ㄗㄨㄥ　ㄇㄧㄥˊ　ㄧˋ,說話或寫文章一開始就揭明主旨綱要。,開門見山,,,主條成語
587,重見天日,ㄔㄨㄥˊ　ㄐㄧㄢˋ　ㄊㄧㄢ　ㄖˋ,被拘禁的人重新見到光明，獲得自由。＆幽藏的事物重見於世。＆比喻冤屈得到伸雪。,,不見天日、身陷囹圄、暗無天日,再見天日、復見天日、重睹天日,主條成語
588,約法三章,ㄩㄝ　ㄈㄚˇ　ㄙㄢ　ㄓㄤ,泛指事先約好或規定的事。,,,三章約,主條成語
589,道貌岸然,ㄉㄠˋ　ㄇㄠˋ　ㄢˋ　ㄖㄢˊ,形容外表莊重嚴肅的樣子。,一本正經,嘻皮笑臉,岸然道貌、道貌凜然,主條成語
590,血流漂杵,ㄒㄧㄝˇ　ㄌㄧㄡˊ　ㄆㄧㄠ　ㄔㄨˇ,形容戰場上殺戮的慘酷。,血流成河、流血浮尸,兵不血刃,流血漂鹵,主條成語
591,有恃無恐,ㄧㄡˇ　ㄕˋ　ㄨˊ　ㄎㄨㄥˇ,形容有依靠而無所顧忌。,仗勢欺人、狗仗人勢、狐假虎威,,有恃不恐,主條成語
592,萬劫不復,ㄨㄢˋ　ㄐㄧㄝˊ　ㄅㄨˋ　ㄈㄨˋ　（變）　ㄨㄢˋ　ㄐㄧㄝˊ　ㄅㄨˊ　ㄈㄨˋ,佛教謂人一旦墮入地獄，雖歷經萬次世界毀滅那久的時間，也不易投胎為人。＆比喻無法挽救的行為或命運。,,,,主條成語
593,平易近人,ㄆㄧㄥˊ　ㄧˋ　ㄐㄧㄣˋ　ㄖㄣˊ,形容態度和藹親切，容易接近。＆形容詩文淺白易懂。,和藹可親,盛氣凌人,平易近民,主條成語
594,飛揚跋扈,ㄈㄟ　ㄧㄤˊ　ㄅㄚˊ　ㄏㄨˋ,形容態度蠻橫放縱，不受約束。貶義。,不可一世、桀驁不馴、專橫跋扈、耀武揚威,卑躬屈膝、謙卑自牧,跋扈飛揚,主條成語
595,快刀斬亂麻,ㄎㄨㄞˋ　ㄉㄠ　ㄓㄢˇ　ㄌㄨㄢˋ　ㄇㄚˊ,比喻以果斷迅捷的手段解決複雜錯綜的問題。,,拖泥帶水,快刀斷亂麻,主條成語
596,苦口婆心,ㄎㄨˇ　ㄎㄡˇ　ㄆㄛˊ　ㄒㄧㄣ,形容以懇切真摯的態度，竭力勸告他人。,耳提面命、語重心長,,婆心苦口,主條成語
597,躊躇滿志,ㄔㄡˊ　ㄔㄨˊ　ㄇㄢˇ　ㄓˋ,怡然自得地感到心滿意足。,心滿意足、志得意滿、洋洋自得、春風得意、得意洋洋,灰心喪氣、垂頭喪氣,,主條成語
598,不屈不撓,ㄅㄨˋ　ㄑㄩ　ㄅㄨˋ　ㄋㄠˊ,指意志堅毅，絕不屈服。,百折不撓、堅忍不拔,一蹶不振、半途而廢,不屈撓、不阿不撓,主條成語
599,以德報怨,ㄧˇ　ㄉㄜˊ　ㄅㄠˋ　ㄩㄢˋ,表示不記仇恨，反以恩德回報他人。,,以牙還牙、以血洗血、以怨報德,報怨以德、德以報怨,主條成語
600,比比皆是,ㄅㄧˋ　ㄅㄧˋ　ㄐㄧㄝ　ㄕˋ,形容到處都是。,俯拾即是、觸目皆是,屈指可數、絕無僅有、寥寥無幾,比比皆然,主條成語
601,春風化雨,ㄔㄨㄣ　ㄈㄥ　ㄏㄨㄚˋ　ㄩˇ,指適合草木生長的和風及雨水。＆比喻師長和藹親切的教導。,化雨均霑、春風風人、春風夏雨,誤人子弟,時雨春風,主條成語
602,顛沛流離,ㄉㄧㄢ　ㄆㄟˋ　ㄌㄧㄡˊ　ㄌㄧˊ,形容生活困迫不安，四處流浪。,流離失所、斷梗飄蓬,安土重遷、安居樂業,流離顛沛,主條成語
603,雷厲風行,ㄌㄟˊ　ㄌㄧˋ　ㄈㄥ　ㄒㄧㄥˊ,比喻人行事嚴格迅速。,大刀闊斧、劍及履及,拖泥帶水、推三阻四,雷動風行、雷厲風飛、風行雷厲、風飛雷厲,主條成語
604,繼往開來,ㄐㄧˋ　ㄨㄤˇ　ㄎㄞ　ㄌㄞˊ,承續先人的事業，並為後人開拓道路。,承上啟下、承先啟後,後繼無人,嗣往開來、紹往開來,主條成語
605,十拿九穩,ㄕˊ　ㄋㄚˊ　ㄐㄧㄡˇ　ㄨㄣˇ,比喻很有把握。,萬無一失、穩操勝券,,十成九穩、十拿十穩,主條成語
606,窮兵黷武,ㄑㄩㄥˊ　ㄅㄧㄥ　ㄉㄨˊ　ㄨˇ,表示恣意運用兵力，發動戰爭。,,偃武修文、解甲釋兵,佳兵黷武、玩兵黷武、窮兵極武、翫兵黷武、黷武窮兵,主條成語
607,聚精會神,ㄐㄩˋ　ㄐㄧㄥ　ㄏㄨㄟˋ　ㄕㄣˊ,形容專心致志，精神集中。,目不轉睛、全神貫注、專心致志,心不在焉、心猿意馬、魂不守舍,聚會精神,主條成語
608,人浮於事,ㄖㄣˊ　ㄈㄨˊ　ㄩˊ　ㄕˋ,表示人多事少。,僧多粥少,,人浮於食、食浮於人,主條成語
609,寡廉鮮恥,ㄍㄨㄚˇ　ㄌㄧㄢˊ　ㄒㄧㄢˇ　ㄔˇ,比喻不知羞恥。貶義。,恬不知恥、厚顏無恥,高風亮節,鮮廉寡恥,主條成語
610,白雲蒼狗,ㄅㄞˊ　ㄩㄣˊ　ㄘㄤ　ㄍㄡˇ,比喻世事變幻無常。,滄海桑田、瞬息萬變,一成不變、依然如故,白衣蒼狗、蒼狗白衣、蒼狗白雲,主條成語
611,目空一切,ㄇㄨˋ　ㄎㄨㄥ　ㄧ　ㄑㄧㄝˋ　（變）　ㄇㄨˋ　ㄎㄨㄥ　ㄧˊ　ㄑㄧㄝˋ,形容人高傲自大，什麼都不放在眼裡。貶義。,不可一世、目中無人、目無餘子、妄自尊大、自高自大、夜郎自大、旁若無人、唯我獨尊,自輕自賤、虛己受人、虛懷若谷,目空一世、目空四海、眼空宇宙,主條成語
612,模稜兩可,ㄇㄛˊ　ㄌㄥˊ　ㄌㄧㄤˇ　ㄎㄜˇ,比喻處理事情的態度含混，不表示明確的意見或主張。,不置可否、含糊其詞、依違兩可,斬釘截鐵,含糊兩可、摸棱兩可、模棱兩可,主條成語
613,千篇一律,ㄑㄧㄢ　ㄆㄧㄢ　ㄧ　ㄌㄩˋ　（變）　ㄑㄧㄢ　ㄆㄧㄢ　ㄧˊ　ㄌㄩˋ,形容事物的形式呆板而毫無變化。,一成不變、一模一樣,千差萬別、千變萬化、五花八門、迥然不同、變化多端,一律千篇、千人一律、千幅一律、千手一律、千篇一體,主條成語
614,變本加厲,ㄅㄧㄢˋ　ㄅㄣˇ　ㄐㄧㄚ　ㄌㄧˋ,事情改變原有的狀況而顯得更加嚴重。貶義。,日甚一日,,,主條成語
615,體貼入微,ㄊㄧˇ　ㄊㄧㄝ　ㄖㄨˋ　ㄨㄟˊ,形容對人的關懷與照顧，十分細緻周到。,無微不至,視若無睹,體恤入微、體物入微、體貼入妙,主條成語
616,充耳不聞,ㄔㄨㄥ　ㄦˇ　ㄅㄨˋ　ㄨㄣˊ,裝作沒聽見。＆形容拒絕或不願聽取別人意見。,不聞不問、馬耳東風、閉目塞聽、置若罔聞,洗耳恭聽,,主條成語
617,如釋重負,ㄖㄨˊ　ㄕˋ　ㄓㄨㄥˋ　ㄈㄨˋ,像放下重擔那樣輕鬆。＆比喻責任已盡，身心輕鬆愉快。,了無牽掛,千鈞重負,如釋負、如釋負擔、若釋重負,主條成語
618,深居簡出,ㄕㄣ　ㄐㄩ　ㄐㄧㄢˇ　ㄔㄨ,指人平日待在家裡，很少外出。,杜門不出,東奔西走、拋頭露面,深居罕出、深藏簡出,主條成語
619,每下愈況,ㄇㄟˇ　ㄒㄧㄚˋ　ㄩˋ　ㄎㄨㄤˋ,比喻情況愈來愈壞。,江河日下,日就月將、蒸蒸日上,每下愈篤、每況愈下、每變愈下,主條成語
620,蠢蠢欲動,ㄔㄨㄣˇ　ㄔㄨㄣˇ　ㄩˋ　ㄉㄨㄥˋ,比喻人意圖為害作亂。,伺機而動、摩拳擦掌、躍躍欲試,,,主條成語
621,同仇敵愾,ㄊㄨㄥˊ　ㄔㄡˊ　ㄉㄧˊ　ㄎㄞˋ,指共同抵禦仇敵。,,自相殘殺、同室操戈,敵愾同仇,主條成語
622,文質彬彬,ㄨㄣˊ　ㄓˊ　ㄅㄧㄣ　ㄅㄧㄣ,形容人舉止文雅，態度端莊。＆形容文章內容與辭采並茂。,彬彬有禮、溫文爾雅、謙恭有禮,放蕩不羈、俗不可耐,彬彬文質,主條成語
623,聽天由命,ㄊㄧㄥˋ　ㄊㄧㄢ　ㄧㄡˊ　ㄇㄧㄥˋ,形容任憑天意及命運而自然發展。,任天由命、成事在天、順天應命、聽其自然,人定勝天、成事在人、事在人為、謀事在人,聽天任命、聽天所命,主條成語
624,大腹便便,ㄉㄚˋ　ㄈㄨˋ　ㄆㄧㄢˊ　ㄆㄧㄢˊ,大肚子顯得肥胖而凸出的樣子。,腦滿腸肥,形銷骨立、骨瘦如柴、瘦骨嶙峋,便便之腹、空腹便便、腹便便,主條成語
625,一成不變,ㄧ　ㄔㄥˊ　ㄅㄨˋ　ㄅㄧㄢˋ　（變）　ㄧˋ　ㄔㄥˊ　ㄅㄨˊ　ㄅㄧㄢˋ,事情既定之後，從不改變。,一仍舊貫、一如既往、依樣葫蘆、率由舊章、陳陳相因、墨守成規、蕭規曹隨、蹈常襲故,千變萬化、日新月異、革故鼎新、除舊布新、推陳出新、瞬息萬變、變化多端、變幻莫測,一成不易,主條成語
626,行將就木,ㄒㄧㄥˊ　ㄐㄧㄤ　ㄐㄧㄡˋ　ㄇㄨˋ,指年紀已大，壽命將盡。,日薄西山、風燭殘年,如日方中、如日東升、來日方長,,主條成語
627,自顧不暇,ㄗˋ　ㄍㄨˋ　ㄅㄨˋ　ㄒㄧㄚˊ,形容自身難保，沒有餘力再管別的事情。,自身難保,,自保不暇、自固不暇、自救不暇,主條成語
628,血氣方剛,ㄒㄧㄝˇ　ㄑㄧˋ　ㄈㄤ　ㄍㄤ,泛指年輕人精力正當旺盛，易於衝動。＆指年輕力壯。,,老成持重,方剛血氣、氣血方剛、血氣方壯、血氣方盛,主條成語
629,自命不凡,ㄗˋ　ㄇㄧㄥˋ　ㄅㄨˋ　ㄈㄢˊ,形容自以為聰明、不平凡。,不可一世、自我陶醉、自負不淺、自視甚高、自視過高、自鳴得意、孤芳自賞,妄自菲薄、自愧弗如、自慚形穢、自暴自棄,自命非凡、自負不凡,主條成語
630,三教九流,ㄙㄢ　ㄐㄧㄠˋ　ㄐㄧㄡˇ　ㄌㄧㄡˊ,指宗教、學術各種流派。＆指社會上各種行業或各色人物。,九流百家,,九流三教,主條成語
631,老氣橫秋,ㄌㄠˇ　ㄑㄧˋ　ㄏㄥˊ　ㄑㄧㄡ,形容人老練而自負的神態。 ＆形容人擺架子，自命不凡。 ＆形容人沒有朝氣，暮氣沉沉的樣子。,死氣沉沉、暮氣沉沉,生氣勃勃、朝氣蓬勃,壯氣橫秋、膽氣橫秋,主條成語
632,移風易俗,ㄧˊ　ㄈㄥ　ㄧˋ　ㄙㄨˊ,改善不良的社會風氣和習俗。,改俗遷風,,易俗移風、移風改俗、移風易尚、移風革俗、變風改俗、變風易俗、風移俗改、風移俗易、風移俗變,主條成語
633,有志竟成,ㄧㄡˇ　ㄓˋ　ㄐㄧㄥˋ　ㄔㄥˊ,立定志向去做，終必成功。,,,,主條成語
634,推波助瀾,ㄊㄨㄟ　ㄅㄛ　ㄓㄨˋ　ㄌㄢˊ,比喻推動鼓勵。＆比喻從旁鼓動，使事態擴大。,火上加油、煽風點火,息事寧人、排難解紛,吹波助瀾,主條成語
635,有口皆碑,ㄧㄡˇ　ㄎㄡˇ　ㄐㄧㄝ　ㄅㄟ,,,,,非主條成語
636,捲土重來,ㄐㄩㄢˇ　ㄊㄨˇ　ㄔㄨㄥˊ　ㄌㄞˊ,比喻兵敗後，重組兵力，再次來過。＆比喻失敗後，重新整頓，再次來過。＆比喻恢復舊有的局面、情勢。,重整旗鼓、東山再起、死灰復燃,偃旗息鼓、一蹶不振、銷聲匿跡,卷土重來,主條成語
637,投其所好,ㄊㄡˊ　ㄑㄧˊ　ㄙㄨㄛˇ　ㄏㄠˋ,迎合他人的愛好。,曲意逢迎、阿諛奉承、阿諛逢迎,守正不阿、剛正不阿,從其所好、投其所喜、趨其所好、阿其所好,主條成語
638,驚心動魄,ㄐㄧㄥ　ㄒㄧㄣ　ㄉㄨㄥˋ　ㄆㄛˋ,形容人內心感受極深，震撼很大。,怵魄動心,無動於衷,動心驚魂、動魄驚心、驚魂動魄,主條成語
639,聲名狼藉,ㄕㄥ　ㄇㄧㄥˊ　ㄌㄤˊ　ㄐㄧˊ,指肆意妄為，名聲惡劣。,身敗名裂、臭名昭著、臭名遠揚、惡名昭彰,名揚四海、名滿天下、流芳百世、聞名遐邇,惡聲狼籍、聲名狼籍,主條成語
640,驚天動地,ㄐㄧㄥ　ㄊㄧㄢ　ㄉㄨㄥˋ　ㄉㄧˋ,形容聲音很大。＆形容聲勢驚人。,震天駭地、撼天震地,無聲無息,動地驚天、殷天動地、隱天動地、震天動地,主條成語
641,沐猴而冠,ㄇㄨˋ　ㄏㄡˊ　ㄦˊ　ㄍㄨㄢˋ,比喻人虛有表象，卻不脫粗鄙的本質。＆比喻人性情急躁。,衣冠禽獸、馬牛襟裾、虛有其表,秀外惠中,木猴而冠、沐猴冠、沐猴冠冕、沐猴衣冠、衣冠沐猴,主條成語
642,作繭自縛,ㄗㄨㄛˋ　ㄐㄧㄢˇ　ㄗˋ　ㄈㄨˊ,比喻人做某事，反而使自己陷入困境。,自作自受、自食其果、作法自斃、玩火自焚、咎由自取,,作繭自纏裹、吐絲自縛、如繭自纏,主條成語
643,言人人殊,ㄧㄢˊ　ㄖㄣˊ　ㄖㄣˊ　ㄕㄨ,對同一件事各人所言不同。,各執一詞、眾說紛紜,如出一口、言人人同、異口同聲、眾口一詞,志人人殊、文人人殊,主條成語
644,探囊取物,ㄊㄢˋ　ㄋㄤˊ　ㄑㄩˇ　ㄨˋ,比喻事情極容易辦到。,反掌折枝、手到擒來、易如反掌、唾手可得、輕而易舉、甕中捉鱉,千辛萬苦、挾山超海、海底撈針、移山填海,囊中取物,主條成語
645,下筆成章,ㄒㄧㄚˋ　ㄅㄧˇ　ㄔㄥˊ　ㄓㄤ,比喻才思敏捷且具文采。,一揮而就、援筆立成、意到筆隨、落紙如飛、運筆如飛,江郎才盡,下筆成篇、下筆成詠、援筆成章、落筆成章、走筆成文、走筆成章,主條成語
646,處心積慮,ㄔㄨˇ　ㄒㄧㄣ　ㄐㄧ　ㄌㄩˋ,千方百慮，蓄意已久。,千方百計、挖空心思、絞盡腦汁、費盡心機、想方設法,無所用心,措心積慮、潛心積慮、苦心積慮、設心積慮,主條成語
647,呆若木雞,ㄉㄞ　ㄖㄨㄛˋ　ㄇㄨˋ　ㄐㄧ,形容愚笨或受驚嚇而發愣的樣子。,目瞪口呆、呆頭呆腦、笨頭笨腦、傻頭傻腦,應付裕如、聰明伶俐,呆似木雞、悚若木雞、蠢若木雞,主條成語
648,豁然開朗,ㄏㄨㄛˋ　ㄖㄢˊ　ㄎㄞ　ㄌㄤˇ,眼前頓時變得開闊明亮。＆形容心境忽然變得開闊暢快。＆形容突然領悟到某個道理。,恍然大悟、茅塞頓開、頓開茅塞、豁然大悟、豁然貫通,一竅不通、大惑不解、百思不解、百思莫解,,主條成語
649,以鄰為壑,ㄧˇ　ㄌㄧㄣˊ　ㄨㄟˊ　ㄏㄨㄛˋ,比喻將困難和災禍推到別人身上。貶義。,移禍江東、損人利己、嫁禍他人、嫁禍於人,助人為樂,鄰國之壑、鄰國為壑,主條成語
650,言簡意賅,ㄧㄢˊ　ㄐㄧㄢˇ　ㄧˋ　ㄍㄞ,言辭簡單而意思完備。,要言不煩,拖泥帶水、長篇大論、連篇累牘,言簡意深、言簡意該、言簡意足、詞簡意備,主條成語
651,積重難返,ㄐㄧ　ㄓㄨㄥˋ　ㄋㄢˊ　ㄈㄢˇ,長期累積成的不良習慣與弊病，難以改正。,根深蒂固,痛改前非,極重難返、積重難反,主條成語
652,言過其實,ㄧㄢˊ　ㄍㄨㄛˋ　ㄑㄧˊ　ㄕˊ,指言辭虛妄誇大，與事實不相符。,誇大其詞、過甚其詞、誇誇其談,持平之論、言必有據,談過其實,主條成語
653,標新立異,ㄅㄧㄠ　ㄒㄧㄣ　ㄌㄧˋ　ㄧˋ,形容創立新奇的名目或主張，以表示與眾不同。,別出心裁、別具匠心、標奇立異、獨出心裁、獨樹一幟、獨闢蹊徑,一成不變、千篇一律、亦步亦趨、因循守舊、抱殘守缺、拾人牙慧、拾人涕唾、故步自封、陳陳相因、矮子看戲、墨守成規、蕭規曹隨、襲人故智,拔新領異、標新取異、標新領異、領異拔新,主條成語
654,歷歷在目,ㄌㄧˋ　ㄌㄧˋ　ㄗㄞˋ　ㄇㄨˋ,清楚明白地呈現在眼前。,歷歷可見,霧裡看花,歷歷在眼,主條成語
655,垂涎三尺,ㄔㄨㄟˊ　ㄒㄧㄢˊ　ㄙㄢ　ㄔˇ,形容非常貪饞。＆比喻看見別人的東西極想據為己有。,食指大動、饞涎欲滴,不屑一顧,,主條成語
656,來龍去脈,ㄌㄞˊ　ㄌㄨㄥˊ　ㄑㄩˋ　ㄇㄞˋ,堪輿家用以形容山脈河流走向的術語。＆比喻事情的首尾始末。,前因後果、原始要終,,來龍結脈,主條成語
657,窮途末路,ㄑㄩㄥˊ　ㄊㄨˊ　ㄇㄛˋ　ㄌㄨˋ,形容無路可走，處於十分窮困的境況。,山窮水盡、日暮途窮、走投無路、坐困愁城、道盡途窮,天無絕人之路、前程萬里、柳暗花明、康莊大道、陽關大道,末路窮途,主條成語
658,櫛風沐雨,ㄐㄧㄝˊ　ㄈㄥ　ㄇㄨˋ　ㄩˇ,比喻在外奔走，極為辛勞。,披星戴月、風吹雨打、風餐露宿,飽食終日、養尊處優,櫛沐風雨、沐雨櫛風、風櫛雨沐,主條成語
659,和衷共濟,ㄏㄜˊ　ㄓㄨㄥ　ㄍㄨㄥˋ　ㄐㄧˋ,比喻彼此同心共渡難關。,同心同德、同心協力、戮力同心、同甘共苦、同舟共濟、風雨同舟、畢力同心,分崩離析、各行其是、各自為政、各懷異心、離心離德,和衷協濟,主條成語
660,鏡花水月,ㄐㄧㄥˋ　ㄏㄨㄚ　ㄕㄨㄟˇ　ㄩㄝˋ,比喻空幻不實在。,空中樓閣、海市蜃樓、夢幻泡影,,水月鏡像、水月鏡花、鏡像水月,主條成語
661,所向披靡,ㄙㄨㄛˇ　ㄒㄧㄤˋ　ㄆㄧ　ㄇㄧˇ,比喻力量所到之處，敵人紛紛潰敗逃散。,所向無敵、勢如破竹,三戰三北、望風披靡、落花流水、潰不成軍,所向摧靡、所向皆靡、攸向靡披,主條成語
662,侃侃而談,ㄎㄢˇ　ㄎㄢˇ　ㄦˊ　ㄊㄢˊ,形容說話從容不迫的樣子。,口若懸河、娓娓道來、滔滔不絕,結結巴巴,侃侃正論、侃侃直談,主條成語
663,一衣帶水,ㄧ　ㄧ　ㄉㄞˋ　ㄕㄨㄟˇ　（變）　ㄧˋ　ㄧ　ㄉㄞˋ　ㄕㄨㄟˇ,形容江流狹窄有如一條衣帶。＆泛指江河阻隔不足以限制交往。,,,衣帶一江、衣帶水,主條成語
664,門當戶對,ㄇㄣˊ　ㄉㄤ　ㄏㄨˋ　ㄉㄨㄟˋ,形容結親的雙方家庭經濟和社會地位相當。,秦晉之匹,齊大非耦,對門當戶、戶對門當、當門對戶、門戶匹敵,主條成語
665,融會貫通,ㄖㄨㄥˊ　ㄏㄨㄟˋ　ㄍㄨㄢˋ　ㄊㄨㄥ,形容將各種知識或事物加以融合、貫穿，進而獲得全面通徹的領會。,心領神會,生吞活剝、囫圇吞棗,混融貫通、貫通融會,主條成語
666,劍拔弩張,ㄐㄧㄢˋ　ㄅㄚˊ　ㄋㄨˇ　ㄓㄤ,形容形勢緊張或聲勢逼人。＆形容書法筆力雄健。,一觸即發、箭在弦上,心平氣和、相安無事,弩張劍拔、拔刃張弩,主條成語
667,管窺蠡測,ㄍㄨㄢˇ　ㄎㄨㄟ　ㄌㄧˊ　ㄘㄜˋ,比喻見識淺陋狹窄。,一孔之見、井蛙之見、以管窺天、坐井觀天、管中窺豹、牖中窺日、甕天之見,見多識廣、高瞻遠矚,以蠡測海、蠡測管窺,主條成語
668,明知故犯,ㄇㄧㄥˊ　ㄓ　ㄍㄨˋ　ㄈㄢˋ,形容明明知道不對，卻故意去做。,知法犯法,知過必改,明知明犯、知而故犯,主條成語
669,壽終正寢,ㄕㄡˋ　ㄓㄨㄥ　ㄓㄥˋ　ㄑㄧㄣˇ,男子享盡天年，在家中自然死亡。＆比喻事物的消亡。,終其天年、壽滿天年,天年不遂、死於非命,終于正寢、考終正寢,主條成語
670,落花流水,ㄌㄨㄛˋ　ㄏㄨㄚ　ㄌㄧㄡˊ　ㄕㄨㄟˇ,形容暮春殘敗的景象。＆形容零落殘敗，雜亂的景象。,水流花謝、一敗塗地、七零八落、土崩瓦解、潰不成軍,,水流花落、流水落花,主條成語
671,江河日下,ㄐㄧㄤ　ㄏㄜˊ　ㄖˋ　ㄒㄧㄚˋ,比喻情況日漸敗壞。,日陵月替、每下愈況,欣欣向榮、與日俱增、蒸蒸日上,,主條成語
672,腦滿腸肥,ㄋㄠˇ　ㄇㄢˇ　ㄔㄤˊ　ㄈㄟˊ,頭部豐滿，肚腹肥胖。＆形容飽食終日，無所用心，以致徒有外觀而實無內涵。,大腹便便,形銷骨立、面黃肌瘦、骨瘦如柴、瘦骨嶙峋,腸肥腦滿,主條成語
673,色厲內荏,ㄙㄜˋ　ㄌㄧˋ　ㄋㄟˋ　ㄖㄣˇ,外表嚴厲而內心怯懦。,外強中乾、虛有其表,外柔內剛、外圓內方,內荏外剛、外厲內荏,主條成語
674,耳提面命,ㄦˇ　ㄊㄧˊ　ㄇㄧㄢˋ　ㄇㄧㄥˋ,比喻懇切教誨。,三令五申、千叮萬囑,,命面提耳、面命耳提,主條成語
675,萍水相逢,ㄆㄧㄥˊ　ㄕㄨㄟˇ　ㄒㄧㄤ　ㄈㄥˊ,比喻兩個人本來不相識，因機緣巧合偶然相逢，亦指交情尚屬微淺。,邂逅相逢、邂逅相遇,青梅竹馬,萍水相交、萍水相值、萍水相遇、萍水相遭,主條成語
676,愁眉不展,ㄔㄡˊ　ㄇㄟˊ　ㄅㄨˋ　ㄓㄢˇ,雙眉緊鎖，很憂愁的樣子。,唉聲嘆氣、愁眉苦臉、愁眉淚眼、愁眉鎖眼、蹙額顰眉,眉飛色舞、眉開眼笑、笑逐顏開、喜形於色、興高采烈、歡天喜地,不展愁眉、愁眉不開、愁顏不展,主條成語
677,體無完膚,ㄊㄧˇ　ㄨˊ　ㄨㄢˊ　ㄈㄨ,形容受傷慘重。＆比喻遭人批評、駁斥得一無是處，面目全非。,皮開肉綻、遍體鱗傷,安然無恙、完美無缺,肌無完膚、身無完膚、體無完皮、體無完肌,主條成語
678,視死如歸,ㄕˋ　ㄙˇ　ㄖㄨˊ　ㄍㄨㄟ,形容為了理想而不怕犧性生命，無所畏懼。,捨生忘死、殺身成仁、萬死不辭,降志辱身、貪生怕死,視死若歸、赴死如歸、赴難如歸,主條成語
679,海底撈針,ㄏㄞˇ　ㄉㄧˇ　ㄌㄠ　ㄓㄣ,比喻東西很難找到或事情很難做到。,挾山超海,手到擒來、反掌折枝、易如反掌、探囊取物、唾手可得、輕而易舉、甕中捉鱉,大海撈針、東海撈針、東海撈鍼、水底撈針、海內尋針,主條成語
680,虛懷若谷,ㄒㄩ　ㄏㄨㄞˊ　ㄖㄨㄛˋ　ㄍㄨˇ,形容為人謙虛，能接納他人的意見。,卑以自牧、謙沖自牧,不可一世、目空一切、妄自尊大、夜郎自大、崖岸自高,,主條成語
681,無出其右,ㄨˊ　ㄔㄨ　ㄑㄧˊ　ㄧㄡˋ,指沒有人能勝過他。,首屈一指、無與倫比、獨占鰲頭,,無出其上,主條成語
682,栩栩如生,ㄒㄩˇ　ㄒㄩˇ　ㄖㄨˊ　ㄕㄥ,貌態逼真，彷彿具有生命力。,活龍活現、維妙維肖、躍然紙上,,栩栩欲活,主條成語
683,三人成虎,ㄙㄢ　ㄖㄣˊ　ㄔㄥˊ　ㄏㄨˇ,比喻謠言再三重複，亦能使人信以為真。,以訛傳訛、眾口鑠金、積毀成山,,三人市虎、三夫成虎,主條成語
684,勞燕分飛,ㄌㄠˊ　ㄧㄢˋ　ㄈㄣ　ㄈㄟ,比喻別離，多用於夫妻、情人之間。,分道揚鑣,形影不離,勞燕西東,主條成語
685,風吹草動,ㄈㄥ　ㄔㄨㄟ　ㄘㄠˇ　ㄉㄨㄥˋ,風吹起，草木搖動。＆比喻輕微的動靜變化。,狗吠之警、狗吠之驚,風平浪靜、驚天動地,風驚草動,主條成語
686,惡貫滿盈,ㄜˋ　ㄍㄨㄢˋ　ㄇㄢˇ　ㄧㄥˊ,比喻罪大惡極，末日已到。,死有餘辜、罪大惡極、罪不容誅、罪惡滔天、罪該萬死、罄竹難書,功德無量、諸惡莫作,惡盈釁滿、惡稔禍盈、惡稔罪盈、惡稔貫盈、罪惡貫盈,主條成語
687,倚老賣老,ㄧˇ　ㄌㄠˇ　ㄇㄞˋ　ㄌㄠˇ,自以為年紀大，閱歷豐富，而看不起別人。,,資淺齒少,,主條成語
688,無中生有,ㄨˊ　ㄓㄨㄥ　ㄕㄥ　ㄧㄡˇ,指本無其事，憑空捏造。,捕風捉影,實事求是,將無作有,主條成語
689,釜底抽薪,ㄈㄨˇ　ㄉㄧˇ　ㄔㄡ　ㄒㄧㄣ,比喻從根本上解決問題。＆比喻從源頭斷絕。,拔本塞源、斬草除根,抱薪救火、揚湯止沸,抽薪止沸、絕薪止火,主條成語
690,唾手可得,ㄊㄨㄛˋ　ㄕㄡˇ　ㄎㄜˇ　ㄉㄜˊ,比喻事物很容易得到。,易如反掌、探囊取物、輕而易舉,荊天棘地、移山填海、談何容易,唾手可取,主條成語
691,狼狽不堪,ㄌㄤˊ　ㄅㄟˋ　ㄅㄨˋ　ㄎㄢ,比喻處境窘迫，進退兩難。＆比喻身心疲憊困頓。,左右兩難、狼狽萬狀、跋前躓後、進退維谷、狼狽萬狀,,,主條成語
692,朝秦暮楚,ㄓㄠ　ㄑㄧㄣˊ　ㄇㄨˋ　ㄔㄨˇ,比喻人心反覆無常。貶義。＆比喻人東飄西蕩，行蹤無定。,反覆無常、出爾反爾、見風轉舵、朝三暮四、朝梁暮陳、朝吳暮楚,忠貞不渝、始終不渝、始終如一,暮楚朝秦、朝楚暮秦,主條成語
693,運籌帷幄,ㄩㄣˋ　ㄔㄡˊ　ㄨㄟˊ　ㄨㄛˋ,比喻謀劃策略。,運籌決勝,,帷幄運籌、幄中運籌、籌策運帷幄,主條成語
694,狹路相逢,ㄒㄧㄚˊ　ㄌㄨˋ　ㄒㄧㄤ　ㄈㄥˊ,比喻仇人相遇。,冤家路窄,,相逢狹路,主條成語
695,神魂顛倒,ㄕㄣˊ　ㄏㄨㄣˊ　ㄉㄧㄢ　ㄉㄠˇ,比喻精神恍惚，心意迷亂。,心神不定、失魂落魄、神不守舍、神思恍惚、神魂撩亂、神魂飄蕩,心無二用、心無二想、全神貫注、專心一志、專心一意、專心致志、聚精會神,,主條成語
696,鬼斧神工,ㄍㄨㄟˇ　ㄈㄨˇ　ㄕㄣˊ　ㄍㄨㄥ,形容技藝精巧，達到鬼神靈妙的境界。褒義。,出神入化、巧奪天工、神施鬼設,粗製濫造,神工鬼斧,主條成語
697,高談闊論,ㄍㄠ　ㄊㄢˊ　ㄎㄨㄛˋ　ㄌㄨㄣˋ,比喻暢快而無拘束地談論。＆比喻沒有實質內容，空泛而漫無邊際地談論。,放言高論、侃侃而談、高談劇論、議論風發、高談弘論、誇誇其談,三緘其口、緘口結舌、坐言起行、身體力行,清談高論、闊論高談、高譚清論,主條成語
698,流離失所,ㄌㄧㄡˊ　ㄌㄧˊ　ㄕ　ㄙㄨㄛˇ,形容轉徙離散，無處安身。,顛沛流離,安居樂業,失所流離、流寓失所、流移失所,主條成語
699,斬草除根,ㄓㄢˇ　ㄘㄠˇ　ㄔㄨˊ　ㄍㄣ,比喻除去禍根，不留後患。,寸草不留、杜絕後患、除惡務盡、趕盡殺絕,後患無窮、養虎遺患、養癰遺患,刈草除根、剪草除根、剷草除根、去草絕根、翦草除根、除根翦草,主條成語
700,莫衷一是,ㄇㄛˋ　ㄓㄨㄥ　ㄧ　ㄕˋ　（變）　ㄇㄛˋ　ㄓㄨㄥ　ㄧˊ　ㄕˋ,形容眾說紛紜，無法得到一致的結論。,眾說紛紜,異口同聲、眾口一詞,,主條成語
701,掌上明珠,ㄓㄤˇ　ㄕㄤˋ　ㄇㄧㄥˊ　ㄓㄨ,比喻極為珍愛的物品。＆指愛女。,心肝寶貝,,明珠入掌、明珠掌上,主條成語
702,提綱挈領,ㄊㄧˊ　ㄍㄤ　ㄑㄧㄝˋ　ㄌㄧㄥˇ,比喻抓住事理的重點。,綱舉目張,不得要領,挈領提綱、提綱振領、握綱提領、綱提領挈、舉綱持領,主條成語
703,無病呻吟,ㄨˊ　ㄅㄧㄥˋ　ㄕㄣ　ㄧㄣˊ,比喻人故作憂戚狀或妄發牢騷。＆諷喻文辭的矯揉造作，言不由衷。,裝腔作勢、矯揉造作,,不疾而呻、不病而呻,主條成語
704,喜出望外,ㄒㄧˇ　ㄔㄨ　ㄨㄤˋ　ㄨㄞˋ,因意想不到的事感到欣喜。,大喜過望、喜從天降,大失所望,喜出意外、喜出非望,主條成語
705,喧賓奪主,ㄒㄩㄢ　ㄅㄧㄣ　ㄉㄨㄛˊ　ㄓㄨˇ,指賓客聲勢強大，占了主人的位置，反客為主。,反客為主、鵲巢鳩佔,,喧客奪主,主條成語
706,花言巧語,ㄏㄨㄚ　ㄧㄢˊ　ㄑㄧㄠˇ　ㄩˇ,形容虛假而動聽的言語。,天花亂墜、巧言如簧、甜言蜜語,由衷之言、肺腑之言、逆耳忠言,巧舌花脣、巧言花語、巧語花言、花唇巧舌、花嘴花舌,主條成語
707,垂頭喪氣,ㄔㄨㄟˊ　ㄊㄡˊ　ㄙㄤˋ　ㄑㄧˋ,形容失意沮喪的樣子。,灰心喪氣、萎靡不振、愁眉苦臉,八面威風、眉飛色舞、神采奕奕、趾高氣揚、得意洋洋、揚眉吐氣、興高采烈,低頭喪氣、喪氣垂頭、垂首喪氣,主條成語
708,虛有其表,ㄒㄩ　ㄧㄡˇ　ㄑㄧˊ　ㄅㄧㄠˇ,形容空有華麗的外表，卻無實際的內涵。貶義。,外強中乾、羊質虎皮、金玉其外、敗絮其中、魚質龍文、華而不實,名副其實、表裡如一,徒有其表、空有其表,主條成語
709,搖尾乞憐,ㄧㄠˊ　ㄨㄟˇ　ㄑㄧˇ　ㄌㄧㄢˊ,形容人有所請求，卑躬屈膝向人討好。,低聲下氣、俛首帖耳,不卑不亢、昂首挺立、錚錚鐵骨,乞憐搖尾,主條成語
710,改過自新,ㄍㄞˇ　ㄍㄨㄛˋ　ㄗˋ　ㄒㄧㄣ,改正過失，重新作人。,改邪歸正、放下屠刀、洗心革面、棄暗投明、痛改前非、改過遷善,怙惡不悛、執迷不悟,改過從新,主條成語
711,流連忘返,ㄌㄧㄡˊ　ㄌㄧㄢˊ　ㄨㄤˋ　ㄈㄢˇ,貪戀沉迷而忘了回去。,依依不捨、樂不思蜀、樂而忘返、戀戀不捨,心去難留,流連忘反,主條成語
712,邯鄲學步,ㄏㄢˊ　ㄉㄢ　ㄒㄩㄝˊ　ㄅㄨˋ,比喻模仿不成，反而失去自我。,生搬硬套、東施效顰,,壽陵匍匐、壽陵失步、壽陵忘步、壽陵步、學步邯鄲、枉轡學步、步邯鄲、誤學邯鄲、邯鄲之步、邯鄲匍匐、邯鄲故步、邯鄲步,主條成語
713,月下老人,ㄩㄝˋ　ㄒㄧㄚˋ　ㄌㄠˇ　ㄖㄣˊ,指主管男女婚姻的神。＆指媒人。,,,,主條成語
714,馬首是瞻,ㄇㄚˇ　ㄕㄡˇ　ㄕˋ　ㄓㄢ,比喻服從指揮或跟隨他人進退。,亦步亦趨、唯命是從、唯命是聽,各行其是、馬首靡託,馬首前瞻,主條成語
715,疲於奔命,ㄆㄧˊ　ㄩˊ　ㄅㄣ　ㄇㄧㄥˋ,形容事情繁多，奔波勞累。,人困馬乏、精疲力竭,逍遙自在,憊於奔命、疲於應命、罷於奔命,主條成語
716,害群之馬,ㄏㄞˋ　ㄑㄩㄣˊ　ㄓ　ㄇㄚˇ,比喻危害大眾的人。貶義。,,,,主條成語
717,鹿死誰手,ㄌㄨˋ　ㄙˇ　ㄕㄨㄟˊ　ㄕㄡˇ,比喻互相競爭，誰能取得最後的勝利。,,,,主條成語
718,捨生取義,ㄕㄜˇ　ㄕㄥ　ㄑㄩˇ　ㄧˋ,指為正義真理而不惜犧牲生命。,成仁取義、殉義忘生、殺身成仁、捨身求法,見利忘義、苟且偷生、貪生怕死、貪生害義,舍生取義、舍生取誼、釋生取義,主條成語
719,隨機應變,ㄙㄨㄟˊ　ㄐㄧ　ㄧㄥˋ　ㄅㄧㄢˋ,隨著時機和情況的變化而靈活應付。,因時制宜、見風使舵、見機行事,刻舟求劍、膠柱鼓瑟,應變隨機、臨機應變、隨勢應變、隨機制變,主條成語
720,學富五車,ㄒㄩㄝˊ　ㄈㄨˋ　ㄨˇ　ㄐㄩ,形容人書讀很多，學識廣博。,滿腹經綸,不學無術、胸無點墨、腹笥甚窘,博覽五車、惠施五車、書富五車、書讀五車、腹載五車,主條成語
721,集思廣益,ㄐㄧˊ　ㄙ　ㄍㄨㄤˇ　ㄧˋ,集結眾人的智慧，廣泛吸收有益的意見。,群策群力,一意孤行、固執己見、師心自用、剛愎自用、獨斷專行,廣思集益、廣益集思、集思廣議,主條成語
722,分庭抗禮,ㄈㄣ　ㄊㄧㄥˊ　ㄎㄤˋ　ㄌㄧˇ,以平等禮節相待。＆比喻兩者對立。,不相上下、平分秋色、平起平坐、勢均力敵、旗鼓相當、互別苗頭,自甘雌伏、俯首聽命,分庭伉禮、分廷抗禮,主條成語
723,鶉衣百結,ㄔㄨㄣˊ　ㄧ　ㄅㄞˇ　ㄐㄧㄝˊ,形容衣服破爛不堪。,衣衫襤褸,衣冠楚楚、西裝革履、穿金戴銀,懸鶉百結、百結懸鶉、百結鶉衣,主條成語
724,期期艾艾,ㄑㄧˊ　ㄑㄧˊ　ㄞˋ　ㄞˋ,形容口吃結巴的樣子。,結結巴巴,,,主條成語
725,應接不暇,ㄧㄥˋ　ㄐㄧㄝ　ㄅㄨˋ　ㄒㄧㄚˊ,形容景物繁多，來不及觀賞。＆比喻事情繁忙，難以應付。,目不暇給、手忙腳亂,一目了然、一望無遺、左右逢源、勝任愉快、遊刃有餘、應付自如,不暇應接、應接無暇、接應不暇,主條成語
726,殃及池魚,ㄧㄤ　ㄐㄧˊ　ㄔˊ　ㄩˊ,比喻無故受到牽累。,波及無辜、無妄之災,,池魚之禍、魚池之殃,主條成語
727,患得患失,ㄏㄨㄢˋ　ㄉㄜˊ　ㄏㄨㄢˋ　ㄕ,形容人的得失心很重。,,,患得失,主條成語
728,瞻前顧後,ㄓㄢ　ㄑㄧㄢˊ　ㄍㄨˋ　ㄏㄡˋ,形容做事謹慎周密。褒義。＆做事猶豫不決，顧慮太多。貶義。,三思而行、謹小慎微、猶豫不決、舉棋不定,一往直前、輕舉妄動、當機立斷,前瞻後慮、顧後瞻前,主條成語
729,鞠躬盡瘁,ㄐㄩˊ　ㄍㄨㄥ　ㄐㄧㄣˋ　ㄘㄨㄟˋ,比喻恭敬謹慎，不辭勞病地貢獻心力。,全心全意、竭盡全力、摩頂放踵、殫精竭慮,敷衍塞責,盡瘁鞠躬,主條成語
730,愛莫能助,ㄞˋ　ㄇㄛˋ　ㄋㄥˊ　ㄓㄨˋ,內心雖然同情，想要幫助卻無能為力。,心有餘而力不足、心餘力絀,拔刀相助,愛莫助之,主條成語
731,長袖善舞,ㄔㄤˊ　ㄒㄧㄡˋ　ㄕㄢˋ　ㄨˇ,比喻手腕極佳，善於社交。,八面玲瓏,剛毅木訥,,主條成語
732,樹倒猢猻散,ㄕㄨˋ　ㄉㄠˇ　ㄏㄨˊ　ㄙㄨㄣ　ㄙㄢˋ,比喻有權勢的人一旦失勢，其依附者隨即散去。,樹倒鳥飛,,,主條成語
733,洗耳恭聽,ㄒㄧˇ　ㄦˇ　ㄍㄨㄥ　ㄊㄧㄥ,比喻專心恭敬的聆聽。,張耳拱聽、傾耳而聽,充耳不聞、秋風過耳、馬耳東風,洗耳拱聽,主條成語
734,靡靡之音,ㄇㄧˇ　ㄇㄧˇ　ㄓ　ㄧㄣ,指頹廢淫蕩、足以使人喪志的音樂。,亡國之音、鄭衛之音、濮上之音,陽春白雪,靡靡之樂、靡靡之聲、靡靡之響,主條成語
735,不勝枚舉,ㄅㄨˋ　ㄕㄥ　ㄇㄟˊ　ㄐㄩˇ,事物太多，不能一一舉出。,不可悉數、不可勝數,屈指可數、寥若晨星、寥寥無幾、歷歷可數,不可枚舉、未能枚舉、難以枚舉,主條成語
736,疾言厲色,ㄐㄧˊ　ㄧㄢˊ　ㄌㄧˋ　ㄙㄜˋ,言語急迫，神色嚴厲。形容人發怒的樣子。,正言厲色、聲色俱厲,和顏悅色,厲色疾言、嚴聲厲色、疾聲遽色、疾言遽色、直言厲色,主條成語
737,立錐之地,ㄌㄧˋ　ㄓㄨㄟ　ㄓ　ㄉㄧˋ,比喻極微小的地方。,立足之地、容身之地、彈丸之地,,卓錐之地、立錐之土、置錐之地,主條成語
738,亭亭玉立,ㄊㄧㄥˊ　ㄊㄧㄥˊ　ㄩˋ　ㄌㄧˋ,形容女子身材修長美麗。＆形容花木、山峰等的挺拔姿勢。,,,亭亭獨立、亭亭而立、玉立亭亭,主條成語
739,不知所措,ㄅㄨˋ　ㄓ　ㄙㄨㄛˇ　ㄘㄨㄛˋ,形容人惶恐不安，不知道怎麼辦才好。,手忙腳亂、手足無措、六神無主、張皇失措、驚惶失措,泰然自若、從容不迫、應付自如、臨危不亂,未知所措、罔知所措、莫知所措,主條成語
740,天作之合,ㄊㄧㄢ　ㄗㄨㄛˋ　ㄓ　ㄏㄜˊ,天意撮合的婚姻，比喻美滿良緣。,天造地設、佳偶天成,彩鳳隨鴉,,主條成語
741,淋漓盡致,ㄌㄧㄣˊ　ㄌㄧˊ　ㄐㄧㄣˋ　ㄓˋ,形容語言或文章表達得非常透澈。＆形容表現生動逼真。,刻畫入微、刻畫入微,不著邊際、輕描淡寫,淋漓痛快、淋漓透徹、淋漓透澈、痛快淋漓,主條成語
742,包羅萬象,ㄅㄠ　ㄌㄨㄛˊ　ㄨㄢˋ　ㄒㄧㄤˋ,形容內容豐富，應有盡有。,一應俱全、森羅萬象、無所不包、無所不有、應有盡有,一無所有、空空如也,包含萬象、包羅萬彙、萬象包羅,主條成語
743,迫不及待,ㄆㄛˋ　ㄅㄨˋ　ㄐㄧˊ　ㄉㄞˋ,形容心情急切，不願等待。,刻不容緩、迫在眉睫、急不可待、急如星火、燃眉之急,待時而動、從容不迫,,主條成語
744,海誓山盟,ㄏㄞˇ　ㄕˋ　ㄕㄢ　ㄇㄥˊ,誓言盟約如山海般堅固持久，永恆不變。,天長地久、地老天荒、金石之盟、信誓旦旦、海枯石爛,出爾反爾、自食其言、言而無信、食言而肥、背信棄義,山海之盟、山盟海誓、河盟山誓、海約山盟、盟山誓海、誓山盟海、誓海盟山,主條成語
745,仁至義盡,ㄖㄣˊ　ㄓˋ　ㄧˋ　ㄐㄧㄣˋ,形容對他人盡最大的努力關懷照顧。,情至意盡,不仁不義、不聞不問、無情無義,義盡仁至,主條成語
746,悲天憫人,ㄅㄟ　ㄊㄧㄢ　ㄇㄧㄣˇ　ㄖㄣˊ,憂傷時局多變，哀憐百姓疾苦。,己飢己溺、民胞物與、惻隱之心,幸災樂禍、殘民以逞、漠然置之,憂世憫人、憂天憫人,主條成語
747,面面俱到,ㄇㄧㄢˋ　ㄇㄧㄢˋ　ㄐㄩˋ　ㄉㄠˋ,形容各方面都照顧到。,八面見光、八面玲瓏,掛一漏萬、顧此失彼,面面俱圓、面面皆到,主條成語
748,借刀殺人,ㄐㄧㄝˋ　ㄉㄠ　ㄕㄚ　ㄖㄣˊ,比喻假他人之手去害人。,二桃殺三士,,借劍殺人,主條成語
749,不見經傳,ㄅㄨˋ　ㄐㄧㄢˋ　ㄐㄧㄥ　ㄓㄨㄢˋ　（變）　ㄅㄨˊ　ㄐㄧㄢˋ　ㄐㄧㄥ　ㄓㄨㄢˋ,比喻沒有名氣。＆比喻缺乏根據，沒有來歷。,沒沒無聞、湮沒無聞,史不絕書、名垂竹帛、名垂青史、名揚四海、引經據典,不見書傳,主條成語
750,半斤八兩,ㄅㄢˋ　ㄐㄧㄣ　ㄅㄚ　ㄌㄧㄤˇ,比喻彼此相當，不相上下。,不相上下、平分秋色、伯仲之間、勢均力敵、旗鼓相當,天差地遠、天淵之別、天壤之別、判若天淵、相去萬里,八兩半斤,主條成語
751,浮光掠影,ㄈㄨˊ　ㄍㄨㄤ　ㄌㄩㄝˋ　ㄧㄥˇ,比喻見識粗淺，不夠仔細深入。＆比喻文章或言論的內容膚淺空泛。＆形容印象不深刻。,走馬看花、蜻蜓點水,,掠影浮光、浮光略影、游光掠影,主條成語
752,無所事事,ㄨˊ　ㄙㄨㄛˇ　ㄕˋ　ㄕˋ,形容閒蕩無事的樣子。,遊手好閒,日不暇給,一無事事,主條成語
753,無的放矢,ㄨˊ　ㄉㄧˋ　ㄈㄤˋ　ㄕˇ,比喻言語或行動沒有目的。＆比喻毫無事實根據而胡亂的指責、攻擊別人。,飛短流長、無事生非,言之鑿鑿、有的放矢,,主條成語
754,猶豫不決,ㄧㄡˊ　ㄩˋ　ㄅㄨˋ　ㄐㄩㄝˊ,遲疑不定，無法拿定主意。,狐疑不決、遲疑不決、優柔寡斷、舉棋不定,快刀斬亂麻、斬釘截鐵、當機立斷、毅然決然,猶豫未決,主條成語
755,美不勝收,ㄇㄟˇ　ㄅㄨˋ　ㄕㄥ　ㄕㄡ,形容美好的事物太多，無法盡收眼底。,目不暇給、琳琅滿目,,美不勝錄,主條成語
756,絕無僅有,ㄐㄩㄝˊ　ㄨˊ　ㄐㄧㄣˇ　ㄧㄡˇ,形容極為稀少。,天下無雙、絕世無雙、獨一無二、舉世無雙,司空見慣、車載斗量、恆河沙數、無獨有偶、屢見不鮮,幾無僅有,主條成語
757,山高水長,ㄕㄢ　ㄍㄠ　ㄕㄨㄟˇ　ㄔㄤˊ,比喻人品高潔，垂範久遠。＆比喻情誼或恩德深厚。＆形容山水景色秀麗。,光風霽月、高山仰止、德高望重、德隆望尊、嶽峙淵渟,,,主條成語
758,另眼相看,ㄌㄧㄥˋ　ㄧㄢˇ　ㄒㄧㄤ　ㄎㄢˋ,以特別的眼光或態度相待，以示重視或歧視。,刮目相看,一視同仁,另眼相待、另眼看待、另眼看承、另眼看覷,主條成語
759,秋毫無犯,ㄑㄧㄡ　ㄏㄠˊ　ㄨˊ　ㄈㄢˋ,比喻對任何東西都不侵犯、不取用。,一介不取、分文不取,雞犬不留,不犯秋毫、秋毫不染、秋毫不犯、秋毫無取、秋毫無擾、秋豪無犯,主條成語
760,小家碧玉,ㄒㄧㄠˇ　ㄐㄧㄚ　ㄅㄧˋ　ㄩˋ,指平常人家年輕貌美的 少女。,,大家閨秀、名門閨秀,碧玉小家,主條成語
761,世態炎涼,ㄕˋ　ㄊㄞˋ　ㄧㄢˊ　ㄌㄧㄤˊ,比喻世俗情態反覆無常。,人情冷暖、世風澆薄,患難與共,世俗炎涼、炎涼世態,主條成語
762,隔岸觀火,ㄍㄜˊ　ㄢˋ　ㄍㄨㄢ　ㄏㄨㄛˇ,比喻事不干己，袖手旁觀，漠不關心。,見死不救、作壁上觀、冷眼旁觀、袖手旁觀、漠不關心,扶危濟困、見義勇為、拔刀相助、排難解紛、當仁不讓,,主條成語
763,雷霆萬鈞,ㄌㄟˊ　ㄊㄧㄥˊ　ㄨㄢˋ　ㄐㄩㄣ,比喻威力強大，勢不可擋。,拔山蓋世、泰山壓頂、排山倒海、震天動地、勢不可當,,,主條成語
764,八拜之交,ㄅㄚ　ㄅㄞˋ　ㄓ　ㄐㄧㄠ,指結拜為異姓兄弟姊妹的朋友。,金蘭之契、桃園結義、義結金蘭,,八拜定交、八拜至交,主條成語
765,萬象更新,ㄨㄢˋ　ㄒㄧㄤˋ　ㄍㄥ　ㄒㄧㄣ,表示大自然界的事物或景象都改變得煥然一新。,面目一新、煥然一新,一成不變、始終如一,萬象新,主條成語
766,三姑六婆,ㄙㄢ　ㄍㄨ　ㄌㄧㄡˋ　ㄆㄛˊ,比喻愛搬弄是非的婦女。貶義。,,,,主條成語
767,死有餘辜,ㄙˇ　ㄧㄡˇ　ㄩˊ　ㄍㄨ,形容罪惡深重，死都不足以抵罪。貶義。,罪大惡極、罪不容誅、罪該萬死,,死有餘咎、死有餘罪、死有餘責,主條成語
768,巧奪天工,ㄑㄧㄠˇ　ㄉㄨㄛˊ　ㄊㄧㄢ　ㄍㄨㄥ,形容技藝巧妙。褒義。,出神入化、鬼斧神工,粗製濫造,巧侔造化、巧奪造化、巧絕天工、巧逾造化,主條成語
769,萬紫千紅,ㄨㄢˋ　ㄗˇ　ㄑㄧㄢ　ㄏㄨㄥˊ,形容百花盛開，色彩絢麗的景象。＆比喻事物豐富而多采多姿。,奼紫嫣紅、花團錦簇、桃紅柳綠,,千紅萬紫、百紫千紅、萬紅千紫、萬紅千翠,主條成語
770,罪不容誅,ㄗㄨㄟˋ　ㄅㄨˋ　ㄖㄨㄥˊ　ㄓㄨ,比喻罪大惡極。貶義。,罪大惡極、罪在不赦、罪惡昭著、罪該萬死、罪孽深重,,罪不容宥、罪不容恕、罪豈容誅,主條成語
771,當機立斷,ㄉㄤ　ㄐㄧ　ㄌㄧˋ　ㄉㄨㄢˋ,當下立刻作出決斷，毫不遲疑。,壯士斷腕、毅然決然、操刀必割,首鼠兩端、猶豫不決、遲疑不決、優柔寡斷、舉棋不定,應機立斷,主條成語
772,古色古香,ㄍㄨˇ　ㄙㄜˋ　ㄍㄨˇ　ㄒㄧㄤ,形容具有古舊典雅色彩和情調的書畫、或造型仿古的器物、建築、藝術品等。,古意盎然,,古香古色,主條成語
773,綽綽有餘,ㄔㄨㄛˋ　ㄔㄨㄛˋ　ㄧㄡˇ　ㄩˊ,形容各方面非常寬裕，足以應付所需。,恢恢有餘、遊刃有餘、綽有餘裕,力不從心、力不勝任、入不敷出、捉襟見肘、寅吃卯糧、綆短汲深,綽有餘、綽綽有裕、綽綽有餘力,主條成語
774,放蕩不羈,ㄈㄤˋ　ㄉㄤˋ　ㄅㄨˋ　ㄐㄧ,指豪放而不受拘束。＆形容行為放縱隨便，不加檢點。貶義。,放浪形骸、放縱不拘、放浪形骸、放縱不拘,規行矩步、循規蹈矩、謹小慎微,放浪不羈、放浪無羈、放達不羈,主條成語
775,半路出家,ㄅㄢˋ　ㄌㄨˋ　ㄔㄨ　ㄐㄧㄚ,比喻中途轉業改行。＆比喻成年後才出家為僧為尼。,,科班出身,半路修行,主條成語
776,漫不經心,ㄇㄢˋ　ㄅㄨˋ　ㄐㄧㄥ　ㄒㄧㄣ,隨隨便便，不加留意。,心不在焉、不以為意、掉以輕心、無關痛癢、漠不關心,全神貫注、專心致志、聚精會神,漫不加意、漫不經意,主條成語
777,如喪考妣,ㄖㄨˊ　ㄙㄤˋ　ㄎㄠˇ　ㄅㄧˇ,比喻悲痛至極。,呼天搶地、捶胸頓足、痛不欲生,心花怒放、樂不可支、興高采烈,若喪考妣,主條成語
778,憤世嫉俗,ㄈㄣˋ　ㄕˋ　ㄐㄧˊ　ㄙㄨˊ,形容腐敗的社會現狀及庸俗世態的痛恨。,忿恚不平,與時俯仰、隨波逐流、隨俗浮沉,憤世嫉邪、憤世疾惡、憤時嫉俗,主條成語
779,價值連城,ㄐㄧㄚˋ　ㄓˊ　ㄌㄧㄢˊ　ㄔㄥˊ,形容物品十分珍貴。,無價之寶,一錢不值,價抵連城、價比連城、價等連城、價重連城、連城之價,主條成語
780,事過境遷,ㄕˋ　ㄍㄨㄛˋ　ㄐㄧㄥˋ　ㄑㄧㄢ,事情過了，環境也已改變。,世易時移、物換星移、時過境遷、情隨事遷,一成不變,事過情遷、境過情遷、情隨事遷,主條成語
781,三言兩語,ㄙㄢ　ㄧㄢˊ　ㄌㄧㄤˇ　ㄩˇ,形容言語簡短。,,長篇大論、連篇累牘,三言五語、三言兩句,主條成語
782,兵荒馬亂,ㄅㄧㄥ　ㄏㄨㄤ　ㄇㄚˇ　ㄌㄨㄢˋ,形容戰爭所造成的混亂景象。,兵戈擾攘、兵馬倥傯、兵連禍結,天下太平、太平盛世、安居樂業、國泰民安,兵慌馬亂,主條成語
783,一瀉千里,ㄧ　ㄒㄧㄝˋ　ㄑㄧㄢ　ㄌㄧˇ　（變）　ㄧˊ　ㄒㄧㄝˋ　ㄑㄧㄢ　ㄌㄧˇ,形容水奔流直下，通暢快速。＆比喻文筆流暢，氣勢奔放。＆比喻快速下降且持續不停。,筆翰如流、一落千丈、江河日下、每下愈況,扶搖直上、一飛沖天,,主條成語
784,一勞永逸,ㄧ　ㄌㄠˊ　ㄩㄥˇ　ㄧˋ　（變）　ㄧˋ　ㄌㄠˊ　ㄩㄥˇ　ㄧˋ,經過一次的勞苦，就能獲得永久的安逸。,,,一勞久逸、暫勞永逸,主條成語
785,暮鼓晨鐘,ㄇㄨˋ　ㄍㄨˇ　ㄔㄣˊ　ㄓㄨㄥ,佛寺中早晚報時的鐘鼓。＆比喻使人警醒的力量。,金玉良言、震聾發瞶、醍醐灌頂,花言巧語,晨鐘暮磬、晨鐘暮鼓、暮鼓朝鐘、朝鐘暮鼓,主條成語
786,一呼百諾,ㄧ　ㄏㄨ　ㄅㄞˇ　ㄋㄨㄛˋ　（變）　ㄧˋ　ㄏㄨ　ㄅㄞˇ　ㄋㄨㄛˋ,形容權勢顯赫，隨從眾多。,一呼百應、前呼後擁、威風凜凜,形單影隻、無人問津,一呼再諾、一呼百喏,主條成語
787,夜長夢多,ㄧㄝˋ　ㄔㄤˊ　ㄇㄥˋ　ㄉㄨㄛ,比喻時間拖久了，易發生不利的變化。,,速戰速決,睡多夢長,主條成語
788,赤子之心,ㄔˋ　ㄗˇ　ㄓ　ㄒㄧㄣ,比喻純潔、善良的心地。,,,,主條成語
789,咎由自取,ㄐㄧㄡˋ　ㄧㄡˊ　ㄗˋ　ㄑㄩˇ,所有的罪過、災禍都是自己造成的。,自取其咎、自取其禍、罪有應得,禍從天降,侮由自取、咎皆自貽、孽由自取、禍由自取,主條成語
790,醉生夢死,ㄗㄨㄟˋ　ㄕㄥ　ㄇㄥˋ　ㄙˇ,比喻人糊裡糊塗或頹廢消沉地活著。貶義。,花天酒地、紙醉金迷、渾渾噩噩、燈紅酒綠,生氣勃勃、朝氣蓬勃、奮發圖強,,主條成語
791,秀外慧中,ㄒㄧㄡˋ　ㄨㄞˋ　ㄏㄨㄟˋ　ㄓㄨㄥ,形容一個人容貌秀美，內心聰慧。,才貌雙全、德容兼備,虛有其表,慧中秀外、秀外惠中,主條成語
792,遺臭萬年,ㄧˊ　ㄔㄡˋ　ㄨㄢˋ　ㄋㄧㄢˊ,惡名永傳後世，為人所唾棄。,臭名昭著,名垂青史、流芳百世、萬古流芳,萬年遺臭、遺臭千年、遺臭萬世、遺臭萬代、遺臭萬載,主條成語
793,夙夜匪懈,ㄙㄨˋ　ㄧㄝˋ　ㄈㄟˇ　ㄒㄧㄝˋ,形容日夜勤奮不懈怠。,夜以繼日、夙興夜寐、孜孜不倦,一暴十寒、半途而廢,匪懈夙宵、夙夜不懈、夙夜不解,主條成語
794,豁然貫通,ㄏㄨㄛˋ　ㄖㄢˊ　ㄍㄨㄢˋ　ㄊㄨㄥ,因對事理領悟通曉，而能全盤理解。,恍然大悟、茅塞頓開、豁然大悟、豁然開朗,一竅不通、大惑不解、百思不解,,主條成語
795,夙興夜寐,ㄙㄨˋ　ㄒㄧㄥ　ㄧㄝˋ　ㄇㄟˋ,形容終日勤勞。,夙夜匪懈、披星戴月、宵衣旰食,好逸惡勞、得過且過、無所事事、飽食終日,,主條成語
796,一板一眼,ㄧ　ㄅㄢˇ　ㄧ　ㄧㄢˇ　（變）　ㄧˋ　ㄅㄢˇ　ㄧˋ　ㄧㄢˇ,比喻人言行謹守法規，有條有理。,,,一板三眼、三眼一板,主條成語
797,含飴弄孫,ㄏㄢˊ　ㄧˊ　ㄋㄨㄥˋ　ㄙㄨㄣ,形容老年人恬適悠閒的生活樂趣。,頤養天年,,弄孫含飴,主條成語
798,作壁上觀,ㄗㄨㄛˋ　ㄅㄧˋ　ㄕㄤˋ　ㄍㄨㄢ,比喻坐觀成敗，不幫助任何一方。,坐觀成敗、冷眼旁觀、袖手旁觀、隔山觀虎鬥、隔岸觀火,打抱不平、拔刀相助、挺身而出、排難解紛,從壁上觀,主條成語
799,鉤心鬥角,ㄍㄡ　ㄒㄧㄣ　ㄉㄡˋ　ㄐㄧㄠˇ,比喻競鬥心機，刻意經營。,明爭暗鬥、明槍暗箭、爾虞我詐,同心協力、肝膽相照、披肝瀝膽、相安無事、推心置腹、開誠布公,鬥角鉤心,主條成語
800,正本清源,ㄓㄥˋ　ㄅㄣˇ　ㄑㄧㄥ　ㄩㄢˊ,比喻澈底改革以解決問題。,,捨本逐末,塞源端本、敦本正源、正本澄源、清原正本、清源正本、澄源正本、端本正源、端本澄源,主條成語
801,顛撲不破,ㄉㄧㄢ　ㄆㄨ　ㄅㄨˋ　ㄆㄛˋ　（變）　ㄉㄧㄢ　ㄆㄨ　ㄅㄨˊ　ㄆㄛˋ,比喻理論真確可靠，永遠不能被改易或推翻。,牢不可破、堅不可摧,不攻自破、漏洞百出,?撲不碎、顛撲不磨、顛簸不破,主條成語
802,聲淚俱下,ㄕㄥ　ㄌㄟˋ　ㄐㄩˋ　ㄒㄧㄚˋ,形容極度悲慟、激動。,泣不成聲、淚如雨下、痛哭流涕,眉開眼笑、笑逐顏開,聲淚俱咽、聲淚俱發、言淚俱下、辭淚俱下,主條成語
803,老奸巨猾,ㄌㄠˇ　ㄐㄧㄢ　ㄐㄩˋ　ㄏㄨㄚˊ,形容人世故老練、極為奸詐狡猾。貶義。,老謀深算、陰險狡詐、詭計多端,正人君子、狷介之士,巨猾老奸、老姦大猾、老姦巨猾,主條成語
804,壯志凌雲,ㄓㄨㄤˋ　ㄓˋ　ㄌㄧㄥˊ　ㄩㄣˊ,形容志氣高遠。,志在千里、青雲之志、凌雲之志、雄心壯志、雄心萬丈、鴻鵠之志,胸無大志,凌雲壯志、凌雲意氣、壯志淩雲、志陵雲霓、意氣干雲、氣概凌雲、膽氣凌雲,主條成語
805,眼高手低,ㄧㄢˇ　ㄍㄠ　ㄕㄡˇ　ㄉㄧ,比喻要求標準高，而實行能力低。貶義。,才疏意廣、志大才疏、智小謀大,腳踏實地,眼高手拙、眼高手生,主條成語
806,圖窮匕見,ㄊㄨˊ　ㄑㄩㄥˊ　ㄅㄧˇ　ㄒㄧㄢˋ,比喻事情發展到最後，形跡敗露，現出真相。,水落石出、東窗事發、露出馬腳,,,主條成語
807,名正言順,ㄇㄧㄥˊ　ㄓㄥˋ　ㄧㄢˊ　ㄕㄨㄣˋ,指所做的事正當而合理，不容置疑。,堂堂正正,盜名竊位,,主條成語
808,光怪陸離,ㄍㄨㄤ　ㄍㄨㄞˋ　ㄌㄨˋ　ㄌㄧˊ,形容現象離奇怪異，色彩參差錯雜。,千奇百怪、五光十色、五花八門、奇形怪狀、斑駁陸離,,神光陸離、陸離光怪,主條成語
809,兢兢業業,ㄐㄧㄥ　ㄐㄧㄥ　ㄧㄝˋ　ㄧㄝˋ,形容戒慎恐懼，認真負責的樣子。,小心翼翼、戰戰兢兢,馬馬虎虎、虛應故事、敷衍了事,兢兢翼翼、業業兢兢、矜矜業業,主條成語
810,金科玉律,ㄐㄧㄣ　ㄎㄜ　ㄩˋ　ㄌㄩˋ,形容完善嚴密的法律條文或比喻不可變更的信條。,至理名言,,玉律金科、金科玉條,主條成語
811,各自為政,ㄍㄜˋ　ㄗˋ　ㄨㄟˊ　ㄓㄥˋ,各依自己的主張行事，不顧全整體。,各行其是,同心協力、群策群力,各自為謀,主條成語
812,瓦釜雷鳴,ㄨㄚˇ　ㄈㄨˇ　ㄌㄟˊ　ㄇㄧㄥˊ,比喻平庸無才德的人卻居於顯赫的高位。＆比喻拙劣的文章卻風行於世。,小人得志,,瓦缶雷鳴、瓦釜之鳴、瓦釜鳴雷、雷鳴瓦釜,主條成語
813,通權達變,ㄊㄨㄥ　ㄑㄩㄢˊ　ㄉㄚˊ　ㄅㄧㄢˋ,指不墨守常規，根據實際情況作適當的處置。,隨機應變,守株待兔、墨守成規,應權通變、通時達變、達權應變、達權知變、達權通變,主條成語
814,望穿秋水,ㄨㄤˋ　ㄔㄨㄢ　ㄑㄧㄡ　ㄕㄨㄟˇ,形容殷切盼望。,望眼欲穿,,,主條成語
815,高抬貴手,ㄍㄠ　ㄊㄞˊ　ㄍㄨㄟˋ　ㄕㄡˇ,請求寬容饒恕的客套話。,手下留情、網開一面,趕盡殺絕,貴手高抬,主條成語
816,移花接木,ㄧˊ　ㄏㄨㄚ　ㄐㄧㄝ　ㄇㄨˋ,比喻暗中使用手段，以假換真，欺騙他人。,偷天換日、偷梁換柱、偷龍轉鳳,貨真價實,接木移花、換柳移花、花移木接,主條成語
817,不可一世,ㄅㄨˋ　ㄎㄜˇ　ㄧ　ㄕˋ　（變）　ㄅㄨˋ　ㄎㄜˇ　ㄧˊ　ㄕˋ,指人驕橫自大，目空一切，以為他人無與倫比。貶義。,目中無人、目空一切、目無餘子、妄自尊大、自命不凡、自高自大、唯我獨尊,虛己受人、虛懷若谷、謙沖自牧,不屑一世、不肯一世,主條成語
818,柳暗花明,ㄌㄧㄡˇ　ㄢˋ　ㄏㄨㄚ　ㄇㄧㄥˊ,形容綠柳成蔭，繁花似錦的美景。＆比喻在曲折艱辛之後，忽然絕處逢生，另有一番情景。,花光柳影、花團錦簇、花嬌柳媚、柳綠花紅、桃紅柳綠、否極泰來、峰迴路轉、絕處逢生,山窮水盡,花明柳暗,主條成語
819,引經據典,ㄧㄣˇ　ㄐㄧㄥ　ㄐㄩˋ　ㄉㄧㄢˇ,引用經書典籍等做為說話、作文的依據。,旁徵博引,言不諳典,引經據古、引經據禮、引經據義、援經據典、據經引傳,主條成語
820,有條不紊,ㄧㄡˇ　ㄊㄧㄠˊ　ㄅㄨˋ　ㄨㄣˋ　（變）　ㄧㄡˇ　ㄊㄧㄠˊ　ㄅㄨˊ　ㄨㄣˋ,指條理分明，有次序而不雜亂。褒義。,井井有條、井然有序,亂七八糟、雜亂無章,有條有理,主條成語
821,汗馬功勞,ㄏㄢˋ　ㄇㄚˇ　ㄍㄨㄥ　ㄌㄠˊ,指征戰的功勞，亦泛指一般的功勞。,勞苦功高、豐功偉績,毛髮之功,汗馬之功、汗馬之勞、汗馬之績、汗馬功績、汗馬勛勞,主條成語
822,如願以償,ㄖㄨˊ　ㄩㄢˋ　ㄧˇ　ㄔㄤˊ,心願得以實現。,得償所願、稱心如意,天違人願、事與願違,,主條成語
823,脫穎而出,ㄊㄨㄛ　ㄧㄥˇ　ㄦˊ　ㄔㄨ,比喻顯露才能，超越眾人。,出類拔萃、嶄露頭角、頭角崢嶸,,穎脫而出,主條成語
824,割雞焉用牛刀,ㄍㄜ　ㄐㄧ　ㄧㄢ　ㄩㄥˋ　ㄋㄧㄡˊ　ㄉㄠ,比喻處理小事，毋需大才。,大材小用、牛鼎烹雞,小材大用,割雞焉用、殺雞焉用牛刀、焉用牛刀,主條成語
825,低聲下氣,ㄉㄧ　ㄕㄥ　ㄒㄧㄚˋ　ㄑㄧˋ,形容說話恭順小心的樣子。,下氣怡聲、低首下心、俯首帖耳,不亢不卑、昂首挺胸、威武不屈、趾高氣揚,低心下氣,主條成語
826,楚材晉用,ㄔㄨˇ　ㄘㄞˊ　ㄐㄧㄣˋ　ㄩㄥˋ,比喻人才外流。,,,,主條成語
827,引狼入室,ㄧㄣˇ　ㄌㄤˊ　ㄖㄨˋ　ㄕˋ,比喻自招其禍。,引水入牆、開門揖盜,,引盜入闥、引虎入室、引賊入家、縱虎入室,主條成語
828,解衣推食,ㄐㄧㄝˇ　ㄧ　ㄊㄨㄟ　ㄕˊ,將衣食贈送他人，以示關懷之意。,,不聞不問、幸災樂禍、落井下石,推食解衣,主條成語
829,兵不厭詐,ㄅㄧㄥ　ㄅㄨˋ　ㄧㄢˋ　ㄓㄚˋ　（變）　ㄅㄧㄥ　ㄅㄨˊ　ㄧㄢˋ　ㄓㄚˋ,本指作戰時不排斥以欺詐的方法來取勝。後亦比喻做事為了達到目的，不排斥使用詭詐的手段。,兵行詭道,,兵不厭權,主條成語
830,漸入佳境,ㄐㄧㄢˋ　ㄖㄨˋ　ㄐㄧㄚ　ㄐㄧㄥˋ,比喻境況逐漸進展至美好的境界或興味漸濃。,,每下愈況,佳境漸入、漸至佳境,主條成語
831,老成持重,ㄌㄠˇ　ㄔㄥˊ　ㄔˊ　ㄓㄨㄥˋ,形容人成熟老練，處事沉著穩重。,老成練達、老於世故,少不更事,持重老成,主條成語
832,一事無成,ㄧ　ㄕˋ　ㄨˊ　ㄔㄥˊ　（變）　ㄧˊ　ㄕˋ　ㄨˊ　ㄔㄥˊ,一件事也沒做成。＆指事業毫無成就。,一無所成、一無所成,功成名就,一事未成、不成一事、事事無成、百事無成、萬事無成,主條成語
833,百步穿楊,ㄅㄞˇ　ㄅㄨˋ　ㄔㄨㄢ　ㄧㄤˊ,形容射箭技術高超。＆形容射擊技藝高強。,百發百中、百發百中、彈無虛發,,百發穿楊、穿楊百步,主條成語
834,金屋藏嬌,ㄐㄧㄣ　ㄨ　ㄘㄤˊ　ㄐㄧㄠ,比喻男子納妾或有外遇之事。,,,金屋貯嬌,主條成語
835,任重道遠,ㄖㄣˋ　ㄓㄨㄥˋ　ㄉㄠˋ　ㄩㄢˇ,比喻長期肩負重大的任務。,引重致遠、任重致遠、負重致遠,避難就易,道遠任重,主條成語
836,一蹶不振,ㄧ　ㄐㄩㄝˊ　ㄅㄨˋ　ㄓㄣˋ　（變）　ㄧˋ　ㄐㄩㄝˊ　ㄅㄨˊ　ㄓㄣˋ,比喻一遭受挫敗，就再也不能振作起來。,,再接再厲、百折不撓、東山再起、重整旗鼓、捲土重來、屢仆屢起,一跌不振、跌而不振、踣不復振,主條成語
837,近悅遠來,ㄐㄧㄣˋ　ㄩㄝˋ　ㄩㄢˇ　ㄌㄞˊ,形容政治清明，德澤風行。＆形容在商場上遠近馳名而顧客眾多。,政通人和、眾望所歸、門庭若市、高朋滿座,怨聲載道、門可羅雀,悅近來遠,主條成語
838,因地制宜,ㄧㄣ　ㄉㄧˋ　ㄓˋ　ㄧˊ,根據不同環境的實際情況制定相應的妥善辦法。,相機行事、隨機應變,生搬硬套、刻舟求劍、墨守成規、膠柱鼓瑟,,主條成語
839,冷眼旁觀,ㄌㄥˇ　ㄧㄢˇ　ㄆㄤˊ　ㄍㄨㄢ,形容用冷靜的眼光在旁觀察。＆形容漠不關心。,坐視不救、作壁上觀、袖手旁觀、置身事外、隔岸觀火、漠不關心,打抱不平、見義勇為、拔刀相助,冷眼傍觀,主條成語
840,千載一時,ㄑㄧㄢ　ㄗㄞˇ　ㄧ　ㄕˊ　（變）　ㄑㄧㄢ　ㄗㄞˇ　ㄧˋ　ㄕˊ,形容機會十分難得，稍縱即逝。,千載難逢,司空見慣、家常便飯,千歲一時、千載一會、千載一逢、千載一遇、萬世一時,主條成語
841,七零八落,ㄑㄧ　ㄌㄧㄥˊ　ㄅㄚ　ㄌㄨㄛˋ,形容零散的樣子。＆形容支離破碎，殘敗不完整。＆形容數量稀少。,七零八散、亂七八糟,井然有序、有條有理、條理井然、櫛比鱗次,,主條成語
842,千鈞一髮,ㄑㄧㄢ　ㄐㄩㄣ　ㄧ　ㄈㄚˇ　（變）　ㄑㄧㄢ　ㄐㄩㄣ　ㄧˋ　ㄈㄚˇ,比喻非常危險。,九死一生、危如累卵、岌岌可危、間不容髮,安如泰山、安如磐石,一縷千鈞、一髮千鈞、髮引千鈞,主條成語
843,光明磊落,ㄍㄨㄤ　ㄇㄧㄥˊ　ㄌㄟˇ　ㄌㄨㄛˋ,形容心地無私，胸懷坦蕩。,不愧屋漏、不欺暗室、光明正大、襟懷坦蕩,心懷不軌、別有居心、暗室可欺、暗室虧心、偷偷摸摸,磊落光明,主條成語
844,大千世界,ㄉㄚˋ　ㄑㄧㄢ　ㄕˋ　ㄐㄧㄝˋ,比喻廣闊無邊、千奇百怪的世界。,花花世界,,三千世界,主條成語
845,同病相憐,ㄊㄨㄥˊ　ㄅㄧㄥˋ　ㄒㄧㄤ　ㄌㄧㄢˊ,有同樣不幸遭遇的人互相同情。,同憂相救、兔死狐悲、物傷其類、惺惺相惜,同行必妒,同病相矜、相憐同病,主條成語
846,大刀闊斧,ㄉㄚˋ　ㄉㄠ　ㄎㄨㄛˋ　ㄈㄨˇ,砍斷有力。＆形容做事果斷有魄力。,快刀斬亂麻、雷厲風行,畏首畏尾、優柔寡斷,,主條成語
847,生龍活虎,ㄕㄥ　ㄌㄨㄥˊ　ㄏㄨㄛˊ　ㄏㄨˇ,比喻活潑勇猛，生氣勃勃。,生氣勃勃、朝氣蓬勃、龍馬精神、龍騰虎躍,老氣橫秋、死氣沉沉、無精打采、奄奄一息、暮氣沉沉,活虎生龍,主條成語
848,同床異夢,ㄊㄨㄥˊ　ㄔㄨㄤˊ　ㄧˋ　ㄇㄥˋ,比喻共同生活或一起做事的人意見不同，各有各的打算。,貌合神離,心心相印、夫唱婦隨、同心同德、志同道合,同床各夢、連床各?,主條成語
849,出其不意,ㄔㄨ　ㄑㄧˊ　ㄅㄨˋ　ㄧˋ　（變）　ㄔㄨ　ㄑㄧˊ　ㄅㄨˊ　ㄧˋ,指趁人不備，出乎對方意料之外。,出人意表、攻其不備,不出所料,乘其不意、擊其不意,主條成語
850,交頭接耳,ㄐㄧㄠ　ㄊㄡˊ　ㄐㄧㄝ　ㄦˇ,形容低聲私語。,竊竊私語,高談闊論,接耳交頭,主條成語
851,不知所云,ㄅㄨˋ　ㄓ　ㄙㄨㄛˇ　ㄩㄣˊ,言語模糊或內容空洞，無法得知意旨為何。,不著邊際、語無倫次,言簡意賅,,主條成語
852,寸草不留,ㄘㄨㄣˋ　ㄘㄠˇ　ㄅㄨˋ　ㄌㄧㄡˊ,比喻消滅殆盡。,一掃而光、斬盡殺絕、掃地無餘、趕盡殺絕、雞犬不留,留有餘地,不遺寸草、寸草無遺,主條成語
853,巧言令色,ㄑㄧㄠˇ　ㄧㄢˊ　ㄌㄧㄥˋ　ㄙㄜˋ,形容人矯情虛偽。貶義。,花言巧語、諂詞令色,疾言厲色、義正辭嚴、聲色俱厲,令色巧言、巧言善色,主條成語
854,木已成舟,ㄇㄨˋ　ㄧˇ　ㄔㄥˊ　ㄓㄡ,比喻已成事實，無法改變。,米已成炊、覆水難收,未定之天,,主條成語
855,不言而喻,ㄅㄨˋ　ㄧㄢˊ　ㄦˊ　ㄩˋ,事態明顯，不待說明即可曉悟。,顯而易見,不可言喻,不言而明,主條成語
856,不苟言笑,ㄅㄨˋ　ㄍㄡˇ　ㄧㄢˊ　ㄒㄧㄠˋ,不隨便談笑，態度嚴肅。,一本正經、不苟言談,和藹可親、談笑風生、嘻皮笑臉,不妄言笑、言笑不苟,主條成語
857,出言不遜,ㄔㄨ　ㄧㄢˊ　ㄅㄨˋ　ㄒㄩㄣˋ　（變）　ㄔㄨ　ㄧㄢˊ　ㄅㄨˊ　ㄒㄩㄣˋ,說話傲慢無禮。,,卑辭厚禮、彬彬有禮,出言無狀、口出不遜,主條成語
858,切磋琢磨,ㄑㄧㄝ　ㄘㄨㄛ　ㄓㄨㄛˊ　ㄇㄛˊ,比喻互相研究討論，取長補短，以求精進。,精益求精,獨學孤陋、獨學寡聞,切瑳琢磨,主條成語
859,大驚小怪,ㄉㄚˋ　ㄐㄧㄥ　ㄒㄧㄠˇ　ㄍㄨㄞˋ,形容為一些不足為奇的小事而過分聲張、驚怪。,少見多怪、失驚打怪、蜀犬吠日、粵犬吠雪,見怪不怪,,主條成語
860,見利忘義,ㄐㄧㄢˋ　ㄌㄧˋ　ㄨㄤˋ　ㄧˋ,見到有利可圖就不顧道義。貶義。,利令智昏、利慾薰心、財迷心竅、臨財苟得,仗義疏財、見利思義、輕財好義、臨財不苟,好利忘義、昧利忘義、見利忘害,主條成語
861,手足無措,ㄕㄡˇ　ㄗㄨˊ　ㄨˊ　ㄘㄨㄛˋ,形容人惶恐不安，不知如何是好。,手忙腳亂、不知所措、六神無主、張皇失措、驚慌失措,泰然自若、從容不迫、應付自如、臨危不亂,手腳無措、手足失措、手足靡措、無所措手、莫措手足,主條成語
862,老蚌生珠,ㄌㄠˇ　ㄅㄤˋ　ㄕㄥ　ㄓㄨ,比喻年老得子，或稱高齡的女性產下子女。使用上常帶有戲謔的性質。,,,明珠生蚌、珠生老蚌、老蚌出珠,主條成語
863,膠柱鼓瑟,ㄐㄧㄠ　ㄓㄨˋ　ㄍㄨˇ　ㄙㄜˋ,比喻做事拘泥而不知變通。貶義。,守株待兔、刻舟求劍、食古不化,見風使舵、見機行事、通權達變、隨機應變,膠柱調瑟,主條成語
864,以身試法,ㄧˇ　ㄕㄣ　ㄕˋ　ㄈㄚˇ,無視於法律的制裁而故意犯法。,,奉公守法,以身試禍、以身試險,主條成語
865,正中下懷,ㄓㄥˋ　ㄓㄨㄥˋ　ㄒㄧㄚˋ　ㄏㄨㄞˊ,形容恰好符合自己的心意。,如願以償、稱心如意,大失所望、事與願違,恰中下懷、正中其懷、正中己懷,主條成語
866,方興未艾,ㄈㄤ　ㄒㄧㄥ　ㄨㄟˋ　ㄞˋ,比喻事態正在蓬勃發展。,方興日盛、日增月盛,江河日下、每下愈況,方昌未艾、方盛未艾,主條成語
867,日新月異,ㄖˋ　ㄒㄧㄣ　ㄩㄝˋ　ㄧˋ,形容發展或進步快速，不斷出現新事物或新現象。,一日千里、百尺竿頭,一成不變、一如既往、每下愈況、依然如故、陳陳相因,日新月盛、日異月新,主條成語
868,付之一炬,ㄈㄨˋ　ㄓ　ㄧ　ㄐㄩˋ　（變）　ㄈㄨˋ　ㄓ　ㄧˊ　ㄐㄩˋ,指物品、成果悉數被焚燬。,化為烏有、付之東流、灰飛煙滅,,付之丙丁、付與一炬、付諸一炬,主條成語
869,日月如梭,ㄖˋ　ㄩㄝˋ　ㄖㄨˊ　ㄙㄨㄛ,形容時光消逝迅速。,日居月諸、白駒過隙、石火電光、光陰似箭、光陰荏苒、歲月如流,,歲月如梭,主條成語
870,春華秋實,ㄔㄨㄣ　ㄏㄨㄚ　ㄑㄧㄡ　ㄕˊ,春天開花，秋天結果的自然景象。＆比喻文質，各具擅勝。＆比喻努力與成果過程的因果關係。,各有千秋,,春花秋實,主條成語
871,屈指可數,ㄑㄩ　ㄓˇ　ㄎㄜˇ　ㄕㄨˇ,形容數量很少。,寥若晨星、寥寥可數、寥寥無幾,不可勝數、不計其數、不勝枚舉、比比皆是、多如牛毛、車載斗量、恆河沙數、盈千累萬、俯拾即是,僂指可數、屈指而數,主條成語
872,恬不知恥,ㄊㄧㄢˊ　ㄅㄨˋ　ㄓ　ㄔˇ,有過錯卻安然不以為恥辱。貶義。,厚顏無恥、寡廉鮮恥,行己有恥,恬不為恥、恬不知愧、恬不知羞,主條成語
873,削足適履,ㄒㄩㄝˋ　ㄗㄨˊ　ㄕˋ　ㄌㄩˇ,比喻拘泥成例，勉強遷就，而不知變通。貶義。,生搬硬套、殺頭便冠,因地制宜、因時制宜、量體裁衣,刖趾適屨、刻足適屨、截趾適屨、??足適履,主條成語
874,眉飛色舞,ㄇㄟˊ　ㄈㄟ　ㄙㄜˋ　ㄨˇ,形容非常喜悅得意的神情。,眉開眼笑、喜形於色、喜眉笑眼、喜笑顏開,垂頭喪氣、愁眉不展、愁眉苦臉、愁眉鎖眼,眉飛目舞、色舞眉飛、色飛眉舞,主條成語
875,昭然若揭,ㄓㄠ　ㄖㄢˊ　ㄖㄨㄛˋ　ㄐㄧㄝ,形容含義或真相非常清楚，顯而易見。,,,朗然若揭,主條成語
876,後起之秀,ㄏㄡˋ　ㄑㄧˇ　ㄓ　ㄒㄧㄡˋ,稱譽後輩中的優秀人物。褒義。,青出於藍、後生可畏,,後來之秀、後來之雋、後起之勁、後起之英、後進之秀,主條成語
877,杳如黃鶴,ㄧㄠˇ　ㄖㄨˊ　ㄏㄨㄤˊ　ㄏㄜˋ,比喻一去不返，無影無蹤。,一去不返、石沉大海、杳無音信、杳無蹤影、泥牛入海,,去如黃鶴,主條成語
878,洗心革面,ㄒㄧˇ　ㄒㄧㄣ　ㄍㄜˊ　ㄇㄧㄢˋ,比喻澈底悔悟，改過遷善。,改過遷善、脫胎換骨、痛改前非,文過飾非、依然如故、怙惡不悛,洗心回面、洗心革志、洗心革意、革面洗心,主條成語
879,信誓旦旦,ㄒㄧㄣˋ　ㄕˋ　ㄉㄢˋ　ㄉㄢˋ,指誓言說得非常誠懇可信。,山盟海誓、指天誓日,自食其言,旦旦信誓,主條成語
880,飛黃騰達,ㄈㄟ　ㄏㄨㄤˊ　ㄊㄥˊ　ㄉㄚˊ,比喻仕途得意，很快到達高位。,一日九遷、平步青雲、扶搖直上、青雲直上,一落千丈、下喬入幽、老死牖下、命途坎坷、時乖運蹇、偃蹇困窮、窮途潦倒、曝鰓龍門,飛黃騰踏、騰踏飛黃,主條成語
881,息事寧人,ㄒㄧˊ　ㄕˋ　ㄋㄧㄥˊ　ㄖㄣˊ,指平息紛爭，以使彼此相安。,,煽風點火,息事甯人、省事寧人,主條成語
882,花枝招展,ㄏㄨㄚ　ㄓ　ㄓㄠ　ㄓㄢˇ,比喻女子打扮美麗、婀娜多姿的樣子。＆形容花木的枝葉隨風搖擺，景致美好。,珠圍翠繞、濃妝豔抹、花紅柳綠,衣衫襤褸、荊釵布裙,花枝招颭,主條成語
883,故態復萌,ㄍㄨˋ　ㄊㄞˋ　ㄈㄨˋ　ㄇㄥˊ,形容老毛病又犯了。,,痛改前非,復為故態、故態復作、故態復還、故態萌、舊態復萌,主條成語
884,胡思亂想,ㄏㄨˊ　ㄙ　ㄌㄨㄢˋ　ㄒㄧㄤˇ,指不切實際地妄想。,想入非非,,亂想胡思、游思妄想、胡思亂量,主條成語
885,返老還童,ㄈㄢˇ　ㄌㄠˇ　ㄏㄨㄢˊ　ㄊㄨㄥˊ,由衰老恢復年輕。 ＆形容年紀雖大，卻像年輕人一樣精力充沛。,,未老先衰、老態龍鍾、頭童齒豁,反老成童、反老為少、反老還童、返老歸童、還童返少、還童返老,主條成語
886,馬革裹屍,ㄇㄚˇ　ㄍㄜˊ　ㄍㄨㄛˇ　ㄕ,比喻英勇作戰，效命沙場。,以身許國、捐軀報國,貪生怕死、臨陣脫逃,裹尸馬革、馬革裹尸,主條成語
887,旁敲側擊,ㄆㄤˊ　ㄑㄧㄠ　ㄘㄜˋ　ㄐㄧˊ,說話或寫文章不從正面直接說，而是用從旁比喻或暗示來表達。,拐彎抹角,直言不諱、直截了當、開門見山,,主條成語
888,粉墨登場,ㄈㄣˇ　ㄇㄛˋ　ㄉㄥ　ㄔㄤˇ,化妝登臺演戲。＆指在某一場合擔任某一腳色。,袍笏登場、優孟衣冠,,傅粉登場,主條成語
889,紙醉金迷,ㄓˇ　ㄗㄨㄟˋ　ㄐㄧㄣ　ㄇㄧˊ,比喻奢侈浮華的享樂生活。,花天酒地、燈紅酒綠,,金迷粉醉、金迷紙醉,主條成語
890,泰山壓卵,ㄊㄞˋ　ㄕㄢ　ㄧㄚ　ㄌㄨㄢˇ,比喻強弱懸殊，穩操勝算。,以碫投卵、摧枯拉朽,以卵投石、螳臂當車,太山壓卵、排山壓卵,主條成語
891,親痛仇快,ㄑㄧㄣ　ㄊㄨㄥˋ　ㄔㄡˊ　ㄎㄨㄞˋ,一個人因行為失當，而使親人痛心，仇人稱快。,,,,主條成語
892,烏合之眾,ㄨ　ㄏㄜˊ　ㄓ　ㄓㄨㄥˋ,比喻暫時湊合，無組織、無紀律的一群人。貶義。,一盤散沙、瓦合之卒,,烏合之卒、烏集之眾,主條成語
893,逆來順受,ㄋㄧˋ　ㄌㄞˊ　ㄕㄨㄣˋ　ㄕㄡˋ,以順從的態度接受惡劣環境或不合理的待遇。,犯而不校、委曲求全、唾面自乾,以牙還牙、以眼還眼,橫逆順受、逆境順受,主條成語
894,啞口無言,ㄧㄚˇ　ㄎㄡˇ　ㄨˊ　ㄧㄢˊ,遭人質問或駁斥時沉默不語或無言以對。,張口結舌、理屈詞窮、頓口無言、緘口無言,口若懸河、侃侃而談、呶呶不休、振振有詞、喋喋不休、滔滔不絕,噤口不言、直口無言、閉口無言、頓口無言,主條成語
895,將計就計,ㄐㄧㄤ　ㄐㄧˋ　ㄐㄧㄡˋ　ㄐㄧˋ,利用對方的計策，順水推舟，反施其計。,,,,主條成語
896,恃才傲物,ㄕˋ　ㄘㄞˊ　ㄠˋ　ㄨˋ,依仗本身有才幹而驕傲自大，目空一切。,才高氣傲、目空一切,虛懷若谷、謙沖自牧,恃才凌物、恃才驕物,主條成語
897,逃之夭夭,ㄊㄠˊ　ㄓ　ㄧㄠ　ㄧㄠ,形容逃跑得無影無蹤。,金蟬脫殼、溜之大吉,插翅難飛,,主條成語
898,等量齊觀,ㄉㄥˇ　ㄌㄧㄤˋ　ㄑㄧˊ　ㄍㄨㄢ,不分輕重，一律同等看待。,一視同仁、比量齊觀、相提並論,另眼相看、另當別論,齊量等觀,主條成語
899,蒸蒸日上,ㄓㄥ　ㄓㄥ　ㄖˋ　ㄕㄤˋ,形容事物不斷地進步發展。,方興未艾、如日方升,江河日下、每況愈下,蒸蒸日盛,主條成語
900,輕舉妄動,ㄑㄧㄥ　ㄐㄩˇ　ㄨㄤˋ　ㄉㄨㄥˋ,形容未經慎重考慮，輕率地採取行動。,輕率妄為、魯莽從事,三思而行、小心翼翼、深思熟慮、深謀遠慮、謀定後動、穩紮穩打,妄動輕為、躁動輕舉,主條成語
901,精益求精,ㄐㄧㄥ　ㄧˋ　ㄑㄧㄡˊ　ㄐㄧㄥ,指好還要更好的意思。,刮垢磨光,馬馬虎虎、得過且過、敷衍了事,已精求精,主條成語
902,摧枯拉朽,ㄘㄨㄟ　ㄎㄨ　ㄌㄚ　ㄒㄧㄡˇ,比喻極容易做到，毫不費力。,易如反掌、探囊取物、輕而易舉、甕中捉鱉,堅不可摧,拉朽摧枯、拉枯折朽、摧朽拉枯、摧枯折腐,主條成語
903,慷慨解囊,ㄎㄤ　ㄎㄞˇ　ㄐㄧㄝˇ　ㄋㄤˊ,指輕財仗義，毫不吝嗇地捐助錢財給人。,仗義疏財、傾囊相助,一毛不拔、愛財如命,,主條成語
904,按兵不動,ㄢˋ　ㄅㄧㄥ　ㄅㄨˋ　ㄉㄨㄥˋ　（變）　ㄢˋ　ㄅㄧㄥ　ㄅㄨˊ　ㄉㄨㄥˋ,形容暫時不採取行動。,按甲不出、按甲休兵,衝鋒陷陣、擊鼓進軍,按兵不舉、按甲不動、按軍不動,主條成語
905,荒謬絕倫,ㄏㄨㄤ　ㄇㄧㄡˋ　ㄐㄩㄝˊ　ㄌㄨㄣˊ,形容荒唐、錯誤到了極點。貶義。,大謬不然、荒誕不經、荒誕無稽,入情入理、天經地義、理所當然,,主條成語
906,盲人瞎馬,ㄇㄤˊ　ㄖㄣˊ　ㄒㄧㄚ　ㄇㄚˇ,比喻茫然不知處境極為危險。,,,,主條成語
907,蚍蜉撼樹,ㄆㄧˊ　ㄈㄨˊ　ㄏㄢˋ　ㄕㄨˋ,比喻不自量力。,不自量力、以卵擊石、夸父逐日、螳臂當車,泰山壓卵,撼樹蚍蜉、蚍蜉撼木,主條成語
908,深惡痛絕,ㄕㄣ　ㄨˋ　ㄊㄨㄥˋ　ㄐㄩㄝˊ,厭惡、痛恨到極點。,切齒腐心、咬牙切齒、恨之入骨、痛心疾首,,深惡痛嫉,主條成語
909,斬釘截鐵,ㄓㄢˇ　ㄉㄧㄥ　ㄐㄧㄝˊ　ㄊㄧㄝˇ,形容說話辦事堅決果斷，毫不猶豫。,,拖泥帶水、模稜兩可、優柔寡斷,截鐵斬釘、斬鋼截鐵,主條成語
910,殊途同歸,ㄕㄨ　ㄊㄨˊ　ㄊㄨㄥˊ　ㄍㄨㄟ,比喻採取的方法雖不同，所得的結果卻相同。,異曲同工、百慮一致,分道揚鑣、本同末異、背道而馳、南轅北轍,同歸殊塗、同歸殊途、殊塗一致、殊塗同會、殊塗同歸、殊塗同致、殊方同致、殊致同歸、殊路同歸、殊轍同歸、異趣同歸、異路同歸、異軫同歸、異途同歸,主條成語
911,千變萬化,ㄑㄧㄢ　ㄅㄧㄢˋ　ㄨㄢˋ　ㄏㄨㄚˋ,形容變化無窮。,瞬息萬變、變化多端、變化無窮、變幻莫測,一成不變、千篇一律,千變萬態、千變萬狀、千轉萬變、萬化千變,主條成語
912,弱肉強食,ㄖㄨㄛˋ　ㄖㄡˋ　ㄑㄧㄤˊ　ㄕˊ,比喻強者欺凌、吞併弱者。,倚強凌弱、優勝劣敗,共存共榮、鋤強扶弱,強食弱肉,主條成語
913,得不償失,ㄉㄜˊ　ㄅㄨˋ　ㄔㄤˊ　ㄕ,表示所得不足以抵補所失。,刀頭舔蜜、貪小失大,小往大來、亡羊得牛,得不償喪、得不償費、得不補失、得不酬失,主條成語
914,冥頑不靈,ㄇㄧㄥˊ　ㄨㄢˊ　ㄅㄨˋ　ㄌㄧㄥˊ,愚昧頑固而不通靈性。貶義。,執迷不悟、頑固不化,,頑冥不靈,主條成語
915,眾口鑠金,ㄓㄨㄥˋ　ㄎㄡˇ　ㄕㄨㄛˋ　ㄐㄧㄣ,比喻眾口同聲，往往積非成是。,人言可畏、三人成虎、積毀銷骨,,爍金眾口、眾口爍金、眾口金鑠、眾口銷金、群口鑠金、金銷眾口、鑠金眾口,主條成語
916,東食西宿,ㄉㄨㄥ　ㄕˊ　ㄒㄧ　ㄙㄨˋ,比喻企圖兼有兩利，貪得無厭。,狼貪鼠竊、貪得無厭,,西食東眠,主條成語
917,歌功頌德,ㄍㄜ　ㄍㄨㄥ　ㄙㄨㄥˋ　ㄉㄜˊ,歌頌功績和恩德。,,怨聲載道,歌頌功德、稱功頌德、銘功頌德,主條成語
918,望洋興嘆,ㄨㄤˋ　ㄧㄤˊ　ㄒㄧㄥ　ㄊㄢˋ,比喻因力量不夠而感到無可奈何。,力所不及、仰天長嘆、徒呼負負、無可奈何、無能為力,唾手可得,向若之歎、望洋之嘆、望洋而嘆、望洋興歎、望洋驚歎,主條成語
919,望風披靡,ㄨㄤˋ　ㄈㄥ　ㄆㄧ　ㄇㄧˇ,形容為強大的氣勢所壓倒。,望風而逃,,從風而靡、應風披靡、望風而潰、望風而靡、聞風披靡、隨風而靡,主條成語
920,好逸惡勞,ㄏㄠˋ　ㄧˋ　ㄨˋ　ㄌㄠˊ,貪圖安逸而不願勞動。貶義。,好吃懶做、玩歲愒日,吃苦耐勞,厭勞喜逸、惡勞樂佚、欲逸惡勞,主條成語
921,嬌生慣養,ㄐㄧㄠ　ㄕㄥ　ㄍㄨㄢˋ　ㄧㄤˇ,在備受寵愛縱容中成長。,衣來伸手、飯來張口、養尊處優,刻苦耐勞,嬌生貴養、慣養嬌生,主條成語
922,應對如流,ㄧㄥˋ　ㄉㄨㄟˋ　ㄖㄨˊ　ㄌㄧㄡˊ,形容才思敏捷，對答流利。褒義。,,啞口無言、張口結舌,對答如流、應答如注、應答如流、應答如響,主條成語
923,蓋棺論定,ㄍㄞˋ　ㄍㄨㄢ　ㄌㄨㄣˋ　ㄉㄧㄥˋ,人一生的是非功過，要到死後才能論定。＆比喻事情最後已有結論。,,,論定棺蓋,主條成語
924,樂極生悲,ㄌㄜˋ　ㄐㄧˊ　ㄕㄥ　ㄅㄟ,歡樂到了極點，往往會轉生悲哀。,興盡悲來,,樂極則悲、樂極哀來、樂極哀生、樂極悲來、樂極悲生、樂極災生、樂極生哀、樂盡哀生、樂終而悲,主條成語
925,雪泥鴻爪,ㄒㄩㄝˇ　ㄋㄧˊ　ㄏㄨㄥˊ　ㄓㄠˇ,比喻往事所遺留的痕跡。,,,泥雪鴻跡、飛鴻印雪、飛鴻雪爪、鴻泥雪爪、鴻爪雪泥,主條成語
926,揚湯止沸,ㄧㄤˊ　ㄊㄤ　ㄓˇ　ㄈㄟˋ,比喻暫時紓解困境，無法根本解決問題。,救火揚沸,釜底抽薪,,主條成語
927,無孔不入,ㄨˊ　ㄎㄨㄥˇ　ㄅㄨˋ　ㄖㄨˋ　（變）　ㄨˊ　ㄎㄨㄥˇ　ㄅㄨˊ　ㄖㄨˋ,任何空隙沒有不鑽進去的。＆比喻善於鑽營。貶義。,無所不至、鑽頭覓縫,天衣無縫、無隙可乘、無機可乘,無孔不鑽,主條成語
928,鵬程萬里,ㄆㄥˊ　ㄔㄥˊ　ㄨㄢˋ　ㄌㄧˇ,比喻前程遠大，不可限量。,長風萬里、前程似錦、前程萬里、前程遠大、錦鏽前程,日暮途窮、走投無路、窮途末路,萬里鵬程、鵬霄萬里,主條成語
929,貪小失大,ㄊㄢ　ㄒㄧㄠˇ　ㄕ　ㄉㄚˋ,因貪圖小利而造成重大損失。,明珠彈雀、剖腹藏珠、惜指失掌、得不償失,亡羊得牛,因小失大、為小失大、為小妨大、顧小失大,主條成語
930,單刀直入,ㄉㄢ　ㄉㄠ　ㄓˊ　ㄖㄨˋ,比喻直截了當，不繞圈子。,直截了當、開門見山,拐彎抹角,,主條成語
931,逢場作戲,ㄈㄥˊ　ㄔㄤˇ　ㄗㄨㄛˋ　ㄒㄧˋ,比喻隨事應景，藉機遊戲玩耍一番，並非正經。,,,當場作戲、逢場作樂、逢場遊戲,主條成語
932,頭頭是道,ㄊㄡˊ　ㄊㄡˊ　ㄕˋ　ㄉㄠˋ,指道無所不在。＆形容言語清楚明白，有條理。褒義。,,語無倫次、顛三倒四,,主條成語
933,聚沙成塔,ㄐㄩˋ　ㄕㄚ　ㄔㄥˊ　ㄊㄚˇ,比喻積少成多。,集腋成裘、積土成山、積水成淵、積少成多,,弄沙成塔、聚沙之塔、聚沙為塔,主條成語
934,養精蓄銳,ㄧㄤˇ　ㄐㄧㄥ　ㄒㄩˋ　ㄖㄨㄟˋ,保養精神，積蓄力量。,休養生息、秣馬厲兵,,儲精蓄銳、蓄精養銳,主條成語
935,橫行霸道,ㄏㄥˊ　ㄒㄧㄥˊ　ㄅㄚˋ　ㄉㄠˋ,形容凶橫不講理。貶義。,作威作福、為非作歹、胡作非為、專橫跋扈、無法無天、橫行無忌,安分守己、奉公守法、循規蹈矩,霸道橫行,主條成語
936,集腋成裘,ㄐㄧˊ　ㄧˋ　ㄔㄥˊ　ㄑㄧㄡˊ,比喻積少成多。,眾志成城、聚沙成塔、積土成山、積少成多,杯水車薪、獨木難支,眾腋成裘、集翠成裘、集腋為裘,主條成語
937,羊質虎皮,ㄧㄤˊ　ㄓˊ　ㄏㄨˇ　ㄆㄧˊ,比喻虛有其表。貶義。,外強中乾、虛有其表、魚質龍文、繡花枕頭,名副其實、金相玉質,虎皮羊質,主條成語
938,責無旁貸,ㄗㄜˊ　ㄨˊ　ㄆㄤˊ　ㄉㄞˋ,自己應盡的責任，沒有理由推卸。,責有攸歸、當仁不讓、義不容辭,推三阻四、敷衍塞責,,主條成語
939,幸災樂禍,ㄒㄧㄥˋ　ㄗㄞ　ㄌㄜˋ　ㄏㄨㄛˋ,指對於他人的不幸遭遇引以為樂。貶義。,,悲天憫人,樂禍幸災,主條成語
940,陽奉陰違,ㄧㄤˊ　ㄈㄥˋ　ㄧㄣ　ㄨㄟˊ,表面上裝著遵守奉行，暗地裡卻違反不照辦。貶義。,口是心非、言行不一、兩面三刀,心口如一、言行一致、表裡如一,陽奉陰忮,主條成語
941,異曲同工,ㄧˋ　ㄑㄩˇ　ㄊㄨㄥˊ　ㄍㄨㄥ,不同的作法收到同樣的功效。,殊途同歸,,同工異巧、同工異曲,主條成語
942,懷才不遇,ㄏㄨㄞˊ　ㄘㄞˊ　ㄅㄨˋ　ㄩˋ　（變）　ㄏㄨㄞˊ　ㄘㄞˊ　ㄅㄨˊ　ㄩˋ,懷有才能卻際遇不佳，不受重用。,生不逢時、英雄無用武之地,人盡其才,懷才不偶、抱才不遇,主條成語
943,無理取鬧,ㄨˊ　ㄌㄧˇ　ㄑㄩˇ　ㄋㄠˋ,比喻不合情理的吵鬧或故意搗亂。貶義。,,據理力爭,,主條成語
944,隨聲附和,ㄙㄨㄟˊ　ㄕㄥ　ㄈㄨˋ　ㄏㄜˋ,自己沒有主見，只迎合他人的意見。,人云亦云、吠影吠聲、應聲蟲,獨排眾議,同聲附和、附和隨聲、隨聲趨和、隨聲響和,主條成語
945,旗開得勝,ㄑㄧˊ　ㄎㄞ　ㄉㄜˊ　ㄕㄥˋ,比喻事情才一開始就獲得成功。,馬到成功、旗開馬到,一觸即潰,弓開得勝、旂開得勝、旗開取勝,主條成語
946,咄咄怪事,ㄉㄨㄛˋ　ㄉㄨㄛˋ　ㄍㄨㄞˋ　ㄕˋ,指令人感到驚訝，不可思議的事情。,,不足為奇、司空見慣、見怪不怪、習以為常,怪事咄咄,主條成語
947,披荊斬棘,ㄆㄧ　ㄐㄧㄥ　ㄓㄢˇ　ㄐㄧˊ,比喻克服困難，掃除障礙。,乘風破浪、篳路藍縷,畏縮不前、裹足不前,披荊棘,主條成語
948,葉落歸根,ㄧㄝˋ　ㄌㄨㄛˋ　ㄍㄨㄟ　ㄍㄣ,比喻久居異地之人返回家鄉。,,背井離鄉,落葉歸根、葉歸根,主條成語
949,牽強附會,ㄑㄧㄢ　ㄑㄧㄤˇ　ㄈㄨˋ　ㄏㄨㄟˋ,生拉硬扯，勉強湊合。,生拉硬拽、生搬硬套、穿鑿附會、郢書燕說,言之有理、言之鑿鑿、實事求是,傅會牽合、牽合附會、牽湊附會,主條成語
950,連篇累牘,ㄌㄧㄢˊ　ㄆㄧㄢ　ㄌㄟˇ　ㄉㄨˊ,形容文章篇幅冗長。,長篇大論,三言兩語、片言隻字、言簡意賅,盈篇累牘、累牘連篇、連篇累冊、連篇累帙、連篇累幀、連篇累幅,主條成語
951,家徒四壁,ㄐㄧㄚ　ㄊㄨˊ　ㄙˋ　ㄅㄧˋ,形容家境極為貧困。,一貧如洗、一無所有、四壁蕭條、室如懸磐、家貧如洗、家貧壁立、環堵蕭然,金玉滿堂、家財萬貫、堆金積玉、富甲一方、富可敵國、腰纏萬貫、豐衣足食,四壁立、室徒四壁、家徒壁立、家無四壁,主條成語
952,並駕齊驅,ㄅㄧㄥˋ　ㄐㄧㄚˋ　ㄑㄧˊ　ㄑㄩ,並排駕車，齊頭奔馳。＆比喻彼此實力相當，不分軒輊。,並肩前進、齊頭並進、不相上下、勢均力敵、齊足並驅、旗鼓相當,大相逕庭、天差地遠、天淵之別、相去萬里,並驅齊駕、方駕齊驅、齊驅並駕、齊驅並驟,主條成語
953,義憤填膺,ㄧˋ　ㄈㄣˋ　ㄊㄧㄢˊ　ㄧㄥ,指胸中充滿因正義而激起的憤怒。,,,悲憤填膺、憤氣填胸、憤氣填膺、氣憤填胸、氣憤填膺、激忿填膺、義憤填胸,主條成語
954,揚眉吐氣,ㄧㄤˊ　ㄇㄟˊ　ㄊㄨˇ　ㄑㄧˋ,形容擺脫長期壓抑後的暢快神情。,出人頭地,垂頭喪氣,伸眉吐氣、吐氣揚眉、揚眉伸氣、氣吐眉揚,主條成語
955,畫餅充飢,ㄏㄨㄚˋ　ㄅㄧㄥˇ　ㄔㄨㄥ　ㄐㄧ,比喻徒具虛名而無益於實際。,望梅止渴,實事求是,充飢畫餅、畫餅充饑,主條成語
956,起死回生,ㄑㄧˇ　ㄙˇ　ㄏㄨㄟˊ　ㄕㄥ,使瀕死的人復生。＆比喻毫無希望的情勢扭轉過來。,手到病除、死而復生、妙手回春、著手成春、妙手回春、救亡圖存,一命嗚呼、回天乏術、回天無力、回天乏術、回天無力,反死回生、回生起死、回骸起死、起死回骸、起死迴生、迴喪起死、還魂起死,主條成語
957,多多益善,ㄉㄨㄛ　ㄉㄨㄛ　ㄧˋ　ㄕㄢˋ,愈多愈好。,,寧缺毋濫,多多益辦,主條成語
958,阮囊羞澀,ㄖㄨㄢˇ　ㄋㄤˊ　ㄒㄧㄡ　ㄙㄜˋ,形容錢財窘乏，經濟困難。,床頭金盡、身無分文、囊空如洗,家財萬貫、堆金積玉、腰纏萬貫,囊空羞澀、囊羞澀、空囊羞澀、羞澀囊空,主條成語
959,姑妄言之,ㄍㄨ　ㄨㄤˋ　ㄧㄢˊ　ㄓ,姑且隨便說說，表示說的不一定是正確的話。,,言之鑿鑿、言必有中,,主條成語
960,大名鼎鼎,ㄉㄚˋ　ㄇㄧㄥˊ　ㄉㄧㄥˇ　ㄉㄧㄥˇ,形容人的名氣聲望很大。,名揚四海、名滿天下、名聞遐邇、赫赫有名、舉世聞名,不見經傳、沒沒無聞、無名小卒,,主條成語
961,千頭萬緒,ㄑㄧㄢ　ㄊㄡˊ　ㄨㄢˋ　ㄒㄩˋ,形容事情雜亂，頭緒紛繁，難以處理。,千絲萬縷、經緯萬端,井然有序,千條萬端、千端萬緒、千緒萬端、千頭百緒、萬緒千端、萬緒千頭、萬頭千緒,主條成語
962,千軍萬馬,ㄑㄧㄢ　ㄐㄩㄣ　ㄨㄢˋ　ㄇㄚˇ,形容兵馬眾多，聲勢浩大。,投鞭斷流、旌旗蔽空,兵微將寡、單槍匹馬,千兵萬馬、萬馬千軍,主條成語
963,左顧右盼,ㄗㄨㄛˇ　ㄍㄨˋ　ㄧㄡˋ　ㄆㄢˋ,左看右看，四處觀察。＆顧慮太多，猶豫不決的樣子。,東張西望、畏首畏尾、瞻前顧後,目不斜視、目不轉睛,右盼左顧、左顧右眄,主條成語
964,各有千秋,ㄍㄜˋ　ㄧㄡˇ　ㄑㄧㄢ　ㄑㄧㄡ,各有長處和特色或各有其長期存在的價值。,各有所長、春蘭秋菊,,別有千秋、各千秋、各有千古,主條成語
965,化險為夷,ㄏㄨㄚˋ　ㄒㄧㄢˇ　ㄨㄟˊ　ㄧˊ,轉化危險為平安。,轉危為安,,化險為平,主條成語
966,不著邊際,ㄅㄨˋ　ㄓㄨㄛˊ　ㄅㄧㄢ　ㄐㄧˋ,比喻言論空泛或想法不切實際。,不切實際、天南地北、海說神聊、漫無邊際,入木三分,,主條成語
967,不可思議,ㄅㄨˋ　ㄎㄜˇ　ㄙ　ㄧˋ,比喻出乎常情，令人無法想像，難以理解。,匪夷所思、難以置信,可想而知、合情合理,,主條成語
968,風雨飄搖,ㄈㄥ　ㄩˇ　ㄆㄧㄠ　ㄧㄠˊ,受風雨的吹打而搖晃。＆比喻時局動蕩不安，極不穩定。,杌隉不安,安如磐石、四海昇平、國泰民安,漂搖風雨、風雨漂搖、風雨飄颻,主條成語
969,大智若愚,ㄉㄚˋ　ㄓˋ　ㄖㄨㄛˋ　ㄩˊ,表示具有極高智慧的人，往往表面上看起來似乎愚笨。,大巧若拙、大勇若怯、外愚內智、深藏不露、深藏若虛,鋒芒畢露、露才揚己,大智如愚,主條成語
970,眾叛親離,ㄓㄨㄥˋ　ㄆㄢˋ　ㄑㄧㄣ　ㄌㄧˊ,形容不得人心，處境孤立。,,眾星拱月、眾望所歸、歸之若水,眾散親離、親離眾叛,主條成語
971,三從四德,ㄙㄢ　ㄘㄨㄥˊ　ㄙˋ　ㄉㄜˊ,指舊時社會婦女必須具備的德性。,三貞九烈,,四德三從,主條成語
972,以逸待勞,ㄧˇ　ㄧˋ　ㄉㄞˋ　ㄌㄠˊ,說明用兵者養精蓄銳，以安逸等待疲憊的敵人，而予以痛擊則可勝。,養精蓄銳,疲於奔命,以佚待勞、以逸制勞、以逸擊勞、待勞以逸、用逸待勞、逸以待勞,主條成語
973,人心不古,ㄖㄣˊ　ㄒㄧㄣ　ㄅㄨˋ　ㄍㄨˇ,感嘆現在的人，失去古人的忠厚淳樸。貶義。,世風日下、世衰道微,古道熱腸、古貌古心,,主條成語
974,十室九空,ㄕˊ　ㄕˋ　ㄐㄧㄡˇ　ㄎㄨㄥ,形容天災人禍造成人民窮困散亡的淒涼景象。,,,十家九空,主條成語
975,九霄雲外,ㄐㄧㄡˇ　ㄒㄧㄠ　ㄩㄣˊ　ㄨㄞˋ,比喻天上極其高遠之處。,,咫尺之間,九層雲外、九霄雲路,主條成語
976,立竿見影,ㄌㄧˋ　ㄍㄢ　ㄐㄧㄢˋ　ㄧㄥˇ,比喻迅速收到成效。,其應若響,,,主條成語
977,一盤散沙,ㄧ　ㄆㄢˊ　ㄙㄢˇ　ㄕㄚ　（變）　ㄧˋ　ㄆㄢˊ　ㄙㄢˇ　ㄕㄚ,比喻人心渙散，缺乏凝合的力量，不能團結起來。,自私自利、自掃門前雪、各自為政、烏合之眾,同心同德、同心協力、眾志成城、精誠團結,,主條成語
978,因材施教,ㄧㄣ　ㄘㄞˊ　ㄕ　ㄐㄧㄠˋ,依據受教者不同的資材，而給予不同的教導。,,一概而論,施教因材,主條成語
979,錦囊妙計,ㄐㄧㄣˇ　ㄋㄤˊ　ㄇㄧㄠˋ　ㄐㄧˋ,比喻預先規劃以應付意外、解決危急的有效方法。,神機妙算,,,主條成語
980,一目了然,ㄧ　ㄇㄨˋ　ㄌㄧㄠˇ　ㄖㄢˊ　（變）　ㄧˊ　ㄇㄨˋ　ㄌㄧㄠˇ　ㄖㄢˊ,看一眼就完全清楚明白。,一清二楚、一覽無遺、盡收眼底、瞭若指掌,霧裡看花,一目即了、一目瞭然、一覽了然,主條成語
981,好事多磨,ㄏㄠˇ　ㄕˋ　ㄉㄨㄛ　ㄇㄛˊ,形容男女佳期不順。＆形容事情進行不順，常遇挫折。,好事難諧,一帆風順、天從人願,好事多妨、好事多慳、好事多阻、好事多魔、好事天慳、美事多磨,主條成語
982,目光如炬,ㄇㄨˋ　ㄍㄨㄤ　ㄖㄨˊ　ㄐㄩˋ,形容目光有神。＆比喻見事透澈，識見遠大。褒義。,目光炯炯、炯炯有神、洞燭機先,目光如豆、鼠目寸光,眼光如炬,主條成語
983,生不逢辰,ㄕㄥ　ㄅㄨˋ　ㄈㄥˊ　ㄔㄣˊ,比喻遇不到好時機，命運坎坷。,時運不濟,,生不逢時,主條成語
984,目光如豆,ㄇㄨˋ　ㄍㄨㄤ　ㄖㄨˊ　ㄉㄡˋ,形容目光短淺，見識狹窄。,鼠目寸光,目光如炬、高瞻遠矚,眼孔如豆、雙瞳如豆,主條成語
985,全軍覆沒,ㄑㄩㄢˊ　ㄐㄩㄣ　ㄈㄨˋ　ㄇㄛˋ,比喻完全喪失或澈底失敗。,片甲不回,大獲全勝,舉軍盡沒,主條成語
986,避重就輕,ㄅㄧˋ　ㄓㄨㄥˋ　ㄐㄧㄡˋ　ㄑㄧㄥ,避開艱難繁重的工作，而選擇輕鬆容易的。＆比喻避開主要的問題，而只談些無關緊要的事。,拈輕怕重、避難就易,任勞任怨,就輕避重、擇輕避重、避重逐輕,主條成語
987,矯揉造作,ㄐㄧㄠˇ　ㄖㄡˊ　ㄗㄠˋ　ㄗㄨㄛˋ,形容刻意地人工施為與雕琢。貶義。＆形容裝腔作勢、刻意做作的態度。貶義。,裝腔作勢、裝模作樣,風行水上、順其自然、天真爛漫,,主條成語
988,老謀深算,ㄌㄠˇ　ㄇㄡˊ　ㄕㄣ　ㄙㄨㄢˋ,形容人精明老練，計慮深遠。,老奸巨猾、足智多謀、深謀遠慮,胸無城府、鼠目寸光,,主條成語
989,分崩離析,ㄈㄣ　ㄅㄥ　ㄌㄧˊ　ㄒㄧ,形容國家或集團的分裂瓦解。,土崩瓦解、四分五裂、豆剖瓜分,牢不可破、固若金湯、堅不可摧、堅如磐石,分崩蕩析,主條成語
990,同歸於盡,ㄊㄨㄥˊ　ㄍㄨㄟ　ㄩˊ　ㄐㄧㄣˋ,比喻一同毀滅或死亡。,玉石俱焚、芝艾同焚、蘭艾同焚,,同歸一燼、同歸於亡、同歸盡,主條成語
991,終南捷徑,ㄓㄨㄥ　ㄋㄢˊ　ㄐㄧㄝˊ　ㄐㄧㄥˋ,比喻可以達到求官、求名、求利的便捷途徑。,,,南山捷徑、捷徑終南,主條成語
992,刮目相看,ㄍㄨㄚ　ㄇㄨˋ　ㄒㄧㄤ　ㄎㄢˋ,形容用新的眼光來看人。,另眼相看,一視同仁,刮目相待、刮目相觀、刮目視之、刮眼看,主條成語
993,五光十色,ㄨˇ　ㄍㄨㄤ　ㄕˊ　ㄙㄜˋ,形容景色鮮麗複雜，光彩奪目。＆比喻內容豐富，變化萬端。,五彩繽紛、五顏六色、五花八門,清一色,十色五光,主條成語
994,引人入勝,ㄧㄣˇ　ㄖㄣˊ　ㄖㄨˋ　ㄕㄥˋ,引領人進入美麗玄妙的境地。,,索然無味,引人勝地,主條成語
995,牛刀小試,ㄋㄧㄡˊ　ㄉㄠ　ㄒㄧㄠˇ　ㄕˋ,比喻有大才能，在小事上施展。,小試鋒芒,大顯身手、大顯神通,小試割雞、小試牛刀、試牛刀,主條成語
996,年高德劭,ㄋㄧㄢˊ　ㄍㄠ　ㄉㄜˊ　ㄕㄠˋ,指年紀大而品德好。褒義。,德高望重、齒德俱尊,,年高德邵、德邵年高,主條成語
997,守望相助,ㄕㄡˇ　ㄨㄤˋ　ㄒㄧㄤ　ㄓㄨˋ,形容相互幫助，共同守衛、瞭望。,同舟共濟,以鄰為壑,,主條成語
998,妙手回春,ㄇㄧㄠˋ　ㄕㄡˇ　ㄏㄨㄟˊ　ㄔㄨㄣ,比喻醫師的醫術高明，能治好重病。褒義。＆比喻將頹勢扭轉起來。,手到病除、扁鵲復生、起死回生、華佗再世、著手成春、藥到病除、起死回生,不可救藥、回天乏術、藥石罔效、回天乏術,回春妙手,主條成語
999,天翻地覆,ㄊㄧㄢ　ㄈㄢ　ㄉㄧˋ　ㄈㄨˋ,形容巨大地改變原有的情狀。,昏天黑地,一如既往、風平浪靜,地覆天翻、海覆天翻、翻天作地、翻天攪地、翻天覆地、覆地翻天,主條成語
1000,肝腦塗地,ㄍㄢ　ㄋㄠˇ　ㄊㄨˊ　ㄉㄧˋ,形容慘死之狀。＆比喻人盡忠竭力，不惜犧牲生命之意。,出生入死、赴湯蹈火、粉身碎骨、奮不顧身,貪生怕死,肝心塗地、肝膽塗地,主條成語
1001,快馬加鞭,ㄎㄨㄞˋ　ㄇㄚˇ　ㄐㄧㄚ　ㄅㄧㄢ,形容快上加快。,馬不停蹄,慢條斯理,駿馬加鞭,主條成語
1002,志同道合,ㄓˋ　ㄊㄨㄥˊ　ㄉㄠˋ　ㄏㄜˊ,彼此的志趣和理想一致。,情投意合、意氣相投,不相為謀、扞格不入、同床異夢、貌合神離,同志合道、志合意同、志同心合、志同氣合、道合志同、道同志合,主條成語
1003,冷言冷語,ㄌㄥˇ　ㄧㄢˊ　ㄌㄥˇ　ㄩˇ,含有譏諷意味的冷冰冰的話。,冷語冰人、冷嘲熱諷,,冷言熱語、冷言諷語、冷言酸語、尖言冷語,主條成語
1004,千里鵝毛,ㄑㄧㄢ　ㄌㄧˇ　ㄜˊ　ㄇㄠˊ,比喻禮物雖輕但情意深重。,,,千里寄鵝毛、萬里鵝毛,主條成語
1005,衣錦還鄉,ㄧˋ　ㄐㄧㄣˇ　ㄏㄨㄢˊ　ㄒㄧㄤ,形容人功成名就後榮歸故鄉。,,衣錦夜行,衣錦之榮、衣錦故鄉、衣錦榮歸、衣錦過鄉,主條成語
1006,言之有物,ㄧㄢˊ　ㄓ　ㄧㄡˇ　ㄨˋ,指言論或文章有根據、有內容。褒義。,言必有中,空洞無物、蛙鳴蟬噪、游談無根,,主條成語
1007,投機取巧,ㄊㄡˊ　ㄐㄧ　ㄑㄩˇ　ㄑㄧㄠˇ,利用時機，獲取利益。貶義。,,腳踏實地,,主條成語
1008,磨杵成針,ㄇㄛˊ　ㄔㄨˇ　ㄔㄥˊ　ㄓㄣ,比喻只要有恆心，努力去做，無論多麼困難的事，都可以成功。,有志竟成、滴水穿石、磨穿鐵硯,,磨杵作針、鐵棒磨成針,主條成語
1009,流言蜚語,ㄌㄧㄡˊ　ㄧㄢˊ　ㄈㄟ　ㄩˇ,泛指謠言。,風言風語、飛短流長、無稽之談,言之鑿鑿,流言飛文、流言飛語、蜚流之言,主條成語
1010,溫故知新,ㄨㄣ　ㄍㄨˋ　ㄓ　ㄒㄧㄣ,複習學過的課業，而能領悟出新的道理。,數往知來,抱殘守缺、食而不化,知新溫故,主條成語
1011,狼心狗肺,ㄌㄤˊ　ㄒㄧㄣ　ㄍㄡˇ　ㄈㄟˋ,比喻人心腸狠毒，毫無良心。貶義。,狼心狗行、蛇蠍心腸、豺狼成性,心慈面軟、菩薩心腸,狗肺狼心、狼心狗意、驢心狗肺、鼠心狼肺,主條成語
1012,殺人越貨,ㄕㄚ　ㄖㄣˊ　ㄩㄝˋ　ㄏㄨㄛˋ,殺人搶劫。,謀財害命,,,主條成語
1013,頑石點頭,ㄨㄢˊ　ㄕˊ　ㄉㄧㄢˇ　ㄊㄡˊ,比喻說理透澈，使人心服。,,,石點頭,主條成語
1014,罪魁禍首,ㄗㄨㄟˋ　ㄎㄨㄟˊ　ㄏㄨㄛˋ　ㄕㄡˇ,領導或策劃肇禍犯罪的首要人物。貶義。,元惡大奸,,禍首罪魁,主條成語
1015,冤家路窄,ㄩㄢ　ㄐㄧㄚ　ㄌㄨˋ　ㄓㄞˇ,仇人或不願見到的人，偏在狹小的路上相遇，無法躲避。,狹路相逢,,冤家路狹,主條成語
1016,珠圓玉潤,ㄓㄨ　ㄩㄢˊ　ㄩˋ　ㄖㄨㄣˋ,比喻文詞、歌聲、字跡的流利、圓潤、娟秀。,一串驪珠,驢鳴犬吠,玉潤珠圓,主條成語
1017,焦頭爛額,ㄐㄧㄠ　ㄊㄡˊ　ㄌㄢˋ　ㄜˊ,燒焦頭，灼爛額。形容救火時為火燒灼得很嚴重。＆比喻做事陷入十分狼狽窘迫的困境或犧牲慘重。,狼狽不堪,,爛額焦頭、頭焦額爛,主條成語
1018,德高望重,ㄉㄜˊ　ㄍㄠ　ㄨㄤˋ　ㄓㄨㄥˋ,形容人品德高尚，極有聲望。褒義。,功高望重、年高德劭、齒德俱尊,德淺行薄、德薄能鮮、德薄望輕,德尊望重、德深望重、德隆望尊、德隆望重、重望碩德,主條成語
1019,銳不可當,ㄖㄨㄟˋ　ㄅㄨˋ　ㄎㄜˇ　ㄉㄤˇ,形容氣勢威猛，所向無敵。,勢不可當、所向無敵,望風披靡、聞風喪膽,銳未可當、鋒不可當,主條成語
1020,登堂入室,ㄉㄥ　ㄊㄤˊ　ㄖㄨˋ　ㄕˋ,,,,,非主條成語
1021,胡作非為,ㄏㄨˊ　ㄗㄨㄛˋ　ㄈㄟ　ㄨㄟˊ,指不顧法紀或不講道理的任意妄為。貶義。,為非作歹,安分守己、循規蹈矩,亂作胡為、妄作胡為、慣作非為、胡作亂為、胡為亂做,主條成語
1022,漏網之魚,ㄌㄡˋ　ㄨㄤˇ　ㄓ　ㄩˊ,比喻僥倖逃脫法網的人。＆比喻驚慌逃竄的人。,,甕中之鱉,漏網游魚、網漏吞舟,主條成語
1023,適可而止,ㄕˋ　ㄎㄜˇ　ㄦˊ　ㄓˇ,指事情做到恰到好處就該停止。,,過猶不及,,主條成語
1024,無所適從,ㄨˊ　ㄙㄨㄛˇ　ㄕˋ　ㄘㄨㄥˊ,不知聽從誰才好。＆比喻不知如何是好。,不知所措,,不知所從、未知適從、無適從、莫知適從、莫適所從,主條成語
1025,賞心悅目,ㄕㄤˇ　ㄒㄧㄣ　ㄩㄝˋ　ㄇㄨˋ,形容情景美好，使心目都感到快樂舒暢。,心曠神怡、動心娛目,傷心慘目、慘不忍睹、觸目傷心、觸目驚心,娛目賞心、悅目賞心、賞心愜目,主條成語
1026,錙銖必較,ㄗ　ㄓㄨ　ㄅㄧˋ　ㄐㄧㄠˋ,計較小錢。貶義。＆形容對很小的事十分計較。,斤斤計較,,計較錙銖、較量錙銖、較錙銖、銖銖校量、銖銖較量、錙銖較量,主條成語
1027,苟且偷安,ㄍㄡˇ　ㄑㄧㄝˇ　ㄊㄡ　ㄢ,形容得過且過，只圖眼前安逸，不顧將來。,因循苟且、苟且偷生、苟安旦夕、得過且過,自強不息、發憤努力、發憤圖強、發奮圖強、奮發向上,,主條成語
1028,指日可待,ㄓˇ　ㄖˋ　ㄎㄜˇ　ㄉㄞˋ,形容願望或期盼不久即將實現。,計日而待、為期不遠,遙遙無期,指日可俟、指日可期、指日而待、指日而致,主條成語
1029,蛛絲馬跡,ㄓㄨ　ㄙ　ㄇㄚˇ　ㄐㄧ,比喻可供尋查推求的細微線索。,蛛絲鼠跡,,馬跡蛛絲,主條成語
1030,藏頭露尾,ㄘㄤˊ　ㄊㄡˊ　ㄌㄡˋ　ㄨㄟˇ,形容言多隱諱，舉止畏縮的樣子。,遮遮掩掩,和盤托出、原形畢露、露出馬腳,露尾藏頭、頭藏尾露,主條成語
1031,離鄉背井,ㄌㄧˊ　ㄒㄧㄤ　ㄅㄟˋ　ㄐㄧㄥˇ,指離開故鄉，在外地生活。,,葉落歸根,背井離鄉、離鄉別井、離鄉避井,主條成語
1032,尋花問柳,ㄒㄩㄣˊ　ㄏㄨㄚ　ㄨㄣˋ　ㄌㄧㄡˇ,形容出外遊賞春天的景色。＆比喻狎妓。,拈花惹草、尋歡作樂,正人君子、坐懷不亂,問柳尋花、問柳評花、問花訪柳、尋花覓柳、覓柳尋花,主條成語
1033,苦心孤詣,ㄎㄨˇ　ㄒㄧㄣ　ㄍㄨ　ㄧˋ,指費盡心思，專心研究，達到他人所無法達到的境地。,千方百計、用心良苦、挖空心思、煞費苦心,馬虎從事、無所用心,孤詣苦心、精心孤詣,主條成語
1034,飢不擇食,ㄐㄧ　ㄅㄨˋ　ㄗㄜˊ　ㄕˊ,指飢餓的人不選擇食物。＆比喻急需時不暇選擇。,寒不擇衣、渴不擇飲、慌不擇路、寒不擇衣、渴不擇飲、慌不擇路,,飢寧擇食、饑不擇食、饑者無擇,主條成語
1035,豐衣足食,ㄈㄥ　ㄧ　ㄗㄨˊ　ㄕˊ,形容生活富裕。,,三旬九食、飢寒交迫、簞瓢屢空、鶉衣百結、饔飧不繼,衣豐食足、衣豐食飽、豐衣美食、豐食美衣、足食豐衣、飽食豐衣,主條成語
1036,繁文縟節,ㄈㄢˊ　ㄨㄣˊ　ㄖㄨˋ　ㄐㄧㄝˊ,形容繁縟的儀式禮節。,,刪繁就簡,末節繁文、繁文末節、繁文縟禮,主條成語
1037,斯文掃地,ㄙ　ㄨㄣˊ　ㄙㄠˇ　ㄉㄧˋ,指禮樂教化的典章制度被毀壞廢棄。＆指文人不顧操守，自甘墮落。,五經掃地,,斯文委地,主條成語
1038,拭目以待,ㄕˋ　ㄇㄨˋ　ㄧˇ　ㄉㄞˋ,比喻期待事情的發展及結果。,,,拭目以俟、拭目而待,主條成語
1039,風調雨順,ㄈㄥ　ㄊㄧㄠˊ　ㄩˇ　ㄕㄨㄣˋ,風雨及時而適量。形容豐年安樂，天下太平的景象。,時和年豐,旱魃為虐,雨順風調、風調雨節、風雨調順,主條成語
1040,沈魚落雁,ㄔㄣˊ　ㄩˊ　ㄌㄨㄛˋ　ㄧㄢˋ,,,,,非主條成語
1041,刻骨銘心,ㄎㄜˋ　ㄍㄨˇ　ㄇㄧㄥˊ　ㄒㄧㄣ,形容感受深刻，難以忘懷。,永誌不忘、沒齒不忘、銘諸肺腑,,切骨銘心、刻骨銘肌、刻骨鏤心、銘心刻骨、銘心鏤骨、鏤心刻骨、鏤骨銘心,主條成語
1042,疊床架屋,ㄉㄧㄝˊ　ㄔㄨㄤˊ　ㄐㄧㄚˋ　ㄨ,比喻重複累贅。貶義。,床上安床、屋下架屋、重規疊矩,,,主條成語
1043,風花雪月,ㄈㄥ　ㄏㄨㄚ　ㄒㄩㄝˇ　ㄩㄝˋ,比喻男女間歡愛之事。＆比喻浮華空泛的言情詩文。,男歡女愛、吟風弄月、風雲月露,,雪月風花、雪風花月,主條成語
1044,觸目驚心,ㄔㄨˋ　ㄇㄨˋ　ㄐㄧㄥ　ㄒㄧㄣ,形容事情景況，令人震驚。,駭人聽聞,,動心駭目、觸目崩心、觸目駭心、觸面崩心、駭目驚心、驚心駭矚,主條成語
1045,移樽就教,ㄧˊ　ㄗㄨㄣ　ㄐㄧㄡˋ　ㄐㄧㄠˋ,比喻主動向人求教。,,,移?就教,主條成語
1046,委曲求全,ㄨㄟˇ　ㄑㄩ　ㄑㄧㄡˊ　ㄑㄩㄢˊ,委曲自己，遷就別人，以求保全。,逆來順受,寧死不屈、寧折不彎,委曲保全、委曲周全、委曲存全、委曲成全,主條成語
1047,康莊大道,ㄎㄤ　ㄓㄨㄤ　ㄉㄚˋ　ㄉㄠˋ,四通八達的大路。＆比喻光明的前途。,陽關大道,羊腸小徑、羊腸鳥道,大道康莊、康莊之衢、康莊之路、康莊大逵,主條成語
1048,南腔北調,ㄋㄢˊ　ㄑㄧㄤ　ㄅㄟˇ　ㄉㄧㄠˋ,形容人說話語音不純，夾雜著南北方音。＆指南北各種腔調。,,,北調南腔,主條成語
1049,風塵僕僕,ㄈㄥ　ㄔㄣˊ　ㄆㄨˊ　ㄆㄨˊ,形容奔波忙碌，旅途勞累。,日炙風吹、披星戴月、鞍馬勞頓、餐風宿露、櫛風沐雨,,僕僕風塵,主條成語
1050,咫尺天涯,ㄓˇ　ㄔˇ　ㄊㄧㄢ　ㄧㄚˊ,比喻相距雖近，卻有如相隔天涯一般，無緣相見。,,天涯若比鄰,咫尺千里、咫尺萬里、天涯咫尺,主條成語
1051,事在人為,ㄕˋ　ㄗㄞˋ　ㄖㄣˊ　ㄨㄟˊ,事情的成功與否決定於人的努力。,人定勝天、有志者事竟成、成事在人,成事在天,,主條成語
1052,排山倒海,ㄆㄞˊ　ㄕㄢ　ㄉㄠˇ　ㄏㄞˇ,形容力量巨大，氣勢壯闊。,移山倒海、雷霆萬鈞、勢不可當、翻天覆地,,倒海排山、回山倒海、迴山倒海、迴山轉海,主條成語
1053,眾矢之的,ㄓㄨㄥˋ　ㄕˇ　ㄓ　ㄉㄧˋ,比喻眾人一致攻擊的目標。,千夫所指、眾口交攻,交口稱譽、眾星捧月,叢矢之的、眾射之的、眾怨之的,主條成語
1054,情投意合,ㄑㄧㄥˊ　ㄊㄡˊ　ㄧˋ　ㄏㄜˊ,彼此的感情和心意相契合。,心心相印、同心合意、志同道合、意氣相投,同床異夢、格格不入、貌合神離,情同意洽、情孚意合、情投意洽、情投氣合、情親意合、意合情投、意同情合、氣合情投,主條成語
1055,小時了了,ㄒㄧㄠˇ　ㄕˊ　ㄌㄧㄠˇ　ㄌㄧㄠˇ,指人在幼年時聰慧敏捷。,,,,主條成語
1056,空谷足音,ㄎㄨㄥ　ㄍㄨˇ　ㄗㄨˊ　ㄧㄣ,比喻難得的人物、言論或事物。,前所未有、絕無僅有,多如牛毛、屢見不鮮,空谷之音、空谷跫然、足音跫然、跫然之音、跫然足音,主條成語
1057,金玉其外，敗絮其中,ㄐㄧㄣ　ㄩˋ　ㄑㄧˊ　ㄨㄞˋ　ㄅㄞˋ　ㄒㄩˋ　ㄑㄧˊ　ㄓㄨㄥ,形容外表美好而內質破敗。貶義。,華而不實、虛有其表,名副其實、表裡如一,窳其中而美其外、金玉其外，敗絮其內、飾外絮內,主條成語
1058,一言難盡,ㄧ　ㄧㄢˊ　ㄋㄢˊ　ㄐㄧㄣˋ　（變）　ㄧˋ　ㄧㄢˊ　ㄋㄢˊ　ㄐㄧㄣˋ,事情非常複雜，無法用簡單的話把它說得清楚。,,一言以蔽之、三言兩語,一言難罄,主條成語
1059,一笑置之,ㄧ　ㄒㄧㄠˋ　ㄓˋ　ㄓ　（變）　ㄧˊ　ㄒㄧㄠˋ　ㄓˋ　ㄓ,形容不當成一回事。,付之一笑、置之度外,,,主條成語
1060,物極必反,ㄨˋ　ㄐㄧˊ　ㄅㄧˋ　ㄈㄢˇ,事物發展到極點，必然會轉向發展。,否極泰來、樂極生悲,,勢極必反、物極則反、物極則衰、物極必返、物盛則衰、物至則反、物至而反,主條成語
1061,推陳出新,ㄊㄨㄟ　ㄔㄣˊ　ㄔㄨ　ㄒㄧㄣ,比喻排除老舊的，創造出嶄新的事物或方法。,革故鼎新、除舊布新,因循守舊、抱殘守缺、食古不化、墨守成規,刊陳出新、推陳易新、推陳致新、翻陳出新,主條成語
1062,深謀遠慮,ㄕㄣ　ㄇㄡˊ　ㄩㄢˇ　ㄌㄩˋ,計畫周密而慮事深遠。,三思而行、深思熟慮,心血來潮、不假思索、草率從事、鼠目寸光、輕舉妄動,慮遠謀深、深圖遠慮、深慮遠計、深計大慮、深計遠慮、深謀遠猷、深謀遠略、深謀遠計、計深慮遠、謀深慮遠、遠慮深謀,主條成語
1063,一語道破,ㄧ　ㄩˇ　ㄉㄠˋ　ㄆㄛˋ　（變）　ㄧˋ　ㄩˇ　ㄉㄠˋ　ㄆㄛˋ,謂一句話就把事理的真相說穿。,一針見血、一語中的、一語破的,不著邊際、游談無根,一口道破,主條成語
1064,魂不附體,ㄏㄨㄣˊ　ㄅㄨˋ　ㄈㄨˋ　ㄊㄧˇ　（變）　ㄏㄨㄣˊ　ㄅㄨˊ　ㄈㄨˋ　ㄊㄧˇ,形容驚嚇過度而心不能自主。,失魂落魄、魂飛天外、魂飛魄散,心安神泰,魂不著體,主條成語
1065,層出不窮,ㄘㄥˊ　ㄔㄨ　ㄅㄨˋ　ㄑㄩㄥˊ,形容接連出現，沒有止盡。,生生不已、層見疊出,屈指可數、寥若晨星、寥寥無幾,百出不窮,主條成語
1066,物換星移,ㄨˋ　ㄏㄨㄢˋ　ㄒㄧㄥ　ㄧˊ,比喻景物的變遷，世事的更替。,白雲蒼狗、時移世易、滄海桑田,一成不變、依然如故,星移斗換、星移物換,主條成語
1067,執迷不悟,ㄓˊ　ㄇㄧˊ　ㄅㄨˋ　ㄨˋ　（變）　ㄓˊ　ㄇㄧˊ　ㄅㄨˊ　ㄨˋ,堅持錯誤的觀念而不醒悟。貶義。,至死不悟、冥頑不靈、頑固不化,如夢初醒、回頭是岸、迷途知返、浪子回頭、懸崖勒馬,執迷不化、執迷不改、執迷不省,主條成語
1068,一葉知秋,ㄧ　ㄧㄝˋ　ㄓ　ㄑㄧㄡ　（變）　ㄧˊ　ㄧㄝˋ　ㄓ　ㄑㄧㄡ,比喻由細微的徵兆，可推知事物的演變和趨勢。,見微知著,,落葉知秋、葉落知秋,主條成語
1069,一擲千金,ㄧ　ㄓˊ　ㄑㄧㄢ　ㄐㄧㄣ　（變）　ㄧˋ　ㄓˊ　ㄑㄧㄢ　ㄐㄧㄣ,形容不惜金錢的豪舉。,一擲百萬、揮金如土、揮霍無度,一毛不拔、克勤克儉、愛財如命,一揮千金、千金一擲,主條成語
1070,入不敷出,ㄖㄨˋ　ㄅㄨˋ　ㄈㄨ　ㄔㄨ,收入不夠支出。,寅吃卯糧,綽綽有餘,入不支出,主條成語
1071,動輒得咎,ㄉㄨㄥˋ　ㄓㄜˊ　ㄉㄜˊ　ㄐㄧㄡˋ,形容人處境困難，極易受到責難。,,,動常得咎、動輒見咎,主條成語
1072,海枯石爛,ㄏㄞˇ　ㄎㄨ　ㄕˊ　ㄌㄢˋ,形容歷時久遠。＆比喻意志堅定，永久不變。,地老天荒、之死靡它、矢志不渝、地老天荒、海誓山盟,喜新厭舊、朝三暮四、朝秦暮楚,松枯石爛、海乾石爛、石爛松枯、石爛江枯、石爛海枯,主條成語
1073,十全十美,ㄕˊ　ㄑㄩㄢˊ　ㄕˊ　ㄇㄟˇ,比喻圓滿美好毫無缺陷的境界。褒義。,白璧無瑕、無懈可擊、盡善盡美,一無可取、一無是處、百孔千瘡、美中不足,十全之美,主條成語
1074,人山人海,ㄖㄣˊ　ㄕㄢ　ㄖㄣˊ　ㄏㄞˇ,形容人聚集得非常多。,水泄不通、萬人空巷,三三兩兩、隻影全無、寥寥無幾,人海人山、如山如海,主條成語
1075,不假思索,ㄅㄨˋ　ㄐㄧㄚˇ　ㄙ　ㄙㄨㄛˇ,指不經過思考探求，立即做出反應。,,冥思苦想、深思熟慮,不假思慮、不假思量、不加思索、不待思索、不暇思索,主條成語
1076,不動聲色,ㄅㄨˋ　ㄉㄨㄥˋ　ㄕㄥ　ㄙㄜˋ　（變）　ㄅㄨˊ　ㄉㄨㄥˋ　ㄕㄥ　ㄙㄜˋ,形容人遇事不張揚的冷靜態度。,不露聲色,形於辭色,不動聲氣、不發聲色、聲色不動,主條成語
1077,神機妙算,ㄕㄣˊ　ㄐㄧ　ㄇㄧㄠˋ　ㄙㄨㄢˋ,形容計策高明、預料準確。褒義。,錦囊妙計,,妙策神機、妙算神機、妙算神謀、玄機妙算、神機妙用、神機妙策、神機妙術、神術妙法、神術妙策、神術妙計、神謀妙策,主條成語
1078,輕諾寡信,ㄑㄧㄥ　ㄋㄨㄛˋ　ㄍㄨㄚˇ　ㄒㄧㄣˋ,輕易答應別人的請求，卻很少實踐諾言。貶義。,言而無信、食言而肥,一諾千金、重然諾、說一不二,寡信輕諾,主條成語
1079,冠冕堂皇,ㄍㄨㄢ　ㄇㄧㄢˇ　ㄊㄤˊ　ㄏㄨㄤˊ,形容表面莊嚴體面、氣派高貴的樣子。＆形容表面上光明正大的樣子。,堂而皇之,鬼鬼祟祟、偷偷摸摸,堂皇冠冕,主條成語
1080,大同小異,ㄉㄚˋ　ㄊㄨㄥˊ　ㄒㄧㄠˇ　ㄧˋ,形容事物略有差異，但大體相同。,相去無幾,大相逕庭、天差地遠、天壤之別、天懸地隔、截然不同,小異大同,主條成語
1081,大言不慚,ㄉㄚˋ　ㄧㄢˊ　ㄅㄨˋ　ㄘㄢˊ,形容人說大話而不感到難為情。貶義。,大吹大擂、夸夸其談、自吹自擂,不矜不伐,不慚大言,主條成語
1082,無微不至,ㄨˊ　ㄨㄟˊ　ㄅㄨˋ　ㄓˋ　（變）　ㄨˊ　ㄨㄟˊ　ㄅㄨˊ　ㄓˋ,形容做事非常細心周到。褒義。,無所不至,粗心大意,無微不到、靡微不周,主條成語
1083,大謬不然,ㄉㄚˋ　ㄇㄧㄡˋ　ㄅㄨˋ　ㄖㄢˊ,大錯特錯，與事實完全不符。,大錯特錯、荒謬絕倫,千真萬確、合情合理、無庸置疑,大繆不然,主條成語
1084,生花妙筆,ㄕㄥ　ㄏㄨㄚ　ㄇㄧㄠˋ　ㄅㄧˇ,比喻文筆美妙，寫作能力極佳。,下筆如有神、生花之筆、夢筆生花,,,主條成語
1085,趨炎附勢,ㄑㄩ　ㄧㄢˊ　ㄈㄨˋ　ㄕˋ,奉承依附有權勢的人。貶義。,阿諛奉承、攀龍附鳳,中立不倚、剛正不阿,攀炎附熱、趨權附勢、趨炎奉勢、趨炎附灶、趨炎附熱、附勢趨權,主條成語
1086,翻雲覆雨,ㄈㄢ　ㄩㄣˊ　ㄈㄨˋ　ㄩˇ,形容人反覆無常。＆形容人玩弄手段。＆比喻男女間床笫之事。,反覆不定、反覆無常、出爾反爾、朝三暮四、巫山雲雨、雲情雨意,始終不渝、始終如一,覆雨翻雲、雨覆雲翻、雲翻雨覆,主條成語
1087,擢髮難數,ㄓㄨㄛˊ　ㄈㄚˇ　ㄋㄢˊ　ㄕㄨˇ,形容罪狀極多，難以計數。,罄竹難書,,不可擢髮、擢髮不勝、擢髮數、擢髮數罪、擢髮莫數,主條成語
1088,不合時宜,ㄅㄨˋ　ㄏㄜˊ　ㄕˊ　ㄧˊ,不符合時勢趨尚。,,,不入時宜,主條成語
1089,不遺餘力,ㄅㄨˋ　ㄧˊ　ㄩˊ　ㄌㄧˋ,形容竭盡全力，毫無保留。,全力以赴、盡心竭力,敷衍了事,不留餘力,主條成語
1090,不得要領,ㄅㄨˋ　ㄉㄜˊ　ㄧㄠˋ　ㄌㄧㄥˇ,無法掌握要點或主旨。,,,鮮得要領,主條成語
1091,一錢不值,ㄧ　ㄑㄧㄢˊ　ㄅㄨˋ　ㄓˊ　（變）　ㄧˋ　ㄑㄧㄢˊ　ㄅㄨˋ　ㄓˊ,比喻毫無價值。貶義。,,價值連城,一文不值、一錢不直、不值一文、不值一錢、不值半文、不直一文、不直一錢、分文不直、分毫不直、半文不值,主條成語
1092,藕斷絲連,ㄡˇ　ㄉㄨㄢˋ　ㄙ　ㄌㄧㄢˊ,比喻沒有完全斷絕關係。,,一刀兩斷、永斷葛藤,絲連藕斷、藕斷絲聯,主條成語
1093,心驚肉跳,ㄒㄧㄣ　ㄐㄧㄥ　ㄖㄡˋ　ㄊㄧㄠˋ,形容恐懼不安，心神不寧。,忐忑不安、提心吊膽、膽戰心驚,心安理得、泰然自若,心飛肉跳、心驚肉戰、心驚肉顫、肉跳心驚,主條成語
1094,天真爛漫,ㄊㄧㄢ　ㄓㄣ　ㄌㄢˋ　ㄇㄢˋ,形容性情率真，毫不假飾。,天真無邪、赤子之心,少年老成、老氣橫秋、裝腔作勢、矯揉造作,天真爛熳、爛漫天真、爛熳天真,主條成語
1095,囊空如洗,ㄋㄤˊ　ㄎㄨㄥ　ㄖㄨˊ　ㄒㄧˇ,形容窮到極點身上連一個錢也沒有。,一文不名、一貧如洗、身無分文、床頭金盡、阮囊羞澀,家財萬貫、腰纏萬貫、囊橐豐盈,囊橐如洗、空囊如洗,主條成語
1096,螳螂捕蟬,ㄊㄤˊ　ㄌㄤˊ　ㄅㄨˇ　ㄔㄢˊ,比喻眼光短淺，只貪圖眼前的利益而不顧後患。,,,螳螂捕蟬，黃雀在後、螳螂黃雀、黃雀伺蟬,主條成語
1097,心平氣和,ㄒㄧㄣ　ㄆㄧㄥˊ　ㄑㄧˋ　ㄏㄜˊ,形容心氣平和，不急不怒。,平心靜氣,大發雷霆、心浮氣躁、怒不可遏、氣急敗壞、意氣用事、暴跳如雷,心和氣平、心平德和、心平氣定、心平氣溫、心平氣舒、心正氣和、氣和心平,主條成語
1098,予取予求,ㄩˊ　ㄑㄩˇ　ㄩˊ　ㄑㄧㄡˊ,比喻任意取求，需索無度。,,,,主條成語
1099,高瞻遠矚,ㄍㄠ　ㄓㄢ　ㄩㄢˇ　ㄓㄨˇ,形容見識遠大。褒義。,目光如炬,目光如豆、鼠目寸光,,主條成語
1100,三顧茅廬,ㄙㄢ　ㄍㄨˋ　ㄇㄠˊ　ㄌㄨˊ,比喻對賢才真心誠意的邀請、拜訪。,不恥下問、求賢若渴、握髮吐哺、禮賢下士,,三謁茅廬、三顧草廬、茅廬三顧、草廬三顧,主條成語
1101,龍飛鳳舞,ㄌㄨㄥˊ　ㄈㄟ　ㄈㄥˋ　ㄨˇ,形容書法筆勢飄逸多姿。褒義。＆形容字跡潦草零亂。貶義。,筆走龍蛇、鸞翔鳳翥,,翔龍舞鳳、鳳舞龍飛、龍翔鳳舞、龍蟠鳳舞,主條成語
1102,心直口快,ㄒㄧㄣ　ㄓˊ　ㄎㄡˇ　ㄎㄨㄞˋ,形容性情直率，說話不隱諱。,快人快語、直言無隱、直腸直肚,支吾其詞、吞吞吐吐、欲言又止,口快心直、心直嘴快、快口直腸,主條成語
1103,心血來潮,ㄒㄧㄣ　ㄒㄧㄝˇ　ㄌㄞˊ　ㄔㄠˊ,形容突然興起的念頭。,靈機一動,,,主條成語
1104,盤根錯節,ㄆㄢˊ　ㄍㄣ　ㄘㄨㄛˋ　ㄐㄧㄝˊ,樹根盤屈，枝節交錯。＆比喻事情複雜，不易分解。,犬牙交錯、錯綜複雜,井然有序,根盤節錯、槃根錯節、蟠根錯節、錯節盤根,主條成語
1105,權宜之計,ㄑㄩㄢˊ　ㄧˊ　ㄓ　ㄐㄧˋ,因應某種時機而暫用的計謀。,,百年大計、長久之計,權宜之術,主條成語
1106,耀武揚威,ㄧㄠˋ　ㄨˇ　ㄧㄤˊ　ㄨㄟ,形容得意張揚的樣子。貶義。,不可一世、作威作福、飛揚跋扈,威風掃地、垂頭喪氣、謙卑自牧,奮武揚威、宣威耀武、揚威耀武、曜威燿武,主條成語
1107,平心靜氣,ㄆㄧㄥˊ　ㄒㄧㄣ　ㄐㄧㄥˋ　ㄑㄧˋ,形容心情平和，態度冷靜。,心平氣和、態度冷靜,大發雷霆、火冒三丈、氣急敗壞、意氣用事、暴跳如雷,平心定意、平心定氣、平心易氣、平心氣、息心靜氣、靜氣平心,主條成語
1108,以身作則,ㄧˇ　ㄕㄣ　ㄗㄨㄛˋ　ㄗㄜˊ,以自身行為作為他人的榜樣。,言傳身教、身體力行,枉己正人,,主條成語
1109,史無前例,ㄕˇ　ㄨˊ　ㄑㄧㄢˊ　ㄌㄧˋ,指以往從未發生過。,亙古未有、前所未有、絕無僅有,史不絕書,,主條成語
1110,殫精竭慮,ㄉㄢ　ㄐㄧㄥ　ㄐㄧㄝˊ　ㄌㄩˋ,指竭盡精力與思慮。,挖空心思、絞盡腦汁、煞費苦心、嘔心瀝血、殫智竭力,無所用心、無所事事、漫不經心,殫心竭慮、殫思極慮、殫智畢精、殫精極慮、殫精畢力、殫精畢思、殫精覃思、畢力殫慮、畢精竭思,主條成語
1111,隨遇而安,ㄙㄨㄟˊ　ㄩˋ　ㄦˊ　ㄢ,比喻能安於所處的環境。＆比喻安於現狀，不思長進。,安之若素、既來之、則安之、安於現狀,,隨寓而安、隨寓隨安,主條成語
1112,衣冠楚楚,ㄧ　ㄍㄨㄢ　ㄔㄨˇ　ㄔㄨˇ,形容男子服裝整齊出眾。,峨冠博帶,不修邊幅、衣冠不整、衣衫襤褸、鶉衣百結,衣冠濟楚、衣冠濟濟、衣冠齊楚、衣裳楚楚,主條成語
1113,光風霽月,ㄍㄨㄤ　ㄈㄥ　ㄐㄧˋ　ㄩㄝˋ,形容雨過天青後的明淨景象。＆形容人品光明磊落。褒義。,風清月朗、光明正大、光明磊落、冰壺秋月、風清月朗、淵渟嶽峙,陰風怒號、霪雨霏霏、偷雞摸狗、閹然媚世,霽月光風、風光月霽、風光霽月,主條成語
1114,少不更事,ㄕㄠˋ　ㄅㄨˋ　ㄍㄥ　ㄕˋ,形容年紀輕，經歷世事少，欠缺經驗。,羽毛未豐、初出茅廬、乳臭未乾,少年老成、老成持重、老於世故,少不經事,主條成語
1115,回頭是岸,ㄏㄨㄟˊ　ㄊㄡˊ　ㄕˋ　ㄢˋ,比喻悔過自新或促人向善。,迷途知返、痛改前非、懸崖勒馬,執迷不悟,,主條成語
1116,神通廣大,ㄕㄣˊ　ㄊㄨㄥ　ㄍㄨㄤˇ　ㄉㄚˋ,形容本領、手段高明巧妙。,三頭六臂、呼風喚雨,一無所長,廣大神通,主條成語
1117,孤苦伶仃,ㄍㄨ　ㄎㄨˇ　ㄌㄧㄥˊ　ㄉㄧㄥ,形容孤單貧苦，無依無助。,孑然一身、形單影隻、形影相弔、舉目無親、鰥寡孤獨,三親六眷,伶仃孤苦、孤苦仃俜、孤苦零丁、零丁孤苦,主條成語
1118,回心轉意,ㄏㄨㄟˊ　ㄒㄧㄣ　ㄓㄨㄢˇ　ㄧˋ,改變心意。,,一意孤行、死心塌地、固執己見、執迷不悟,回心改念、回心易慮、心回意轉、心迴意轉、意回心轉、意轉心回、轉意回心,主條成語
1119,獨當一面,ㄉㄨˊ　ㄉㄤ　ㄧ　ㄇㄧㄢˋ　（變）　ㄉㄨˊ　ㄉㄤ　ㄧˊ　ㄇㄧㄢˋ,獨力擔當某一方面的重任。,,力不勝任,專當一面,主條成語
1120,興師問罪,ㄒㄧㄥ　ㄕ　ㄨㄣˋ　ㄗㄨㄟˋ,出兵討伐有罪者。＆前去宣布他人罪狀，並嚴加譴責。,大動干戈、弔民伐罪、問罪秦中、興兵伐罪、聲罪致討、嚴厲譴責,負荊請罪、握手言和,問罪興師、發兵問罪、興師見罪,主條成語
1121,名不副實,ㄇㄧㄥˊ　ㄅㄨˋ　ㄈㄨˋ　ㄕˊ　（變）　ㄇㄧㄥˊ　ㄅㄨˊ　ㄈㄨˋ　ㄕˊ,形容空有虛名，不合實際。,有名無實、徒有虛名、聲聞過情,名不虛傳、名副其實、名實相副,名實不副,主條成語
1122,目不交睫,ㄇㄨˋ　ㄅㄨˋ　ㄐㄧㄠ　ㄐㄧㄝˊ,比喻人忙碌或心情不安而不能入眠。,,高枕而臥、高枕無憂,目不定睫、睫不得交,主條成語
1123,寥若晨星,ㄌㄧㄠˊ　ㄖㄨㄛˋ　ㄔㄣˊ　ㄒㄧㄥ,形容數量稀少。,屈指可數、寥寥可數、寥寥無幾,不可勝數、不計其數、不勝枚舉、比比皆是、多如牛毛、車載斗量、恆河沙數、星羅棋布、盈千累萬、俯拾即是,廓落晨星,主條成語
1124,針鋒相對,ㄓㄣ　ㄈㄥ　ㄒㄧㄤ　ㄉㄨㄟˋ,比喻相互對立，不相上下。,矛盾相向、脣槍舌劍、短兵相接,水乳交融,針芥相投、針鋒相投、鍼鋒相對,主條成語
1125,吉人天相,ㄐㄧˊ　ㄖㄣˊ　ㄊㄧㄢ　ㄒㄧㄤˋ,形容吉善的人自有上天的幫助。,吉星高照、逢凶化吉、福星高照,禍從天降,吉人天佑、天相吉人,主條成語
1126,安貧樂道,ㄢ　ㄆㄧㄣˊ　ㄌㄜˋ　ㄉㄠˋ,能安於貧困的處境，並仍以信守道義為樂。,甘貧樂道、安貧樂賤,不甘食貧、攀龍附鳳,好道安貧、守道安貧、安貧守道、樂道安貧,主條成語
1127,安居樂業,ㄢ　ㄐㄩ　ㄌㄜˋ　ㄧㄝˋ,人民生活安定和樂，且喜好自己的工作。,安身立命、安家立業、安堵樂業,水深火熱、民不聊生、流離失所、顛沛流離,安土樂業、安家樂業、樂業安居,主條成語
1128,不識抬舉,ㄅㄨˋ　ㄕˋ　ㄊㄞˊ　ㄐㄩˇ　（變）　ㄅㄨˊ　ㄕˋ　ㄊㄞˊ　ㄐㄩˇ,指責人不接受或不自知別人的禮遇優待。,不知好歹,知高識低,不中抬舉、不受抬舉,主條成語
1129,餘音繞梁,ㄩˊ　ㄧㄣ　ㄖㄠˋ　ㄌㄧㄤˊ,形容歌聲或音樂美妙感人，餘味不絕。,六馬仰秣、迴腸盪氣,,繞梁之音、餘妙繞梁、餘音嫋嫋、餘響遶梁,主條成語
1130,輕描淡寫,ㄑㄧㄥ　ㄇㄧㄠˊ　ㄉㄢˋ　ㄒㄧㄝˇ,形容言論或寫作時，避開關鍵，將重點輕輕帶過。,蜻蜓點水、避重就輕,入木三分、刻畫入微、淋漓盡致,輕描淡染,主條成語
1131,彈丸之地,ㄉㄢˋ　ㄨㄢˊ　ㄓ　ㄉㄧˋ,比喻狹小的地方。,一隅之地、方寸之地、立錐之地、蕞爾之地,,,主條成語
1132,自欺欺人,ㄗˋ　ㄑㄧ　ㄑㄧ　ㄖㄣˊ,不但欺騙自己，也欺騙他人。貶義。,掩耳盜鈴、掩目捕雀、掩鼻偷香,,欺人自欺,主條成語
1133,有始無終,ㄧㄡˇ　ㄕˇ　ㄨˊ　ㄓㄨㄥ,比喻做事半途而廢，不能貫徹到底。貶義。,半途而廢、有頭無尾、虎頭蛇尾,全始全終、有始有終、有頭有尾、貫徹始終,,主條成語
1134,爾虞我詐,ㄦˇ　ㄩˊ　ㄨㄛˇ　ㄓㄚˋ,形容人與人之間的互相猜疑，玩弄欺騙手段。,明爭暗鬥、招搖撞騙、鉤心鬥角、變詐相角,你謙我讓、肝膽相照、披肝瀝膽、相安無事、推心置腹、推誠相見、開誠布公、開誠相見、精誠團結、講信修睦,爾詐我虞,主條成語
1135,刎頸之交,ㄨㄣˇ　ㄐㄧㄥˇ　ㄓ　ㄐㄧㄠ,比喻可同生共死的至交好友。,生死之交,狐朋狗友、酒肉朋友,刎頸交、刎頸至交,主條成語
1136,義正辭嚴,ㄧˋ　ㄓㄥˋ　ㄘˊ　ㄧㄢˊ,義理正當，措詞嚴厲。,仗義執言、理直氣壯,理屈詞窮、強詞奪理,正義嚴辭、義切辭嚴、義正詞嚴、詞嚴理正、詞嚴義正、辭嚴氣正、辭嚴義正,主條成語
1137,改頭換面,ㄍㄞˇ　ㄊㄡˊ　ㄏㄨㄢˋ　ㄇㄧㄢˋ,比喻形式雖改變，而實質未變。＆比喻一個人澈底改變，有重新做人之意。,,,,主條成語
1138,意氣用事,ㄧˋ　ㄑㄧˋ　ㄩㄥˋ　ㄕˋ,處理事務但憑情緒，缺乏理智。,,,,主條成語
1139,路不拾遺,ㄌㄨˋ　ㄅㄨˋ　ㄕˊ　ㄧˊ,不會撿拾路上失物，據為己有；形容社會風氣良好。褒義。,夜不閉戶,,塗不拾遺、路無拾遺、道不拾遺,主條成語
1140,群龍無首,ㄑㄩㄣˊ　ㄌㄨㄥˊ　ㄨˊ　ㄕㄡˇ,比喻一群人中缺乏領導者。,,,群龍?首,主條成語
1141,妙手空空,ㄇㄧㄠˋ　ㄕㄡˇ　ㄎㄨㄥ　ㄎㄨㄥ,小偷、扒手的稱呼。＆表示兩手空空，一無所有。＆指稱缺乏資財而善於挪移應付的人。,梁上君子,,空空妙手,主條成語
1142,求全責備,ㄑㄧㄡˊ　ㄑㄩㄢˊ　ㄗㄜˊ　ㄅㄟˋ,指對人或事要求完美無缺。,吹毛求疵、洗垢求瘢,,責備求全,主條成語
1143,改邪歸正,ㄍㄞˇ　ㄒㄧㄝˊ　ㄍㄨㄟ　ㄓㄥˋ,指改正錯誤的行為，返回正途。,改惡從善、改過自新、棄暗投明,怙惡不悛、執迷不悟,去邪歸正、反邪就正、反邪歸正、棄邪從正、棄邪歸正、矯邪歸正、背邪向正,主條成語
1144,滔滔不絕,ㄊㄠ　ㄊㄠ　ㄅㄨˋ　ㄐㄩㄝˊ,水勢滾滾，連續不斷。＆形容說話連續而不間斷。,,,滔滔不斷、滔滔不盡、滔滔不竭,主條成語
1145,逐臭之夫,ㄓㄨˊ　ㄔㄡˋ　ㄓ　ㄈㄨ,比喻有怪癖的人。,,,,主條成語
1146,道聽塗說,ㄉㄠˋ　ㄊㄧㄥ　ㄊㄨˊ　ㄕㄨㄛ,泛指沒有經過證實、缺乏根據的話。,以訛傳訛、街談巷語、無稽之談、齊東野語,耳聞目睹、言之鑿鑿、鑿鑿有據,道聽途傳、道聽途說,主條成語
1147,楚楚可憐,ㄔㄨˇ　ㄔㄨˇ　ㄎㄜˇ　ㄌㄧㄢˊ,形容姿態纖弱嬌媚，惹人憐愛。＆指神情淒楚或處境不佳，令人憐憫。,楚楚動人,,楚楚可人,主條成語
1148,無濟於事,ㄨˊ　ㄐㄧˋ　ㄩˊ　ㄕˋ,對事情毫無幫助。,杯水車薪、於事無補,不無小補、大有助益,於事無濟、無益於事、無補於事,主條成語
1149,忠心耿耿,ㄓㄨㄥ　ㄒㄧㄣ　ㄍㄥˇ　ㄍㄥˇ,形容極為忠誠。褒義。,赤膽忠心、忠肝義膽、忠貞不二,心懷不軌、心懷叵測、心懷異志,丹心耿耿、耿耿丹心,主條成語
1150,陽春白雪,ㄧㄤˊ　ㄔㄨㄣ　ㄅㄞˊ　ㄒㄩㄝˇ,比喻精深高雅的文學藝術作品。,曲高和寡,下里巴人,白雪陽春,主條成語
1151,絡繹不絕,ㄌㄨㄛˋ　ㄧˋ　ㄅㄨˋ　ㄐㄩㄝˊ,形容連續不斷的樣子。,川流不息、車水馬龍、紛至沓來、接二連三、接踵而至、熙來攘往,三三兩兩、稀稀落落,絡驛不絕、駱驛不絕,主條成語
1152,顧此失彼,ㄍㄨˋ　ㄘˇ　ㄕ　ㄅㄧˇ,指做事時不能全面兼顧。,左支右絀、捉襟見肘、掛一漏萬,一箭雙雕、一舉兩得、兩全其美、面面俱到,守此失彼、得此失彼,主條成語
1153,言聽計從,ㄧㄢˊ　ㄊㄧㄥ　ㄐㄧˋ　ㄘㄨㄥˊ,形容某人深受信任。,百依百順、唯命是從、唯命是聽,如風過耳、馬耳東風、置若罔聞、聽而不聞,言從計行、言聽計用、言聽計行、言行計從,主條成語
1154,合浦珠還,ㄏㄜˊ　ㄆㄨˇ　ㄓㄨ　ㄏㄨㄢˊ,比喻物品失而復得。＆比喻人離開而復返。,失而復得、完璧歸趙,一去不返,合浦還珠、珠還合浦、還珠合浦,主條成語
1155,困獸猶鬥,ㄎㄨㄣˋ　ㄕㄡˋ　ㄧㄡˊ　ㄉㄡˋ,比喻處於絕境，仍然奮力抵抗。,垂死掙扎、負嵎頑抗,束手就擒、坐以待斃,困獸思鬥,主條成語
1156,信手拈來,ㄒㄧㄣˋ　ㄕㄡˇ　ㄋㄧㄢˊ　ㄌㄞˊ,隨手引用材料，自如而不費力。＆比喻做事時，隨手而為，毫不費力。,,絞盡腦汁、搜索枯腸,信手拈出、信手拈得,主條成語
1157,順手牽羊,ㄕㄨㄣˋ　ㄕㄡˇ　ㄑㄧㄢ　ㄧㄤˊ,比喻乘機順便取走他人財物。,,,,主條成語
1158,無獨有偶,ㄨˊ　ㄉㄨˊ　ㄧㄡˇ　ㄡˇ,某種少見的人、事、物，偏有類同者出現恰巧湊成一對的情況，或兩項事物恰巧相同或類似。,,絕無僅有、獨一無二,,主條成語
1159,盛氣凌人,ㄕㄥˋ　ㄑㄧˋ　ㄌㄧㄥˊ　ㄖㄣˊ,用驕橫的氣勢壓迫別人。,不可一世、目空一切、咄咄逼人、倨傲鮮腆,平易近人、和顏悅色、和藹可親,尚氣凌人、盛氣加人、盛氣臨人、盛氣陵人,主條成語
1160,爭先恐後,ㄓㄥ　ㄒㄧㄢ　ㄎㄨㄥˇ　ㄏㄡˋ,指競相爭先，惟恐落後。,,,恐後爭先,主條成語
1161,迥然不同,ㄐㄩㄥˇ　ㄖㄢˊ　ㄅㄨˋ　ㄊㄨㄥˊ,彼此不同，相差很大。,判若天淵、截然不同,一模一樣、毫無二致,敻然不同、迥乎不同、迥然不侔,主條成語
1162,如出一轍,ㄖㄨˊ　ㄔㄨ　ㄧ　ㄔㄜˋ　（變）　ㄖㄨˊ　ㄔㄨ　ㄧˊ　ㄔㄜˋ,比喻非常相像，幾乎沒有差別。,一般無二、一模一樣、毫無二致,大相逕庭、天差地遠、迥然不同、截然不同,出於一轍、如循一軌、若出一轍,主條成語
1163,發人深省,ㄈㄚ　ㄖㄣˊ　ㄕㄣ　ㄒㄧㄥˇ,啟發人深刻思考而有所醒悟。,,,令人深省,主條成語
1164,朋比為奸,ㄆㄥˊ　ㄅㄧˋ　ㄨㄟˊ　ㄐㄧㄢ,互相勾結做壞事。貶義。,朋黨比周、狼狽為奸,,朋比作仇、朋比作奸,主條成語
1165,惴惴不安,ㄓㄨㄟˋ　ㄓㄨㄟˋ　ㄅㄨˋ　ㄢ,形容因恐懼擔憂而心神不安寧。,七上八下、忐忑不安、惶惶不安,安之若素、若無其事、泰然自若,,主條成語
1166,隨心所欲,ㄙㄨㄟˊ　ㄒㄧㄣ　ㄙㄨㄛˇ　ㄩˋ,比喻完全順隨自己的心意去做事。,為所欲為,身不由己,從心所欲、恣心所欲、縱心所欲,主條成語
1167,惜墨如金,ㄒㄧˊ　ㄇㄛˋ　ㄖㄨˊ　ㄐㄧㄣ,比喻寫字、作畫態度謹慎，不輕易下筆。,一字不苟,率爾操觚,,主條成語
1168,歡天喜地,ㄏㄨㄢ　ㄊㄧㄢ　ㄒㄧˇ　ㄉㄧˋ,非常歡喜高興的樣子。,心花怒放、欣喜若狂、眉開眼笑、喜氣洋洋、興高采烈、歡欣鼓舞,日坐愁城、悶悶不樂、愁眉苦臉,喜地歡天,主條成語
1169,循規蹈矩,ㄒㄩㄣˊ　ㄍㄨㄟ　ㄉㄠˋ　ㄐㄩˇ,遵守禮法，不踰越法度。,安分守己、規行矩步,胡作非為、無法無天,循蹈規矩、應規蹈矩、蹈矩循規、蹈規循矩,主條成語
1170,若無其事,ㄖㄨㄛˋ　ㄨˊ　ㄑㄧˊ　ㄕˋ,形容神態鎮靜、自然。,行若無事、泰然自若、談笑自若,心慌意亂、忐忑不安、惴惴不安、惶惶不安、驚慌失措,,主條成語
1171,苦盡甘來,ㄎㄨˇ　ㄐㄧㄣˋ　ㄍㄢ　ㄌㄞˊ,艱難困苦的境遇已經結束，轉而逐步進入佳境。,否極泰來,福過災生、樂極生悲,苦盡甜來,主條成語
1172,津津有味,ㄐㄧㄣ　ㄐㄧㄣ　ㄧㄡˇ　ㄨㄟˋ,形容興味濃厚的樣子。＆形容食慾盎然或食物的美味。,興味盎然,味同嚼蠟、枯燥無味、索然無味,,主條成語
1173,花天酒地,ㄏㄨㄚ　ㄊㄧㄢ　ㄐㄧㄡˇ　ㄉㄧˋ,形容沉迷酒色，荒誕腐化的生活。貶義。,酒綠燈紅、紙醉金迷、醉生夢死、燈紅酒綠、聲色犬馬,布衣蔬食、克勤克儉,酒地花天、酒海花天,主條成語
1174,席不暇暖,ㄒㄧˊ　ㄅㄨˋ　ㄒㄧㄚˊ　ㄋㄨㄢˇ,形容奔走極為忙碌，沒有休息的時候。,,,不暇暖席、孔席不暖、席不及煖、席不暇煖,主條成語
1175,奄奄一息,ㄧㄢ　ㄧㄢ　ㄧ　ㄒㄧˊ　（變）　ㄧㄢ　ㄧㄢ　ㄧˋ　ㄒㄧˊ,形容生命已到了最後時刻。,日薄西山、危在旦夕、命若懸絲、朝不保夕,生氣勃勃、生龍活虎、朝氣蓬勃,一息奄奄、奄奄殘息、奄奄餘息、殘息奄奄、氣息厭厭、氣息奄奄、淹淹一息,主條成語
1176,玩世不恭,ㄨㄢˋ　ㄕˋ　ㄅㄨˋ　ㄍㄨㄥ,以不莊重、不嚴謹的生活態度待人處事。,遊戲人間,,玩世不羈,主條成語
1177,街談巷議,ㄐㄧㄝ　ㄊㄢˊ　ㄒㄧㄤˋ　ㄧˋ,大街小巷中的談說議論。,,,巷語街談、巷議街談、街談巷語、街談巷說、街談巷諺、街譚巷議、里談巷議,主條成語
1178,顧名思義,ㄍㄨˋ　ㄇㄧㄥˊ　ㄙ　ㄧˋ,比喻看到名稱，就聯想到它的含義。,,,因名思義,主條成語
1179,馬耳東風,ㄇㄚˇ　ㄦˇ　ㄉㄨㄥ　ㄈㄥ,比喻充耳不聞、無動於衷。,耳邊風、秋風過耳、無動於衷、置若罔聞,拳拳服膺、銘記在心,東風射馬耳、東風馬耳、飄風吹馬耳、馬耳射東風、馬耳春風、馬耳秋風,主條成語
1180,歡欣鼓舞,ㄏㄨㄢ　ㄒㄧㄣ　ㄍㄨˇ　ㄨˇ,歡樂振奮的樣子。,欣喜若狂、喜氣洋洋、興高采烈、歡天喜地,垂頭喪氣、愁眉不展、愁眉鎖眼,歡忻鼓舞、驩欣鼓舞、鼓舞歡忻、鼓舞歡欣,主條成語
1181,面紅耳赤,ㄇㄧㄢˋ　ㄏㄨㄥˊ　ㄦˇ　ㄔˋ,形容人因緊張、焦急、害羞等而滿臉發紅的樣子。,臉紅心跳,面不改色,耳紅面赤、臉紅耳赤、面紅耳熱、面紅過耳、面紅面赤、面紅頸赤,主條成語
1182,閉月羞花,ㄅㄧˋ　ㄩㄝˋ　ㄒㄧㄡ　ㄏㄨㄚ,形容女子容貌十分姣好。,如花似玉、沉魚落雁、花容月貌、國色天香、傾國傾城,其貌不揚、無鹽之貌,掩月羞花、月閉花羞、羞花閉月、花閉月羞,主條成語
1183,唯唯諾諾,ㄨㄟˇ　ㄨㄟˇ　ㄋㄨㄛˋ　ㄋㄨㄛˋ,比喻順從而無所違逆。貶義。,唯命是從、唯命是聽、唯唯否否,,,主條成語
1184,欲速不達,ㄩˋ　ㄙㄨˋ　ㄅㄨˋ　ㄉㄚˊ,想要求快，反而不能達到目的。,揠苗助長,循序漸進,欲速反遲,主條成語
1185,前事不忘，後事之師,ㄑㄧㄢˊ　ㄕˋ　ㄅㄨˋ　ㄨㄤˋ　ㄏㄡˋ　ㄕˋ　ㄓ　ㄕ　（變）　ㄑㄧㄢˊ　ㄕˋ　ㄅㄨˊ　ㄨㄤˋ　ㄏㄡˋ　ㄕˋ　ㄓ　ㄕ,記取過去的經驗教訓，可作為今後行事的鑑鏡。,前車之覆、後車之鑑、懲前毖後,重蹈覆轍,前事不忘，來事之師、前事不忘，後事之戒、前事不忘，後代之元龜、前事之師、去事之戒，來事之師,主條成語
1186,懲前毖後,ㄔㄥˊ　ㄑㄧㄢˊ　ㄅㄧˋ　ㄏㄡˋ,以從前的過失為教訓，戒慎自己不再犯錯。,前車之覆、後車之鑑、前事不忘、後事之師,重蹈覆轍,毖後懲前,主條成語
1187,五日京兆,ㄨˇ　ㄖˋ　ㄐㄧㄥ　ㄓㄠˋ,比喻任職時間不久。＆比喻沒有長遠打算。,,,五日尹、五日尹京,主條成語
1188,無可奈何,ㄨˊ　ㄎㄜˇ　ㄋㄞˋ　ㄏㄜˊ,毫無辦法或沒有辦法可想。,迫不得已、望洋興嘆、無計可施、無能為力,,奈如之何、如之奈何、為之奈何、無可奈、無可如何、無如之何、無計奈何、無計所奈、莫可奈何,主條成語
1189,改弦更張,ㄍㄞˇ　ㄒㄧㄢˊ　ㄍㄥ　ㄓㄤ,比喻改革變更，重新做起。,改弦易轍、改轅易轍,老調重彈、泥古不化、抱殘守缺、舊調重彈,改張易調、改絃易張、改絃易調、改絃更張、改調解張、解絃更張,主條成語
1190,少見多怪,ㄕㄠˇ　ㄐㄧㄢˋ　ㄉㄨㄛ　ㄍㄨㄞˋ,譏諷人見識不廣，遇平常之事亦以為驚怪。,大驚小怪、失驚打怪、蜀犬吠日、粵犬吠雪,司空見慣、見怪不怪,見少怪多,主條成語
1191,知難而退,ㄓ　ㄋㄢˊ　ㄦˊ　ㄊㄨㄟˋ,作戰時遇形勢不利則行退兵。＆指行事遇到困難退縮不前或應伺機退卻。,,知難而行、勇往直前,,主條成語
1192,始作俑者,ㄕˇ　ㄗㄨㄛˋ　ㄩㄥˇ　ㄓㄜˇ,比喻首創惡例的人。,罪魁禍首,,,主條成語
1193,撥亂反正,ㄅㄛ　ㄌㄨㄢˋ　ㄈㄢˇ　ㄓㄥˋ,扭轉亂象，歸於正道。,力挽狂瀾、撥亂興治,,匡亂反正、反正撥亂、撥亂反治、校亂反正,主條成語
1194,醉翁之意不在酒,ㄗㄨㄟˋ　ㄨㄥ　ㄓ　ㄧˋ　ㄅㄨˋ　ㄗㄞˋ　ㄐㄧㄡˇ　（變）　ㄗㄨㄟˋ　ㄨㄥ　ㄓ　ㄧˋ　ㄅㄨˊ　ㄗㄞˋ　ㄐㄧㄡˇ,比喻別有用心。,別有用心、項莊舞劍,表裡如一,醉翁之意,主條成語
1195,精衛填海,ㄐㄧㄥ　ㄨㄟˋ　ㄊㄧㄢˊ　ㄏㄞˇ,比喻意志堅定，不懼艱苦。,心堅石穿、水滴石穿、南山可移、移山填海、愚公移山,,冤禽銜石、帝女填海、投石填海、石填大海、精禽填海、精衛塞海、精衛銜木、精衛銜石、精衛銜薪、銜沙填海、銜石冤禽、銜石填海,主條成語
1196,實事求是,ㄕˊ　ㄕˋ　ㄑㄧㄡˊ　ㄕˋ,做事切實，力求真確。,即事窮理、腳踏實地,弄虛作假、好高騖遠,,主條成語
1197,聞一知十,ㄨㄣˊ　ㄧ　ㄓ　ㄕˊ,形容人稟賦聰敏，善於類推。褒義。,舉一反三、觸類旁通,,,主條成語
1198,倚馬可待,ㄧˇ　ㄇㄚˇ　ㄎㄜˇ　ㄉㄞˋ,比喻文思敏捷，寫作迅速。褒義。,一揮而就、七步成詩、下筆千言、援筆立就、筆翰如流、意到筆隨,江郎才盡、搜索枯腸、嘔心瀝血,倚馬之才、倚馬成文、倚馬才、倚馬才高、倚馬立成、倚馬雄才、才堪倚馬、才高倚馬、揮毫倚馬、揮毫立馬、立馬萬言、袁宏倚馬,主條成語
1199,多難興邦,ㄉㄨㄛ　ㄋㄢˋ　ㄒㄧㄥ　ㄅㄤ,國家多難，則上下團結奮發，促使邦國更加興盛。,,,,主條成語
1200,為人作嫁,ㄨㄟˋ　ㄖㄣˊ　ㄗㄨㄛˋ　ㄐㄧㄚˋ,比喻徒然為他人辛苦，自己卻得不到好處。,火中取栗、耘人之田、徒勞無功,不勞而獲、坐享其成,,主條成語
1201,風燭殘年,ㄈㄥ　ㄓㄨˊ　ㄘㄢˊ　ㄋㄧㄢˊ,形容人身體孱弱，不久於世的晚年。,日薄西山、行將就木、風中殘燭,年富力強、春秋鼎盛,,主條成語
1202,要言不煩,ㄧㄠˋ　ㄧㄢˊ　ㄅㄨˋ　ㄈㄢˊ,形容說話精要，不囉嗦。,言簡意賅,拖泥帶水、長篇大論、連篇累牘、絮絮叨叨,至言不繁,主條成語
1203,米珠薪桂,ㄇㄧˇ　ㄓㄨ　ㄒㄧㄣ　ㄍㄨㄟˋ,比喻物價昂貴。,長安居大不易,價廉物美,桂薪玉粒、桂薪珠米、炊瓊爇桂、爨丹桂、爨桂炊玉、玉粒桂薪、珠米桂薪、薪桂米珠、食玉炊桂、飯玉炊桂,主條成語
1204,自以為是,ㄗˋ　ㄧˇ　ㄨㄟˊ　ㄕˋ,自認觀點與做法皆正確，不肯虛心接受別人意見。貶義。,自以為然、自矜自是、我行我素、剛愎自用,虛懷若谷,,主條成語
1205,豺狼當道,ㄔㄞˊ　ㄌㄤˊ　ㄉㄤ　ㄉㄠˋ,比喻奸人掌握大權，專斷橫行。,,,當路豺狼、虎狼當路、豺狼塞路、豺狼橫道、豺狼當塗、豺狼當路,主條成語
1206,談何容易,ㄊㄢˊ　ㄏㄜˊ　ㄖㄨㄥˊ　ㄧˋ,指嘴裡說說容易，實際做起來卻很困難。,難於上天,手到擒來、易如反掌、探囊取物、輕而易舉,言何容易,主條成語
1207,問道於盲,ㄨㄣˋ　ㄉㄠˋ　ㄩˊ　ㄇㄤˊ,比喻向無知的人求教。,借聽於聾,,求道於盲,主條成語
1208,英雄無用武之地,ㄧㄥ　ㄒㄩㄥˊ　ㄨˊ　ㄩㄥˋ　ㄨˇ　ㄓ　ㄉㄧˋ,人雖有才能，卻無施展的機會。,龍困淺灘、懷才不遇,人盡其才,,主條成語
1209,城下之盟,ㄔㄥˊ　ㄒㄧㄚˋ　ㄓ　ㄇㄥˊ,泛指被迫簽訂的屈辱性條約。,,,城下盟,主條成語
1210,弄璋之喜,ㄋㄨㄥˋ　ㄓㄤ　ㄓ　ㄒㄧˇ,恭喜人生男孩的賀詞。,天賜石麟、熊夢之喜,弄瓦之喜,弄璋之慶,主條成語
1211,如虎添翼,ㄖㄨˊ　ㄏㄨˇ　ㄊㄧㄢ　ㄧˋ,比喻強有力者又增添生力軍，使之更強。,錦上添花,,如虎傅翼、如虎得翼、如虎生翼,主條成語
1212,叱吒風雲,ㄔˋ　ㄓㄚˋ　ㄈㄥ　ㄩㄣˊ,形容威風凜冽，足以左右世局。,拔山蓋世、氣吞山河,無足輕重、微不足道,叱?風雲、叱嗟風雲、嘯吒風雲、風雲叱?,主條成語
1213,一朝一夕,ㄧ　ㄓㄠ　ㄧ　ㄒㄧˋ　（變）　ㄧˋ　ㄓㄠ　ㄧˊ　ㄒㄧˋ,形容時間短暫。,一時半刻、俯仰之間、轉眼之間,千秋萬歲、窮年累世、積年累月,,主條成語
1214,孑然一身,ㄐㄧㄝˊ　ㄖㄢˊ　ㄧ　ㄕㄣ　（變）　ㄐㄧㄝˊ　ㄖㄢˊ　ㄧˋ　ㄕㄣ,形容孤獨一個人。,形單影隻、形影相弔、孤苦伶仃、煢煢孑立,五世同堂,,主條成語
1215,格殺勿論,ㄍㄜˊ　ㄕㄚ　ㄨˋ　ㄌㄨㄣˋ,擊殺凶惡的人不以殺人論罪。,,,,主條成語
1216,一場春夢,ㄧ　ㄔㄤˇ　ㄔㄨㄣ　ㄇㄥˋ,比喻世事變幻，轉眼成空。,南柯一夢、黃梁一夢、過眼雲煙、夢幻泡影,,春夢一場,主條成語
1217,借題發揮,ㄐㄧㄝˋ　ㄊㄧˊ　ㄈㄚ　ㄏㄨㄟ,假借某事為題，表達自己真正的意思，或想做的事。,,,,主條成語
1218,氣壯山河,ㄑㄧˋ　ㄓㄨㄤˋ　ㄕㄢ　ㄏㄜˊ,形容氣勢如高山大河般雄壯豪邁。,氣吞山河、氣吞萬里、氣貫長虹、氣勢磅礡,有氣無力、氣息奄奄,氣壓山河、氣壯河山,主條成語
1219,不同凡響,ㄅㄨˋ　ㄊㄨㄥˊ　ㄈㄢˊ　ㄒㄧㄤˇ,比喻特出、不平凡的人或事物。褒義。,不同流俗、出類拔萃、超塵拔俗、與眾不同,平淡無奇,不同凡流、不同凡調、不為凡響,主條成語
1220,英雄氣短,ㄧㄥ　ㄒㄩㄥˊ　ㄑㄧˋ　ㄉㄨㄢˇ,有才識志氣的人因遭受挫折而喪失進取心。＆有才識志氣的人因沉迷於愛情而喪失進取心。,風雲氣短、兒女情長,豪氣干雲,英雄短氣,主條成語
1221,神出鬼沒,ㄕㄣˊ　ㄔㄨ　ㄍㄨㄟˇ　ㄇㄛˋ,形容出沒無常，變化莫測。,出沒無常、莫測高深,,出鬼入神、神出而鬼行、神出鬼入、神沒鬼出、鬼出神入,主條成語
1222,高風亮節,ㄍㄠ　ㄈㄥ　ㄌㄧㄤˋ　ㄐㄧㄝˊ,形容人的品格高尚，氣節堅貞。褒義。,,卑鄙無恥、寡廉鮮恥,亮節高風、勁節高風、孤標峻節、清風亮節、苦節高標、貞風亮節、高節清風、高風勁節、高風大節、高風峻節、高風苦節,主條成語
1223,眉開眼笑,ㄇㄟˊ　ㄎㄞ　ㄧㄢˇ　ㄒㄧㄠˋ,形容愉悅欣喜的神情。,眉飛色舞、笑逐顏開、開眉展眼、喜眉笑眼、喜笑顏開,愁眉不展、愁眉苦臉、愁眉鎖眼、蹙額愁眉、顰眉蹙額,眉歡眼笑、眉花眼笑,主條成語
1224,寅吃卯糧,ㄧㄣˊ　ㄔ　ㄇㄠˇ　ㄌㄧㄤˊ,比喻收入不夠支出，預支以後的用項。,入不敷出,綽綽有餘,寅支卯糧,主條成語
1225,涓滴歸公,ㄐㄩㄢ　ㄉㄧ　ㄍㄨㄟ　ㄍㄨㄥ,形容為人廉潔。,一介不取,上下其手、中飽私囊、假公濟私,,主條成語
1226,骨瘦如柴,ㄍㄨˇ　ㄕㄡˋ　ㄖㄨˊ　ㄔㄞˊ,形容非常消瘦的樣子。,形銷骨立、瘦骨嶙峋,大腹便便、肥頭大耳、腦滿腸肥,瘦骨如柴、骨如柴、骨瘦如豺,主條成語
1227,根深蒂固,ㄍㄣ　ㄕㄣ　ㄉㄧˋ　ㄍㄨˋ,比喻根基堅固，不可動搖。,堅如磐石、積重難返,搖搖欲墜,根深蔕固、深根固蒂、深根固蔕、蒂固根深,主條成語
1228,烽火連天,ㄈㄥ　ㄏㄨㄛˇ　ㄌㄧㄢˊ　ㄊㄧㄢ,比喻戰爭接連不斷。,兵馬倥傯、兵連禍結、狼煙四起,太平盛世、四海昇平、河清海晏、歌舞昇平,兵火連天、接天烽火、煙火連天、連天烽火,主條成語
1229,望而卻步,ㄨㄤˋ　ㄦˊ　ㄑㄩㄝˋ　ㄅㄨˋ,危險或能力不及的事，令人見了就退卻不前。,畏縮不前、望而生畏,勇往直前,望之卻步,主條成語
1230,一念之差,ㄧ　ㄋㄧㄢˋ　ㄓ　ㄔㄚ　（變）　ㄧˊ　ㄋㄧㄢˋ　ㄓ　ㄔㄚ,一個念頭的差錯。,,,一念之誤、一念之錯、一念差池,主條成語
1231,理直氣壯,ㄌㄧˇ　ㄓˊ　ㄑㄧˋ　ㄓㄨㄤˋ,理由正大、充分，則氣勢壯盛而無所畏懼。,振振有辭、義正辭嚴,理屈詞窮、強詞奪理,理足氣壯,主條成語
1232,星羅棋布,ㄒㄧㄥ　ㄌㄨㄛˊ　ㄑㄧˊ　ㄅㄨˋ,形容布列繁密。,鱗次櫛比,一星半點、寥若晨星、寥寥無幾,星羅雲布、棋布星列、棋布星羅、棋布星陳,主條成語
1233,同室操戈,ㄊㄨㄥˊ　ㄕˋ　ㄘㄠ　ㄍㄜ,比喻兄弟不睦或內部的爭鬥。,兄弟鬩牆、煮豆燃萁、禍起蕭牆、變生肘腋,兄友弟恭、兄弟孔懷、同氣連枝、和衷共濟、讓棗推梨,,主條成語
1234,率由舊章,ㄕㄨㄞˋ　ㄧㄡˊ　ㄐㄧㄡˋ　ㄓㄤ,指一切遵循舊規。,因循守舊、陳陳相因、蕭規曹隨,不主故常、改弦更張、改弦易轍、革故鼎新、棄舊圖新,率由舊典、率由舊則,主條成語
1235,明眸皓齒,ㄇㄧㄥˊ　ㄇㄡˊ　ㄏㄠˋ　ㄔˇ,形容女子容貌明麗。褒義。,朱脣皓齒、蛾眉皓齒,,星眸皓齒、皓齒明眸、皓齒星眸,主條成語
1236,獨木難支,ㄉㄨˊ　ㄇㄨˋ　ㄋㄢˊ　ㄓ,比喻事情非常重大，非一人之力所能支持。,孤掌難鳴、勢孤力單,一柱擎天,一木難扶、一木難支,主條成語
1237,不時之需,ㄅㄨˋ　ㄕˊ　ㄓ　ㄒㄩ,指隨時的需用。,,,不時之須,主條成語
1238,赤地千里,ㄔˋ　ㄉㄧˋ　ㄑㄧㄢ　ㄌㄧˇ,形容災荒後廣大土地寸草不生的荒涼景象。,寸草不生、不毛之地,沃野千里、膏腴之地,千里赤,主條成語
1239,貪贓枉法,ㄊㄢ　ㄗㄤ　ㄨㄤˇ　ㄈㄚˇ,指貪汙受賄，敗亂法紀。,違法亂紀,正直無私、洗手奉職、廉潔奉公,壞法婪贓、貪贓壞法,主條成語
1240,逍遙法外,ㄒㄧㄠ　ㄧㄠˊ　ㄈㄚˇ　ㄨㄞˋ,犯罪者逃避了應受的法律制裁，仍自由自在。,漏網之魚,天網恢恢、法網難逃,,主條成語
1241,長驅直入,ㄔㄤˊ　ㄑㄩ　ㄓˊ　ㄖㄨˋ,長距離一路挺進，毫無阻擋。,直搗黃龍、所向披靡、望風披靡、勢如破竹,節節敗退,長驅徑入、長驅深入、長驅直突、長驅而入,主條成語
1242,見仁見智,ㄐㄧㄢˋ　ㄖㄣˊ　ㄐㄧㄢˋ　ㄓˋ,形容對同一件事，每個人看法各異。,,不謀而合、所見略同,仁智之見、見仁見知,主條成語
1243,博古通今,ㄅㄛˊ　ㄍㄨˇ　ㄊㄨㄥ　ㄐㄧㄣ,學問淵博，通曉古今。褒義。,茹古涵今、博覽古今,才疏學淺、不學無術、孤陋寡聞、胸無點墨、淺見寡識、菲才寡學,博古知今、披古通今、知今博古、透古通今、通今博古,主條成語
1244,欺世盜名,ㄑㄧ　ㄕˋ　ㄉㄠˋ　ㄇㄧㄥˊ,比喻欺騙世人，盜取名譽。,沽名釣譽、惑世盜名、盜名竊譽,,偷世竊名、欺世釣譽、盜名欺世、釣名欺世,主條成語
1245,惱羞成怒,ㄋㄠˇ　ㄒㄧㄡ　ㄔㄥˊ　ㄋㄨˋ,因羞愧到極點而惱恨發怒。,氣急敗壞,心平氣和、平心靜氣,惱羞變怒、羞惱成怒、老羞成怒、老羞變怒,主條成語
1246,椎心泣血,ㄓㄨㄟ　ㄒㄧㄣ　ㄑㄧˋ　ㄒㄧㄝˇ,形容哀痛到了極點。,心如刀割、肝心若裂、呼天搶地、捶胸頓足、稽顙泣血,手舞足蹈、笑逐顏開、喜不自勝、興高采烈、歡天喜地、歡欣鼓舞,叩心泣血、拊心泣血,主條成語
1247,驚濤駭浪,ㄐㄧㄥ　ㄊㄠˊ　ㄏㄞˋ　ㄌㄤˋ,猛烈的風浪。＆比喻險惡的環境。,大風大浪、狂風巨浪、大風大浪、狂風巨浪,水波不興、風平浪靜、風平浪靜,洪濤駭浪、駭浪驚濤、驚波駭浪、驚風駭浪,主條成語
1248,鞭辟入裡,ㄅㄧㄢ　ㄅㄧˋ　ㄖㄨˋ　ㄌㄧˇ,研究學問要自我鞭策，深入精微之處。＆形容評論見解深刻透澈。褒義。,入木三分,浮光掠影、輕描淡寫,鞭擗向裡、鞭約近裡、鞭辟著裡、鞭辟近裡,主條成語
1249,一團和氣,ㄧ　ㄊㄨㄢˊ　ㄏㄜˊ　ㄑㄧˋ　（變）　ㄧˋ　ㄊㄨㄢˊ　ㄏㄜˊ　ㄑㄧˋ,一片祥和的氣氛。＆形容一個人的態度和藹可親。,平易近人、和和氣氣、和顏悅色、和藹可親,凶神惡煞、盛氣凌人、橫眉豎目,一堂和氣,主條成語
1250,傷天害理,ㄕㄤ　ㄊㄧㄢ　ㄏㄞˋ　ㄌㄧˇ,為人處事違背天理，泯滅人性。貶義。,喪心病狂、喪盡天良、滅絕人性,,喪天害理、害理傷天,主條成語
1251,明鏡高懸,ㄇㄧㄥˊ　ㄐㄧㄥˋ　ㄍㄠ　ㄒㄩㄢˊ,比喻官吏執法能公正嚴明。褒義。＆比喻辦事能明察無私。褒義。,大公無私、執法如山、洞燭姦邪,,神鏡高懸、秦庭朗鏡、秦鏡高懸、高懸明鏡、高懸秦鏡、高檯明鏡、高臺明鏡,主條成語
1252,高山流水,ㄍㄠ　ㄕㄢ　ㄌㄧㄡˊ　ㄕㄨㄟˇ,形容樂曲高妙。＆比喻知音才懂的樂曲。,引商刻羽、陽春白雪,下里巴人,流水高山,主條成語
1253,花團錦簇,ㄏㄨㄚ　ㄊㄨㄢˊ　ㄐㄧㄣˇ　ㄘㄨˋ,形容繁花茂盛。＆形容五彩繽紛，繁華美麗。,奼紫嫣紅、萬紫千紅、五彩繽紛、奼紫嫣紅、萬紫千紅,,攢花簇錦、簇錦攢花、花攢錦簇、花簇錦攢、錦團花簇、錦簇花團,主條成語
1254,不二法門,ㄅㄨˋ　ㄦˋ　ㄈㄚˇ　ㄇㄣˊ　（變）　ㄅㄨˊ　ㄦˋ　ㄈㄚˇ　ㄇㄣˊ,比喻唯一的方法或途徑。,必由之路,殊途同歸、異曲同工,不二門、法無二門,主條成語
1255,無懈可擊,ㄨˊ　ㄒㄧㄝˋ　ㄎㄜˇ　ㄐㄧˊ,形容非常嚴密，沒有缺失。褒義。,天衣無縫、無隙可乘,破綻百出、漏洞百出,,主條成語
1256,大書特書,ㄉㄚˋ　ㄕㄨ　ㄊㄜˋ　ㄕㄨ,將值得書寫的事蹟，鄭重地記錄下來。,,不足掛齒、不值一提、輕描淡寫,特書大書,主條成語
1257,亡命之徒,ㄨㄤˊ　ㄇㄧㄥˋ　ㄓ　ㄊㄨˊ,比喻不顧性命作奸犯科的人。貶義。,不法之徒,,,主條成語
1258,依然故我,ㄧ　ㄖㄢˊ　ㄍㄨˋ　ㄨㄛˇ,指情況依舊，沒有任何變化。,依然如故,判若兩人,依然故吾、故我依然,主條成語
1259,兔死狐悲,ㄊㄨˋ　ㄙˇ　ㄏㄨˊ　ㄅㄟ,比喻因同類的不幸遭遇而感到悲傷。,芝焚蕙嘆、物傷其類,幸災樂禍、落井下石,狐兔之悲、狐死兔悲、狐死兔泣,主條成語
1260,感激涕零,ㄍㄢˇ　ㄐㄧ　ㄊㄧˋ　ㄌㄧㄥˊ,形容非常感謝。,感恩戴德、感激不盡、銘感五內,,感極涕零、感激流涕、感激涕泗,主條成語
1261,赤手空拳,ㄔˋ　ㄕㄡˇ　ㄎㄨㄥ　ㄑㄩㄢˊ,指手中空無一物。＆形容沒有一點憑藉。,手無寸鐵、隻手空拳,披堅執銳、荷槍實彈,白手空拳、空拳赤手,主條成語
1262,拍案叫絕,ㄆㄞ　ㄢˋ　ㄐㄧㄠˋ　ㄐㄩㄝˊ,形容非常讚賞。,拍案稱奇、擊節稱賞、讚不絕口,嗤之以鼻,,主條成語
1263,別有天地,ㄅㄧㄝˊ　ㄧㄡˇ　ㄊㄧㄢ　ㄉㄧˋ,形容風景秀麗，引人入勝。＆另有一番境界。,世外桃源、別有洞天、洞天福地、別有風味,平淡無奇,別有天,主條成語
1264,遇人不淑,ㄩˋ　ㄖㄣˊ　ㄅㄨˋ　ㄕㄨˊ,女子誤嫁了不好的丈夫。,,,,主條成語
1265,大庭廣眾,ㄉㄚˋ　ㄊㄧㄥˊ　ㄍㄨㄤˇ　ㄓㄨㄥˋ,公開而人多的場合。,光天化日、眾目睽睽、稠人廣眾,,大廷廣眾、廣庭大眾、廣眾之庭、廣眾大庭、眾人廣坐、稠人廣眾,主條成語
1266,暗度陳倉,ㄢˋ　ㄉㄨˋ　ㄔㄣˊ　ㄘㄤ,比喻暗中進行的活動。＆比喻男女的私通。,,明火執仗、明目張膽,明修暗度、暗渡陳倉、闇度陳倉、陳倉暗度,主條成語
1267,耳目一新,ㄦˇ　ㄇㄨˋ　ㄧ　ㄒㄧㄣ　（變）　ㄦˇ　ㄇㄨˋ　ㄧˋ　ㄒㄧㄣ,形容所見所聞都有一種新奇、清新的感覺。,氣象一新、煥然一新,了無新意、司空見慣、老調重彈、依然如故、陳腔濫調,一新耳目、耳目新、耳目更新,主條成語
1268,當務之急,ㄉㄤ　ㄨˋ　ㄓ　ㄐㄧˊ,當前最急迫要做的事。,先務之急、燃眉之急,不急之務,當務為急,主條成語
1269,福至心靈,ㄈㄨˊ　ㄓˋ　ㄒㄧㄣ　ㄌㄧㄥˊ,形容運氣來時，心思突然變得靈敏起來。,,禍來神昧,心靈福至,主條成語
1270,衣冠禽獸,ㄧ　ㄍㄨㄢ　ㄑㄧㄣˊ　ㄕㄡˋ,比喻品德敗壞的人。貶義。,人面獸心、衣冠梟獍、馬牛襟裾,正人君子,禽獸衣冠,主條成語
1271,死心塌地,ㄙˇ　ㄒㄧㄣ　ㄊㄚ　ㄉㄧˋ,形容心意已定，不再改變。,一心一意、全心全意,三心二意、見風轉舵、猶豫不決、虛情假意、舉棋不定,安心塌地、死心倒地、死心搭地、死心榻地、死心落地,主條成語
1272,新陳代謝,ㄒㄧㄣ　ㄔㄣˊ　ㄉㄞˋ　ㄒㄧㄝˋ,形容一切事態更新除舊的過程。＆生物體細胞中各種化學反應的總稱。,吐故納新、除舊布新、推陳出新,一成不變、因循守舊,,主條成語
1273,搖旗吶喊,ㄧㄠˊ　ㄑㄧˊ　ㄋㄚˋ　ㄏㄢˇ,打仗時，揮舞旗幟，嘶喊以助聲威。＆比喻為他人助長聲勢。,,偃旗息鼓、坐山觀虎鬥、作壁上觀、袖手旁觀,吶喊搖旗、揚旗吶喊,主條成語
1274,搖搖欲墜,ㄧㄠˊ　ㄧㄠˊ　ㄩˋ　ㄓㄨㄟˋ,形容就要掉下來或就要垮臺的樣子。,危如累卵、岌岌可危、風雨飄搖,安如磐石、安如泰山、巋然不動,搖搖欲墮,主條成語
1275,有教無類,ㄧㄡˇ　ㄐㄧㄠˋ　ㄨˊ　ㄌㄟˋ,指施教的對象，沒有貴賤貧富的分別。,一視同仁,因人而異,無類之教,主條成語
1276,有名無實,ㄧㄡˇ　ㄇㄧㄥˊ　ㄨˊ　ㄕˊ,指虛有其名而無實際內容。,名不副實、名存實亡、徒有虛名,名不虛傳、名副其實、名實相副、表裡一致,有名亡實,主條成語
1277,槁木死灰,ㄍㄠˇ　ㄇㄨˋ　ㄙˇ　ㄏㄨㄟ,形容人因遭受挫折變故而灰心絕望的樣子。,心灰意冷、心如死灰、古井無波、萬念俱灰,生氣勃勃、生龍活虎,形槁心灰、木形灰心、木槁灰寒、枯木死灰、槁木寒灰、死灰槁木,主條成語
1278,有目共睹,ㄧㄡˇ　ㄇㄨˋ　ㄍㄨㄥˋ　ㄉㄨˇ,指事實極為明顯，眾所周知。,眾所周知、顯而易見,,有目共見、有目咸睹、有眼共見,主條成語
1279,慘不忍睹,ㄘㄢˇ　ㄅㄨˋ　ㄖㄣˇ　ㄉㄨˇ,形容情狀悽慘，令人不忍目睹。,慘不忍聞、慘絕人寰,賞心悅目,,主條成語
1280,小巧玲瓏,ㄒㄧㄠˇ　ㄑㄧㄠˇ　ㄌㄧㄥˊ　ㄌㄨㄥˊ,形容極細緻精巧。,玲瓏剔透、嬌小玲瓏,碩大無朋、龐然大物,,主條成語
1281,憐香惜玉,ㄌㄧㄢˊ　ㄒㄧㄤ　ㄒㄧˊ　ㄩˋ,比喻愛憐、善待女性。,,辣手摧花、摧蘭折玉,惜玉憐香、惜香憐玉、香憐玉惜,主條成語
1282,耳鬢廝磨,ㄦˇ　ㄅㄧㄣˋ　ㄙ　ㄇㄛˊ,形容親暱。,如膠似漆,勢同水火,,主條成語
1283,寡不敵眾,ㄍㄨㄚˇ　ㄅㄨˋ　ㄉㄧˊ　ㄓㄨㄥˋ,指人少的抵擋不過人多勢眾的。,,一以當十、以寡敵眾、勢均力敵、旗鼓相當,寡不勝眾、眾寡不敵,主條成語
1284,語無倫次,ㄩˇ　ㄨˊ　ㄌㄨㄣˊ　ㄘˋ,說話顛三倒四，毫無條理。,不知所云、胡言亂語、顛三倒四,有條有理、頭頭是道,言無倫次,主條成語
1285,寥寥無幾,ㄌㄧㄠˊ　ㄌㄧㄠˊ　ㄨˊ　ㄐㄧˇ,數量極少。,屈指可數、寥若晨星、寥寥可數,不可勝數、不計其數、不勝枚舉、比比皆是、多如牛毛、車載斗量、恆河沙數、俯拾即是、星羅棋布、盈千累萬,寥寥可數、寥寥無多,主條成語
1286,目瞪口呆,ㄇㄨˋ　ㄉㄥˋ　ㄎㄡˇ　ㄉㄞ,形容受驚或受窘以致神情痴呆的樣子。,呆若木雞、瞠目結舌,神色自若,口呆目瞪、口呿目瞪、目定口呆、目睜口呆、目睜口開、目瞪口噤,主條成語
1287,生殺予奪,ㄕㄥ　ㄕㄚ　ㄩˇ　ㄉㄨㄛˊ,比喻人切身的一切事情。,,,予奪生殺、殺生與奪、生死與奪,主條成語
1288,摩頂放踵,ㄇㄛˊ　ㄉㄧㄥˇ　ㄈㄤˇ　ㄓㄨㄥˇ,比喻捨己救世，不辭勞苦。,鞠躬盡瘁,好逸惡勞,摩頂至足、摩頂至踵、磨踵滅頂,主條成語
1289,珠聯璧合,ㄓㄨ　ㄌㄧㄢˊ　ㄅㄧˋ　ㄏㄜˊ,比喻人才或美好的事物相匹配或同時薈集。,天造地設、郎才女貌,,玉映珠聯、珠璧相映、珠聯玉映、珠連璧合、璧合珠聯、璧合珠連、連珠合璧,主條成語
1290,未卜先知,ㄨㄟˋ　ㄅㄨˇ　ㄒㄧㄢ　ㄓ,形容有預知未來的能力。,料事如神,,,主條成語
1291,火樹銀花,ㄏㄨㄛˇ　ㄕㄨˋ　ㄧㄣˊ　ㄏㄨㄚ,形容燈火通明燦爛的景象。,燈火輝煌、張燈結彩,燈火闌珊,火樹琪花、銀花火樹,主條成語
1292,半推半就,ㄅㄢˋ　ㄊㄨㄟ　ㄅㄢˋ　ㄐㄧㄡˋ,形容假意推辭的樣子。,欲就還推,投懷送抱,半就半推,主條成語
1293,平地風波,ㄆㄧㄥˊ　ㄉㄧˋ　ㄈㄥ　ㄅㄛ,比喻突然發生事故或變化。,風雲突變、無風起浪,風平浪靜,平地波瀾、平地風濤、風波平地,主條成語
1294,調虎離山,ㄉㄧㄠˋ　ㄏㄨˇ　ㄌㄧˊ　ㄕㄢ,比喻用計誘使對方離開他的據點，以便趁機行事，達成目的。,,,吊虎離山,主條成語
1295,瞠乎其後,ㄔㄥ　ㄏㄨ　ㄑㄧˊ　ㄏㄡˋ,比喻落後很多，追趕不上。,不可企及、望塵莫及、難望項背,一馬當先、並駕齊驅、後來居上、迎頭趕上,瞠乎後已、瞠乎後矣,主條成語
1296,天馬行空,ㄊㄧㄢ　ㄇㄚˇ　ㄒㄧㄥˊ　ㄎㄨㄥ,比喻文才氣勢豪放，不受拘束。褒義。＆形容浮誇不著邊際。,行雲流水、不著邊際,,行空天馬、雲驥行空、龍馬行天,主條成語
1297,烏煙瘴氣,ㄨ　ㄧㄢ　ㄓㄤˋ　ㄑㄧˋ,形容人事或氣氛黑暗混亂。＆形容環境汙染不潔。,昏天黑地、烏七八糟,水木清華,,主條成語
1298,參差不齊,ㄘㄣ　ㄘ　ㄅㄨˋ　ㄑㄧˊ,雜亂不整齊。,犬牙交錯、良莠不齊、長短不一,井井有條、井然有序,參差不一,主條成語
1299,噬臍莫及,ㄕˋ　ㄑㄧˊ　ㄇㄛˋ　ㄐㄧˊ,比喻後悔已遲。,後悔莫及、悔之晚矣、追悔不及,,噬臍何及、噬臍無及,主條成語
1300,賠了夫人又折兵,ㄆㄟˊ　˙ㄌㄜ　ㄈㄨ　ㄖㄣˊ　ㄧㄡˋ　ㄓㄜˊ　ㄅㄧㄥ,比喻不但沒有占到便宜，反而吃大虧。,,,陪了夫人又折兵,主條成語
1301,天誅地滅,ㄊㄧㄢ　ㄓㄨ　ㄉㄧˋ　ㄇㄧㄝˋ,形容所作所為天地所不容。,天打雷劈、天理不容,,地滅天誅、天地誅戮、天地誅滅,主條成語
1302,天羅地網,ㄊㄧㄢ　ㄌㄨㄛˊ　ㄉㄧˋ　ㄨㄤˇ,比喻防範布置得極為嚴密而無法逃脫。,天網恢恢,,地網天羅,主條成語
1303,龍蟠虎踞,ㄌㄨㄥˊ　ㄆㄢˊ　ㄏㄨˇ　ㄐㄩˋ,形容地勢雄偉險要。,山河襟帶、表裡山河、被山帶河,,虎踞龍盤、虎踞龍蟠、虎踞龍蹲、蟠龍踞虎、踞虎盤龍、龍盤虎踞,主條成語
1304,切膚之痛,ㄑㄧㄝˋ　ㄈㄨ　ㄓ　ㄊㄨㄥˋ,比喻極為深刻難忘的感受與經驗。,,無關痛癢,,主條成語
1305,手忙腳亂,ㄕㄡˇ　ㄇㄤˊ　ㄐㄧㄠˇ　ㄌㄨㄢˋ,形容做事慌亂，失了條理。,七手八腳、手足無措、張皇失措,不慌不忙、有條不紊、從容不迫,手忙足亂、腳忙手亂,主條成語
1306,鬼使神差,ㄍㄨㄟˇ　ㄕˇ　ㄕㄣˊ　ㄔㄞ,比喻被莫名力量驅使而不由自主。,不由自主、身不由己、陰錯陽差,,神差鬼使,主條成語
1307,聳人聽聞,ㄙㄨㄥˇ　ㄖㄣˊ　ㄊㄧㄥ　ㄨㄣˊ,使人聽後大為驚駭。,駭人聽聞,不足為奇、司空見慣、習以為常,聳動聽聞、聳聽聞,主條成語
1308,一五一十,ㄧ　ㄨˇ　ㄧ　ㄕˊ,形容計數的仔細。＆比喻把事情從頭至尾詳細說出，無所遺漏。,全盤托出、如數家珍、鉅細靡遺,支吾其詞、左支右吾、吞吞吐吐、掐頭去尾,一十一五,主條成語
1309,氣宇軒昂,ㄑㄧˋ　ㄩˇ　ㄒㄩㄢ　ㄤˊ,形容神采飛揚，氣度不凡。褒義。,玉樹臨風、英姿煥發、氣宇不凡、高視闊步、神采飛揚,,器宇軒昂、意氣軒昂、軒昂氣宇,主條成語
1310,隱惡揚善,ㄧㄣˇ　ㄜˋ　ㄧㄤˊ　ㄕㄢˋ,隱藏他人的惡行，宣揚他人的善行。褒義。,,,掩惡揚善、掩惡揚美、掩過揚善、隱惡揚美,主條成語
1311,軒然大波,ㄒㄩㄢ　ㄖㄢˊ　ㄉㄚˋ　ㄅㄛ,比喻大的糾紛或風波。,,風平浪靜,,主條成語
1312,粗枝大葉,ㄘㄨ　ㄓ　ㄉㄚˋ　ㄧㄝˋ,簡略概括。＆比喻疏略，做事不細密。＆比喻大體的輪廓。,馬馬虎虎、草草了事、鹵莽滅裂、粗心大意,一絲不苟、細針密縷、精雕細刻、謹小慎微,粗株大葉、麤枝大葉,主條成語
1313,出口成章,ㄔㄨ　ㄎㄡˇ　ㄔㄥˊ　ㄓㄤ,比喻才思敏捷，談吐風雅。褒義。,七步之才、倚馬可待,,出言成章、出言有章、脫口成章、衝口成章,主條成語
1314,雞皮鶴髮,ㄐㄧ　ㄆㄧˊ　ㄏㄜˋ　ㄈㄚˇ,形容老人的形貌。,,,雞膚鶴髮、鶴髮雞皮,主條成語
1315,人去樓空,ㄖㄣˊ　ㄑㄩˋ　ㄌㄡˊ　ㄎㄨㄥ,表示舊地重遊時人事已非，或對故人的思念。＆形容畏罪潛逃，不知去向。,,,,主條成語
1316,三頭六臂,ㄙㄢ　ㄊㄡˊ　ㄌㄧㄡˋ　ㄅㄧˋ,比喻人本領大，力強可畏。,呼風喚雨、神通廣大,一無所長,三頭八臂,主條成語
1317,出水芙蓉,ㄔㄨ　ㄕㄨㄟˇ　ㄈㄨˊ　ㄖㄨㄥˊ,指初出水面初開的荷花，光潔清新。＆比喻詩文清新可愛。褒義。＆比喻女子嬌柔豔麗。褒義。,,,初發芙蓉、秋水芙蕖、芙蓉出水,主條成語
1318,觸景生情,ㄔㄨˋ　ㄐㄧㄥˇ　ㄕㄥ　ㄑㄧㄥˊ,看見眼前景象而引發內心種種情緒。,見鞍思馬、睹物思人、撫今追昔、觸景傷情,無動於衷,觸景生懷,主條成語
1319,黃袍加身,ㄏㄨㄤˊ　ㄆㄠˊ　ㄐㄧㄚ　ㄕㄣ,指被擁戴為皇帝。,,,加體黃袍、黃袍加體,主條成語
1320,一箭雙雕,ㄧ　ㄐㄧㄢˋ　ㄕㄨㄤ　ㄉㄧㄠ　（變）　ㄧˊ　ㄐㄧㄢˋ　ㄕㄨㄤ　ㄉㄧㄠ,,,,雙鵰一箭,非主條成語
1321,三寸不爛之舌,ㄙㄢ　ㄘㄨㄣˋ　ㄅㄨˋ　ㄌㄢˋ　ㄓ　ㄕㄜˊ　（變）　ㄙㄢ　ㄘㄨㄣˋ　ㄅㄨˊ　ㄌㄢˋ　ㄓ　ㄕㄜˊ,形容人口才極佳，能言善道。,口若懸河、舌燦蓮花、能言善道、喙長三尺,笨口拙舌,三寸之舌、三寸舌,主條成語
1322,捨本逐末,ㄕㄜˇ　ㄅㄣˇ　ㄓㄨˊ　ㄇㄛˋ,指不求事物的根本大端，只重視微末小節。,本末倒置、買櫝還珠,追本窮源,損本逐末、棄本就末、棄本逐末、背本趨末、背本逐末、舍本事末、舍本務末、舍本即末、舍本問末、舍本理末、舍本逐末、逐末捨本、逐末遺本,主條成語
1323,一心一意,ㄧ　ㄒㄧㄣ　ㄧ　ㄧˋ　（變）　ㄧˋ　ㄒㄧㄣ　ㄧˊ　ㄧˋ,心意專一，毫無他念。,全心全意,三心二意、心猿意馬,一心一計,主條成語
1324,相得益彰,ㄒㄧㄤ　ㄉㄜˊ　ㄧˋ　ㄓㄤ,指互相配合、映襯，更能顯出各自的優點。,相互輝映、相映成趣、相輔相成,相形失色、相形見絀,兩得益彰、相得益章,主條成語
1325,韋編三絕,ㄨㄟˊ　ㄅㄧㄢ　ㄙㄢ　ㄐㄩㄝˊ,比喻讀書勤奮努力。,廢寢忘食,,三絕韋、三絕韋編、三編絕、易韋三絕、絕編書、絕韋編、韋三絕、韋編屢絕、韋編絕,主條成語
1326,一了百了,ㄧ　ㄌㄧㄠˇ　ㄅㄞˇ　ㄌㄧㄠˇ　（變）　ㄧˋ　ㄌㄧㄠˇ　ㄅㄞˇ　ㄌㄧㄠˇ,主要的事一了結，其餘相關的事也隨之了結。,,,,主條成語
1327,腰纏萬貫,ㄧㄠ　ㄔㄢˊ　ㄨㄢˋ　ㄍㄨㄢˋ,比喻財富極多。,金玉滿堂、家財萬貫、堆金積玉、富可敵國,一文不名、一貧如洗、不名一文、不名一錢、身無分文、身無長物、家徒四壁、囊空如洗,腰纏十萬、萬貫纏腰、萬貫腰纏,主條成語
1328,額手稱慶,ㄜˊ　ㄕㄡˇ　ㄔㄥ　ㄑㄧㄥˋ,表示慶賀、高興。,以手加額、拍手稱快、彈冠相慶,疾首蹙額,額手稱頌,主條成語
1329,一無所有,ㄧ　ㄨˊ　ㄙㄨㄛˇ　ㄧㄡˇ　（變）　ㄧˋ　ㄨˊ　ㄙㄨㄛˇ　ㄧㄡˇ,什麼都沒有。,一貧如洗、空空如也、室如懸磬、家徒四壁,一應俱全、無所不有、應有盡有,了無所有、渾無所有,主條成語
1330,心如刀割,ㄒㄧㄣ　ㄖㄨˊ　ㄉㄠ　ㄍㄜ,內心痛苦像被刀割一樣。,肝腸寸斷、萬箭攢心,心花怒放、心曠神怡,心如刀切、心如刀刺、心如刀剉、心如刀攪、心如刀絞、心如刀鋸,主條成語
1331,文不對題,ㄨㄣˊ　ㄅㄨˋ　ㄉㄨㄟˋ　ㄊㄧˊ　（變）　ㄨㄣˊ　ㄅㄨˊ　ㄉㄨㄟˋ　ㄊㄧˊ,文章內容和題目不相符合。＆指話語與話題不符。,離題萬里、答非所問,一語中的,,主條成語
1332,心驚膽戰,ㄒㄧㄣ　ㄐㄧㄥ　ㄉㄢˇ　ㄓㄢˋ,形容十分驚慌害怕。,六神無主、心驚肉跳、心驚膽寒、不寒而慄、毛骨悚然、魂不附體、魂飛魄散,神色自若、泰然自若,心戰膽栗、心搖膽戰、心驚膽懾、心驚膽落、心驚膽顫、膽喪心驚、膽戰心驚、膽戰魂驚、膽顫心驚、膽驚心戰、膽驚心顫,主條成語
1333,水性楊花,ㄕㄨㄟˇ　ㄒㄧㄥˋ　ㄧㄤˊ　ㄏㄨㄚ,比喻用情不專，容易變心。多用於女子。,人盡可夫,三貞九烈,楊花水性,主條成語
1334,心煩意亂,ㄒㄧㄣ　ㄈㄢˊ　ㄧˋ　ㄌㄨㄢˋ,心情煩躁，思緒凌亂。,心亂如麻,,心煩意悶、心煩意躁、心煩慮亂、心狂意亂,主條成語
1335,心滿意足,ㄒㄧㄣ　ㄇㄢˇ　ㄧˋ　ㄗㄨˊ,心理滿足如意。,稱心如意,,心愜意滿、心滿意愜、心滿願足,主條成語
1336,文不加點,ㄨㄣˊ　ㄅㄨˋ　ㄐㄧㄚ　ㄉㄧㄢˇ,形容文思敏捷、下筆成章，通篇無所塗改。,一氣呵成、一揮而就、下筆成章,,不加點、文無加點,主條成語
1337,以貌取人,ㄧˇ　ㄇㄠˋ　ㄑㄩˇ　ㄖㄣˊ,以容貌儀表作為評斷或選取人才的標準。,,,以容取人,主條成語
1338,寸步不離,ㄘㄨㄣˋ　ㄅㄨˋ　ㄅㄨˋ　ㄌㄧˊ,比喻關係密切，總是在一起。,出入相隨、如影隨形、如膠似漆、形影不離、形影相隨,天涯海角、不即不離、各奔東西、各奔前程、若即若離,半步不離、跬步不離,主條成語
1339,大聲疾呼,ㄉㄚˋ　ㄕㄥ　ㄐㄧˊ　ㄏㄨ,大聲而急切地呼喊。＆比喻大力地提倡、號召。,奔走呼號、振臂高呼、登高一呼,不聲不響、默不作聲,疾聲大呼,主條成語
1340,不置可否,ㄅㄨˋ　ㄓˋ　ㄎㄜˇ　ㄈㄡˇ　（變）　ㄅㄨˊ　ㄓˋ　ㄎㄜˇ　ㄈㄡˇ,形容不表示任何意見。,不置一詞、含糊其詞、模稜兩可,,不加可否、無所可否,主條成語
1341,打退堂鼓,ㄉㄚˇ　ㄊㄨㄟˋ　ㄊㄤˊ　ㄍㄨˇ,比喻中途退縮放棄。,半途而廢、畏縮不前,勇往直前,,主條成語
1342,四通八達,ㄙˋ　ㄊㄨㄥ　ㄅㄚ　ㄉㄚˊ,四方相通的道路。＆形容交通便利。,四會五達、暢通無阻,山重水複、路絕人稀、斷潢絕港,八達四通、四通五達,主條成語
1343,無妄之災,ㄨˊ　ㄨㄤˋ　ㄓ　ㄗㄞ,比喻意外的災禍。,不測之禍、池魚之殃、飛來橫禍,,毋望之禍、無妄之愆、無妄之憂、無妄之禍,主條成語
1344,甘之如飴,ㄍㄢ　ㄓ　ㄖㄨˊ　ㄧˊ,指苦難來臨，甘心承受。,心甘情願、安之若素,苦不堪言、勉為其難,甘之若飴、甘如飴,主條成語
1345,不約而同,ㄅㄨˋ　ㄩㄝ　ㄦˊ　ㄊㄨㄥˊ,彼此並未事先約定，而意見或行為卻相同。,不謀而合,,不約而合,主條成語
1346,名列前茅,ㄇㄧㄥˊ　ㄌㄧㄝˋ　ㄑㄧㄢˊ　ㄇㄠˊ,比喻成績優異，名次排在前面。,首屈一指、獨占鰲頭,名落孫山、榜上無名,,主條成語
1347,名韁利鎖,ㄇㄧㄥˊ　ㄐㄧㄤ　ㄌㄧˋ　ㄙㄨㄛˇ,比喻人受名利的羈絆而不得自由。,,,利名韁鎖、利鎖名牽、利鎖名韁、利鞅名韁、利韁名鎖、名?利索、名韁利索,主條成語
1348,失魂落魄,ㄕ　ㄏㄨㄣˊ　ㄌㄨㄛˋ　ㄆㄛˋ,形容人極度驚慌或精神恍惚、失其主宰。,魂不守舍、魂不附體,,失魂喪魄、失魂蕩魄、失魄亡魂,主條成語
1349,付之一笑,ㄈㄨˋ　ㄓ　ㄧ　ㄒㄧㄠˋ　（變）　ㄈㄨˋ　ㄓ　ㄧˊ　ㄒㄧㄠˋ,毫不在意，一笑置之。,一笑置之、不以為意,斤斤計較,付之一哂、付與一笑,主條成語
1350,因小失大,ㄧㄣ　ㄒㄧㄠˇ　ㄕ　ㄉㄚˋ,,,,,非主條成語
1351,因時制宜,ㄧㄣ　ㄕˊ　ㄓˋ　ㄧˊ,根據不同時期的情況，採取合宜的措施應對。,相機行事、隨機應變,生搬硬套、刻舟求劍、墨守成規、膠柱鼓瑟,因變制宜、隨時制宜,主條成語
1352,不識之無,ㄅㄨˋ　ㄕˋ　ㄓ　ㄨˊ　（變）　ㄅㄨˊ　ㄕˋ　ㄓ　ㄨˊ,比喻不識字或毫無學問。,目不識丁、胸無點墨,腹笥便便、滿腹經綸、學富五車,僅識之無、略識之無、稍識之無、粗識之無、識之無,主條成語
1353,支吾其詞,ㄓ　ㄨˊ　ㄑㄧˊ　ㄘˊ,形容以含混牽強的言語，搪塞應付他人。,支支吾吾、左支右吾、吞吐其辭、吞吞吐吐、含糊其詞、閃爍其詞,言之鑿鑿、直言不諱、直截了當、開門見山,,主條成語
1354,禍不單行,ㄏㄨㄛˋ　ㄅㄨˋ　ㄉㄢ　ㄒㄧㄥˊ,比喻不幸的事接二連三地發生。,三災八難、雪上加霜、禍不旋踵,福星高照、雙喜臨門,,主條成語
1355,現身說法,ㄒㄧㄢˋ　ㄕㄣ　ㄕㄨㄛ　ㄈㄚˇ,比喻以親身經歷為例證，來說明道理或勸導別人。,,,,主條成語
1356,設身處地,ㄕㄜˋ　ㄕㄣ　ㄔㄨˇ　ㄉㄧˋ,假想自己處在他人地位或情況中。,將心比心,以己度人,,主條成語
1357,光天化日,ㄍㄨㄤ　ㄊㄧㄢ　ㄏㄨㄚˋ　ㄖˋ,指政治清明的太平盛世。＆比喻在大白天裡，人人都看得清楚的場合。,青天白日、大庭廣眾、眾目睽睽,,化日光天,主條成語
1358,粗茶淡飯,ㄘㄨ　ㄔㄚˊ　ㄉㄢˋ　ㄈㄢˋ,指簡單清淡的飲食。,家常便飯,山珍海味、龍肝鳳髓,,主條成語
1359,每況愈下,ㄇㄟˇ　ㄎㄨㄤˋ　ㄩˋ　ㄒㄧㄚˋ,,,,,非主條成語
1360,鐘鳴鼎食,ㄓㄨㄥ　ㄇㄧㄥˊ　ㄉㄧㄥˇ　ㄕˊ,形容富貴之家的奢侈豪華。,日食萬錢、炊金饌玉、食前方丈、錦衣玉食,粗茶淡飯、朝齏暮鹽、蓬戶甕牖、篳門圭竇、簞食瓢飲、斷虀畫粥、饔飧不繼,列鼎撞鍾、列鼎鳴鐘、撞鐘鼎食、擊鍾鼎食、擊鐘陳鼎、擊鐘鼎食、鳴鍾列鼎、鳴鐘列鼎、鼎食鳴鐘,主條成語
1361,鐵石心腸,ㄊㄧㄝˇ　ㄕˊ　ㄒㄧㄣ　ㄔㄤˊ,形容人剛強而不為感情所動的秉性。,,菩薩心腸,心如鐵石、心腸鐵石、鐵心石腸、鐵打心腸、鐵石之心、鐵石心肝、鐵腸石心,主條成語
1362,安身立命,ㄢ　ㄕㄣ　ㄌㄧˋ　ㄇㄧㄥˋ,指居處得以容身，生活便有著落，精神上亦有所寄託。,安家立業,流離失所,立命安身,主條成語
1363,躍然紙上,ㄩㄝˋ　ㄖㄢˊ　ㄓˇ　ㄕㄤˋ,形容描繪的對象非常生動逼真。,呼之欲出、活龍活現、活靈活現、栩栩如生、維妙維肖,,紙上躍然、跳躍紙上、躍躍紙上、隱躍紙上,主條成語
1364,安然無恙,ㄢ　ㄖㄢˊ　ㄨˊ　ㄧㄤˋ,平安沒有疾病、禍患等事故。,,,端然無恙,主條成語
1365,廬山真面目,ㄌㄨˊ　ㄕㄢ　ㄓㄣ　ㄇㄧㄢˋ　ㄇㄨˋ,比喻事物的真相或原本面目。,本來面目,改頭換面,廬山之真、廬山真面、廬山面目,主條成語
1366,深思熟慮,ㄕㄣ　ㄙ　ㄕㄡˊ　ㄌㄩˋ,仔細而深入地考慮。,三思而行、深謀遠慮,心血來潮、不假思索、輕舉妄動,深思遠慮、精思熟慮,主條成語
1367,平分秋色,ㄆㄧㄥˊ　ㄈㄣ　ㄑㄧㄡ　ㄙㄜˋ,形容二者一樣出色，分不出高下。,勢均力敵、旗鼓相當,天淵之別、判若雲泥,秋色平分,主條成語
1368,躍躍欲試,ㄩㄝˋ　ㄩㄝˋ　ㄩˋ　ㄕˋ,心動技癢，急切地想嘗試一下。,摩拳擦掌、蠢蠢欲動,,,主條成語
1369,自強不息,ㄗˋ　ㄑㄧㄤˊ　ㄅㄨˋ　ㄒㄧˊ,自己不斷努力向上，永不懈怠。,夙夜匪懈、孜孜不倦,自暴自棄、得過且過,不息自強、自彊不息,主條成語
1370,掩人耳目,ㄧㄢˇ　ㄖㄣˊ　ㄦˇ　ㄇㄨˋ,比喻用假象欺騙、蒙蔽他人。,,,遮人眼目、遮人耳目,主條成語
1371,耳熟能詳,ㄦˇ　ㄕㄡˊ　ㄋㄥˊ　ㄒㄧㄤˊ,聽得非常熟悉，而能詳盡地知道或說出來。,知之甚稔,前所未聞,,主條成語
1372,自食其力,ㄗˋ　ㄕˊ　ㄑㄧˊ　ㄌㄧˋ,憑藉自己的勞力養活自己。,自給自足,仰人鼻息、寄人籬下,,主條成語
1373,老驥伏櫪,ㄌㄠˇ　ㄐㄧˋ　ㄈㄨˊ　ㄌㄧˋ,比喻人雖年老，仍懷雄心壯志。,老馬嘶風、老當益壯、壯心不已,尸居餘氣,伏櫪驥、驥伏櫪、驥老伏櫪,主條成語
1374,行雲流水,ㄒㄧㄥˊ　ㄩㄣˊ　ㄌㄧㄡˊ　ㄕㄨㄟˇ,形容待人處事或文章字畫飄逸自然，無拘無束。褒義。,揮灑自如、筆翰如流、鋒發韻流,佶屈聱牙、鉤章棘句、矯揉造作,流水行雲,主條成語
1375,安分守己,ㄢ　ㄈㄣˋ　ㄕㄡˇ　ㄐㄧˇ,安於本分，謹守其身。,規行矩步、循規蹈矩,好高騖遠、胡作非為、為非作歹、惹是生非,安分守拙、安分潔己、循理安分,主條成語
1376,瞠目結舌,ㄔㄥ　ㄇㄨˋ　ㄐㄧㄝˊ　ㄕㄜˊ,形容吃驚、受窘的樣子。,目瞪口呆、呆若木雞、張口結舌、瞠目而視,口若懸河、氣定神閒、應對如流,瞠目作舌、瞠目撟舌、結舌瞠目,主條成語
1377,臨深履薄,ㄌㄧㄣˊ　ㄕㄣ　ㄌㄩˇ　ㄅㄛˊ,比喻戒慎恐懼，十分小心。,小心翼翼、如履薄冰、如臨深淵、朝乾夕愓,,履薄臨深、深淵薄冰、臨深履冰、臨淵履冰,主條成語
1378,見義勇為,ㄐㄧㄢˋ　ㄧˋ　ㄩㄥˇ　ㄨㄟˊ,見到合乎正義的事，就奮勇去做。,急公好義,見死不救,見義勇往、見義勇發、見義喜為、見義敢為,主條成語
1379,忍無可忍,ㄖㄣˇ　ㄨˊ　ㄎㄜˇ　ㄖㄣˇ,忍耐到了極點，無法再忍受。,,,忍不可忍,主條成語
1380,捷足先登,ㄐㄧㄝˊ　ㄗㄨˊ　ㄒㄧㄢ　ㄉㄥ,比喻行動最快者先達到目的。,逐兔先得,坐失良機、姍姍來遲,捷足先占、捷足先得、疾者先登、疾足先得,主條成語
1381,形單影隻,ㄒㄧㄥˊ　ㄉㄢ　ㄧㄥˇ　ㄓ,形容孤單無伴。,孑然一身、形影相弔、孤苦伶仃,比翼雙飛、出雙入對、儷影雙雙,形單影單、形單隻影、形孤影孑、形孤影隻、影單形隻、影隻形單、影隻形孤,主條成語
1382,李代桃僵,ㄌㄧˇ　ㄉㄞˋ　ㄊㄠˊ　ㄐㄧㄤ,比喻以此代彼或代人受過。,,嫁禍於人,代李僵桃、以桃代李、僵李代桃、將李代桃、捉李代桃、李代僵桃、李代桃、李代桃殭、桃僵李代,主條成語
1383,隱姓埋名,ㄧㄣˇ　ㄒㄧㄥˋ　ㄇㄞˊ　ㄇㄧㄥˊ,隱瞞姓名，不讓別人知道真實的身分。,,,埋名隱姓、隱名埋姓,主條成語
1384,輾轉反側,ㄓㄢˇ　ㄓㄨㄢˇ　ㄈㄢˇ　ㄘㄜˋ,形容因心事重重而翻來覆去睡不著覺。,輾轉不寐、翻來覆去,,展轉反側、轉輾反側,主條成語
1385,冷嘲熱諷,ㄌㄥˇ　ㄔㄠˊ　ㄖㄜˋ　ㄈㄥˋ,形容尖酸、刻薄的嘲笑和諷刺。,冷言冷語、冷嘲熱罵,義正辭嚴,冷嘲熱謔、冷嘲閑諷、冷譏熱諷,主條成語
1386,張口結舌,ㄓㄤ　ㄎㄡˇ　ㄐㄧㄝˊ　ㄕㄜˊ,形容恐懼慌張，或理屈說不出話的樣子。,啞口無言、理屈詞窮、瞠目結舌,口若懸河、侃侃而談、喋喋不休、滔滔不絕、呶呶不休,,主條成語
1387,安如泰山,ㄢ　ㄖㄨˊ　ㄊㄞˋ　ㄕㄢ,形容安定穩固如泰山一般，不可動搖。,安如磐石、固若金湯、巋然不動,危在旦夕、危如累卵、岌岌可危、風雨飄搖、搖搖欲墜,安於泰山、安若泰山、泰山之安、穩如泰山,主條成語
1388,百聞不如一見,ㄅㄞˇ　ㄨㄣˊ　ㄅㄨˋ　ㄖㄨˊ　ㄧ　ㄐㄧㄢˋ　（變）　ㄅㄞˇ　ㄨㄣˊ　ㄅㄨˋ　ㄖㄨˊ　ㄧˊ　ㄐㄧㄢˋ,聽別人述說千百遍，不如親眼看一次來得真確。,耳聽為虛、眼見為實,以耳為目、貴耳賤目,傳聞不如親見、千聞不如一見、耳聞不如眼見,主條成語
1389,魂飛魄散,ㄏㄨㄣˊ　ㄈㄟ　ㄆㄛˋ　ㄙㄢˋ,形容非常恐懼害怕。＆指死亡。＆形容心神不寧、恍惚迷亂。,心驚肉跳、心驚膽戰、魂不附體、魂飛天外、失魂落魄、魂不守舍、魂飛天外,若無其事、泰然自若,魂銷魄散、魂飄魄散、魂飛膽喪、魄散魂飛,主條成語
1390,細水長流,ㄒㄧˋ　ㄕㄨㄟˇ　ㄔㄤˊ　ㄌㄧㄡˊ,比喻力量微小而能持之以恆，終有所成。＆形容節約使用財物而能長久不缺。,源源不斷,殺雞取卵,小水常流、小水長流、水淺長流,主條成語
1391,養尊處優,ㄧㄤˇ　ㄗㄨㄣ　ㄔㄨˇ　ㄧㄡ,自處尊貴，生活優裕。,無所用心、飽食終日、嬌生慣養,含辛茹苦、飽經風霜,,主條成語
1392,難能可貴,ㄋㄢˊ　ㄋㄥˊ　ㄎㄜˇ　ㄍㄨㄟˋ,指做到了不容易做到的事，所以特別可貴。褒義。,非同小可,不足為奇,,主條成語
1393,脫胎換骨,ㄊㄨㄛ　ㄊㄞ　ㄏㄨㄢˋ　ㄍㄨˇ,比喻澈底改變。,洗心革面,舊瓶新酒,奪胎換骨、抽胎換骨、換骨奪胎、換骨脫胎、脫胎換體,主條成語
1394,養虎遺患,ㄧㄤˇ　ㄏㄨˇ　ㄧˊ　ㄏㄨㄢˋ,比喻不除去仇敵、惡人，將給自己留下後患。,養癰遺患、縱虎歸山,杜絕後患、除惡務盡、斬草除根,豢虎貽殃、養虎留患、養虎貽患,主條成語
1395,奮不顧身,ㄈㄣˋ　ㄅㄨˋ　ㄍㄨˋ　ㄕㄣ　（變）　ㄈㄣˋ　ㄅㄨˊ　ㄍㄨˋ　ㄕㄣ,奮勇向前，不顧生死。,出生入死、赴湯蹈火、挺身而出、捨生忘死、義無反顧,畏縮不前、貪生怕死,奮不慮身、奮不顧命、奮不顧生、奮身不顧,主條成語
1396,身敗名裂,ㄕㄣ　ㄅㄞˋ　ㄇㄧㄥˊ　ㄌㄧㄝˋ,指人澈底失敗。,臭名遠揚、聲名狼藉,功成名就、名揚四海、名滿天下、流芳百世、聞名遐邇,身敗名隳,主條成語
1397,潛移默化,ㄑㄧㄢˊ　ㄧˊ　ㄇㄛˋ　ㄏㄨㄚˋ,人的思想、性格或習慣受到影響，不知不覺中起了變化。,耳濡目染,,潛濡默被、潛移暗化、默化潛移,主條成語
1398,捷足先得,ㄐㄧㄝˊ　ㄗㄨˊ　ㄒㄧㄢ　ㄉㄜˊ,,,,,非主條成語
1399,輕而易舉,ㄑㄧㄥ　ㄦˊ　ㄧˋ　ㄐㄩˇ,形容非常輕鬆，毫不費力。,吹灰之力、易如反掌、唾手可得、舉手之勞,九牛二虎之力、來之不易,,主條成語
1400,漠不關心,ㄇㄛˋ　ㄅㄨˋ　ㄍㄨㄢ　ㄒㄧㄣ,指冷冷淡淡，不加關心。,不聞不問、麻木不仁、無關痛癢、漠然置之、漫不經心,無微不至、關懷備至,漠不關情,主條成語
1401,笑逐顏開,ㄒㄧㄠˋ　ㄓㄨˊ　ㄧㄢˊ　ㄎㄞ,形容心中喜悅而眉開眼笑的樣子。,眉飛色舞、眉開眼笑、喜形於色、喜氣洋洋、歡天喜地,愁眉不展、愁眉苦臉、愁眉鎖眼、雙眉緊鎖,喜動顏開、喜笑顏開、喜逐顏開,主條成語
1402,牛衣對泣,ㄋㄧㄡˊ　ㄧ　ㄉㄨㄟˋ　ㄑㄧˋ,比喻夫妻共度貧困的生活。,寒門飲恨,,泣對牛衣、泣牛衣,主條成語
1403,舞文弄墨,ㄨˇ　ㄨㄣˊ　ㄋㄨㄥˋ　ㄇㄛˋ,寫作、寫字，借以比喻賣弄筆墨文辭。,咬文嚼字、雕章琢句,,舞弄文墨,主條成語
1404,披肝瀝膽,ㄆㄧ　ㄍㄢ　ㄌㄧˋ　ㄉㄢˇ,比喻赤誠相待，忠貞不二。,肝腦塗地、肝膽相照、剖心析肝、推心置腹、開誠布公,鉤心鬥角、兩面三刀、虛情假意、陽奉陰違、爾虞我詐,剖肝瀝膽、披瀝肝膈、披瀝肝膽、披肝掛膽、披肝瀝血、披肝露膽、瀝肝呈膽、瀝膽墮肝、瀝膽披肝、瀝膽隳肝、瀝血披肝、隳肝瀝膽,主條成語
1405,事與願違,ㄕˋ　ㄩˇ　ㄩㄢˋ　ㄨㄟˊ,事實和願望相違背。,天違人願,天從人願、如願以償、事事如意、從心所欲、稱心如意,事與心違、事與志違、力與願違、境與心違、志與願違、時與願違,主條成語
1406,暢所欲言,ㄔㄤˋ　ㄙㄨㄛˇ　ㄩˋ　ㄧㄢˊ,痛痛快快、毫無顧忌地把想說的話全部講出來。,言無不盡、直抒己見,吞吞吐吐、欲言又止、欲語還休,盡所欲言,主條成語
1407,目不見睫,ㄇㄨˋ　ㄅㄨˋ　ㄐㄧㄢˋ　ㄐㄧㄝˊ　（變）　ㄇㄨˋ　ㄅㄨˊ　ㄐㄧㄢˋ　ㄐㄧㄝˊ,比喻人無自知之明，不能看見自己的過失。貶義。,,反躬自省、自知之明,,主條成語
1408,兩面三刀,ㄌㄧㄤˇ　ㄇㄧㄢˋ　ㄙㄢ　ㄉㄠ,比喻陰險狡猾，耍兩面手法，挑撥是非。貶義。,陽奉陰違、搬弄是非,表裡如一、推心置腹,,主條成語
1409,拋頭露面,ㄆㄠ　ㄊㄡˊ　ㄌㄨˋ　ㄇㄧㄢˋ,泛指出現在大眾面前。,出頭露面,足不出戶、深居簡出,露面拋頭,主條成語
1410,雨後春筍,ㄩˇ　ㄏㄡˋ　ㄔㄨㄣ　ㄙㄨㄣˇ,比喻事物在某一時期後大量湧現，迅速發展。,,,,主條成語
1411,盡忠報國,ㄐㄧㄣˋ　ㄓㄨㄥ　ㄅㄠˋ　ㄍㄨㄛˊ,竭盡忠誠，報效國家。褒義。,以身許國,禍國殃民、賣國求榮,精忠報國,主條成語
1412,金城湯池,ㄐㄧㄣ　ㄔㄥˊ　ㄊㄤ　ㄔˊ,形容堅固險阻的城池。,固若金湯、金城石室、銅牆鐵壁,,石城湯池,主條成語
1413,戮力同心,ㄌㄨˋ　ㄌㄧˋ　ㄊㄨㄥˊ　ㄒㄧㄣ,齊心合力，團結一致。,同心同德、同心協力、畢力同心、齊心協力、群策群力,各行其是、各自為政、各懷異心、離心離德,同心僇力、同心戮力、戮力一心、戮力一意、戮力同德、戮力壹心、戮力齊心、齊心戮力,主條成語
1414,枉費心機,ㄨㄤˇ　ㄈㄟˋ　ㄒㄧㄣ　ㄐㄧ,形容徒勞無功。,徒勞無功,,枉使心機、枉用心機、枉費心力、枉費心神、枉費心計,主條成語
1415,輕車熟路,ㄑㄧㄥ　ㄐㄩ　ㄕㄡˊ　ㄌㄨˋ,,,,,非主條成語
1416,憂心如焚,ㄧㄡ　ㄒㄧㄣ　ㄖㄨˊ　ㄈㄣˊ,形容非常焦急憂慮。,心急如焚、憂心忡忡,安之若素、無憂無慮,憂如焚、憂心如惔,主條成語
1417,以毒攻毒,ㄧˇ　ㄉㄨˊ　ㄍㄨㄥ　ㄉㄨˊ,用有毒的藥物來治療毒瘡等疾病。＆比喻用狠毒的手段來對付狠毒的手段或人。,以牙還牙、以其人之道、還治其人之身、以眼還眼,以直報怨、以德報怨,就毒攻毒,主條成語
1418,目無全牛,ㄇㄨˋ　ㄨˊ　ㄑㄩㄢˊ　ㄋㄧㄡˊ,比喻技藝純熟高超。褒義。,庖丁解牛、得心應手、運斤成風、爐火純青,黔驢之技,無全牛、目牛無全,主條成語
1419,搜索枯腸,ㄙㄡ　ㄙㄨㄛˇ　ㄎㄨ　ㄔㄤˊ,比喻竭力思索。,挖空心思、冥思苦想、絞盡腦汁、煞費苦心、殫精竭慮,文思泉湧、不假思索、倚馬可待、率爾操觚,搜剔枯腸、搜攪枯腸、搜枯腸、搜索空腹、搜腸刮肚、枯腸搜索,主條成語
1420,金戈鐵馬,ㄐㄧㄣ　ㄍㄜ　ㄊㄧㄝˇ　ㄇㄚˇ,形容戰士的雄壯英姿。褒義。,披堅執銳、英姿煥發,,金戈鐵甲、金戈鐵騎、鐵馬金戈,主條成語
1421,近水樓臺,ㄐㄧㄣˋ　ㄕㄨㄟˇ　ㄌㄡˊ　ㄊㄞˊ,比喻佔得地利之便，先得機會。,,,樓臺近水,主條成語
1422,四分五裂,ㄙˋ　ㄈㄣ　ㄨˇ　ㄌㄧㄝˋ,形容分散而不完整、不團結。,七零八落、土崩瓦解、分崩離析、瓜剖豆分,金甌無缺,五裂四分、四分五剖、四分五落,主條成語
1423,壽比南山,ㄕㄡˋ　ㄅㄧˇ　ㄋㄢˊ　ㄕㄢ,壽命如終南山那樣長久。為祝人長壽之辭。,長命百歲、萬壽無疆、壽山福海,天不假年、日薄西山、行將就木,南山之壽,主條成語
1424,美中不足,ㄇㄟˇ　ㄓㄨㄥ　ㄅㄨˋ　ㄗㄨˊ,事物雖美，但仍有缺陷。,白玉微疵、白璧微瑕,十全十美、白璧無瑕、完美無缺、盡善盡美,,主條成語
1425,枯木逢春,ㄎㄨ　ㄇㄨˋ　ㄈㄥˊ　ㄔㄨㄣ,比喻雖處於絕境卻重獲生機，或劣境忽然轉好。,枯樹生花、起死回生、絕處逢生,,枯樹逢春,主條成語
1426,腹背受敵,ㄈㄨˋ　ㄅㄟˋ　ㄕㄡˋ　ㄉㄧˊ,前、後都受到敵人的攻擊。,四面受敵,,,主條成語
1427,過猶不及,ㄍㄨㄛˋ　ㄧㄡˊ　ㄅㄨˋ　ㄐㄧˊ,做事過分就好比做得不夠一樣，皆不妥當；指事情要做得恰到好處。,,恰如其分、恰到好處,,主條成語
1428,咬牙切齒,ㄧㄠˇ　ㄧㄚˊ　ㄑㄧㄝˋ　ㄔˇ,形容非常悲痛憤恨。,切齒腐心、恨之入骨、痛心疾首、深惡痛絕,,切齒咬牙、咬牙恨齒,主條成語
1429,威風凜凜,ㄨㄟ　ㄈㄥ　ㄌㄧㄣˇ　ㄌㄧㄣˇ,威武的氣概逼人，令人敬畏的樣子。,叱吒風雲、威風八面,委靡不振、威風掃地、垂頭喪氣、無精打采,凜凜威風,主條成語
1430,身無長物,ㄕㄣ　ㄨˊ　ㄓㄤˋ　ㄨˋ,比喻節儉或貧困。,室如懸磬、家徒四壁、囊空如洗,堆金積玉、富可敵國、腰纏萬貫、萬貫家財,他無長物、別無長物、室無長物、家無長物,主條成語
1431,義無反顧,ㄧˋ　ㄨˊ　ㄈㄢˇ　ㄍㄨˋ,秉持正義，勇往直前，絕不退縮。,一往無前、勇往直前、當仁不讓、奮不顧身,畏縮不前、貪生怕死、瞻前顧後,義不反顧、義無返顧,主條成語
1432,裝模作樣,ㄓㄨㄤ　ㄇㄛˊ　ㄗㄨㄛˋ　ㄧㄤˋ,故意做作，不是出於自然的表現。貶義。,惺惺作態、喬模喬樣、裝腔作勢、矯揉造作,情真意摯,作模作樣、妝模作樣、妝模做樣、裝模做樣,主條成語
1433,裝腔作勢,ㄓㄨㄤ　ㄑㄧㄤ　ㄗㄨㄛˋ　ㄕˋ,指故意裝出某種腔調或姿態。貶義。,作模作樣、裝模作樣、矯揉造作,情真意摯,妝喬作勢、妝腔作勢、妝麼做勢、拿班作勢、拿班做勢、拿腔作勢、拿腔做勢、捉班做勢、裝腔做勢,主條成語
1434,愁眉苦臉,ㄔㄡˊ　ㄇㄟˊ　ㄎㄨˇ　ㄌㄧㄢˇ,形容憂傷、愁苦的神色。,愁眉不展、愁眉淚眼、愁眉鎖眼,心花怒放、眉飛色舞、眉開眼笑、笑逐顏開、歡天喜地、歡欣鼓舞,愁眉苦目、愁眉苦眼,主條成語
1435,枵腹從公,ㄒㄧㄠ　ㄈㄨˋ　ㄘㄨㄥˊ　ㄍㄨㄥ,形容不顧己身，勤於公事。,公而忘私,尸位素餐、有虧職守,,主條成語
1436,入室操戈,ㄖㄨˋ　ㄕˋ　ㄘㄠ　ㄍㄜ,進入房間，拿起主人的戈來攻擊主人。＆比喻持對方的論點來反駁對方。,,,操戈入室,主條成語
1437,趁火打劫,ㄔㄣˋ　ㄏㄨㄛˇ　ㄉㄚˇ　ㄐㄧㄝˊ,比喻趁人之危，從中取利。,乘人之危、落井下石,急人之難、雪中送炭、濟困扶危,,主條成語
1438,勢均力敵,ㄕˋ　ㄐㄩㄣ　ㄌㄧˋ　ㄉㄧˊ,指雙方力量情勢相當，不分上下。,工力悉敵、不分軒輊、平分秋色、棋逢敵手、旗鼓相當、銖兩悉稱,天淵之別、天壤之別,力均勢敵、力敵勢均、勢鈞力敵,主條成語
1439,相知恨晚,ㄒㄧㄤ　ㄓ　ㄏㄣˋ　ㄨㄢˇ,憾恨相知不早。,相見恨晚,,恨相知晚、相得恨晚,主條成語
1440,貽笑大方,ㄧˊ　ㄒㄧㄠˋ　ㄉㄚˋ　ㄈㄤ,被識見廣博或精通此道的內行人所譏笑。,見笑於人,,見笑大方,主條成語
1441,無能為力,ㄨˊ　ㄋㄥˊ　ㄨㄟˊ　ㄌㄧˋ,指沒有能力做好某事。,力不勝任、無計可施,力所能及,不能為力、無能為技、無能為謀、莫能為力,主條成語
1442,方寸已亂,ㄈㄤ　ㄘㄨㄣˋ　ㄧˇ　ㄌㄨㄢˋ,心緒煩亂。,六神無主、心慌意亂、心亂如麻,,方寸須霺,主條成語
1443,殺人如麻,ㄕㄚ　ㄖㄣˊ　ㄖㄨˊ　ㄇㄚˊ,形容殺人極多。,殺人盈野,,殺人如芥、殺人如草、殺人如蒿、殺人如蓺,主條成語
1444,魚游釜中,ㄩˊ　ㄧㄡˊ　ㄈㄨˇ　ㄓㄨㄥ,,,,,非主條成語
1445,一髮千鈞,ㄧ　ㄈㄚˇ　ㄑㄧㄢ　ㄐㄩㄣ　（變）　ㄧˋ　ㄈㄚˇ　ㄑㄧㄢ　ㄐㄩㄣ,,,,,非主條成語
1446,風平浪靜,ㄈㄥ　ㄆㄧㄥˊ　ㄌㄤˋ　ㄐㄧㄥˋ,無風無浪。＆比喻平靜無事或情勢穩定。,風平波息、風微浪穩、海不揚波、太平無事、河清海晏、風平波息、海不揚波,大風大浪、狂風巨浪、波濤洶湧、驚濤駭浪、大風大浪、天翻地覆、狂風巨浪、波濤洶湧、驚濤駭浪,平風靜浪、波平風靜、浪靜風平、風休浪靜、風靜浪平,主條成語
1447,子虛烏有,ㄗˇ　ㄒㄩ　ㄨ　ㄧㄡˇ,比喻為假設而非實有的事物。,莫須有,千真萬確,烏有子虛,主條成語
1448,通宵達旦,ㄊㄨㄥ　ㄒㄧㄠ　ㄉㄚˊ　ㄉㄢˋ,一整夜到天亮。＆徹夜地工作。,夜以繼日、徹夜不眠,,自宵達旦、通宵徹夜、通宵徹晝、連宵達旦、達旦通宵,主條成語
1449,氣急敗壞,ㄑㄧˋ　ㄐㄧˊ　ㄅㄞˋ　ㄏㄨㄞˋ,形容惱怒的樣子。,大發雷霆、暴跳如雷,氣定神閒,,主條成語
1450,雪上加霜,ㄒㄩㄝˇ　ㄕㄤˋ　ㄐㄧㄚ　ㄕㄨㄤ,比喻禍患接踵而至，使傷害加重。,禍不單行,錦上添花,,主條成語
1451,尸位素餐,ㄕ　ㄨㄟˋ　ㄙㄨˋ　ㄘㄢ,指空居職位享受俸祿而不盡職守。貶義。,伴食中書,克盡厥職、枵腹從公、宵衣旰食、鞠躬盡瘁,尸利素餐、尸祿素餐、竊位素餐、素餐尸位,主條成語
1452,循序漸進,ㄒㄩㄣˊ　ㄒㄩˋ　ㄐㄧㄢˋ　ㄐㄧㄣˋ,按照一定的次序與步驟逐漸推進。,按部就班,一步登天,循次漸進、循次而進,主條成語
1453,野心勃勃,ㄧㄝˇ　ㄒㄧㄣ　ㄅㄛˊ　ㄅㄛˊ,形容狂妄非分之心或遠大的企圖。,雄心勃勃,安分守己、胸無大志,,主條成語
1454,無法無天,ㄨˊ　ㄈㄚˇ　ㄨˊ　ㄊㄧㄢ,形容人肆意妄為毫無顧忌。貶義。,目無王法、目無法紀、肆無忌憚,安分守己、循規蹈矩,沒法沒天,主條成語
1455,人言可畏,ㄖㄣˊ　ㄧㄢˊ　ㄎㄜˇ　ㄨㄟˋ,流言蜚語令人生畏。,三人成虎、眾口鑠金、曾參殺人、積毀銷骨,,,主條成語
1456,坐立不安,ㄗㄨㄛˋ　ㄌㄧˋ　ㄅㄨˋ　ㄢ,形容焦急、煩躁，心神不寧的樣子。,心神不定、忐忑不安、惴惴不安、寢食難安,心安理得、安之若素、處之泰然,坐臥不安、坐臥不寧,主條成語
1457,好高騖遠,ㄏㄠˋ　ㄍㄠ　ㄨˋ　ㄩㄢˇ,一味地嚮往高遠的目標而不切實際。貶義。,,循序漸進、腳踏實地、實事求是、穩紮穩打,好高務遠、貪高務遠,主條成語
1458,孺子可教,ㄖㄨˊ　ㄗˇ　ㄎㄜˇ　ㄐㄧㄠˋ,指年輕人可以教誨裁培。褒義。,,,,主條成語
1459,將信將疑,ㄐㄧㄤ　ㄒㄧㄣˋ　ㄐㄧㄤ　ㄧˊ,形容對事情的真假，無法明確判斷。,,毋庸置疑、深信不疑,半信半疑、半疑半信、疑信參半,主條成語
1460,一傅眾咻,ㄧ　ㄈㄨˋ　ㄓㄨㄥˋ　ㄒㄧㄡ　（變）　ㄧˊ　ㄈㄨˋ　ㄓㄨㄥˋ　ㄒㄧㄡ,比喻學習受到干擾，難有成效。＆比喻寡不勝眾。,,近朱者赤、蓬生麻中,一齊眾咻、一齊眾楚,主條成語
1461,微乎其微,ㄨㄟˊ　ㄏㄨ　ㄑㄧˊ　ㄨㄟˊ,形容事物非常微小。,微不足道、滄海一粟,碩大無朋,,主條成語
1462,蓬頭垢面,ㄆㄥˊ　ㄊㄡˊ　ㄍㄡˋ　ㄇㄧㄢˋ,形容人頭髮散亂、面容骯髒的樣子。貶義。,不修邊幅、披頭散髮、首如飛蓬,衣冠楚楚、容光煥發,亂首垢面、垢面蓬頭、蓬首垢面、面垢頭蓬、頭蓬面垢,主條成語
1463,草草了事,ㄘㄠˇ　ㄘㄠˇ　ㄌㄧㄠˇ　ㄕˋ,指匆忙隨便地解決事情。,敷衍了事,一絲不苟,草率了事,主條成語
1464,紛至沓來,ㄈㄣ　ㄓˋ　ㄊㄚˋ　ㄌㄞˊ,形容事物紛紛不斷地到來。,川流不息、接二連三、接踵而來、絡繹不絕、熙來攘往,,叢至沓來、?至沓來,主條成語
1465,洞天福地,ㄉㄨㄥˋ　ㄊㄧㄢ　ㄈㄨˊ　ㄉㄧˋ,神仙居住或修道的地方。＆形容環境極為優美舒適的名山勝境。,□嬛福地、蓬萊仙境、世外桃源、蓬萊仙境,,福地洞天,主條成語
1466,揚長而去,ㄧㄤˊ　ㄔㄤˊ　ㄦˊ　ㄑㄩˋ,掉頭不理，大模大樣地離去。,拂袖而去、絕裾而去,,,主條成語
1467,不辨菽麥,ㄅㄨˋ　ㄅㄧㄢˋ　ㄕㄨˊ　ㄇㄞˋ　（變）　ㄅㄨˊ　ㄅㄧㄢˋ　ㄕㄨˊ　ㄇㄞˋ,形容愚昧無知與缺乏常識。,五穀不分,冰雪聰明、絕頂聰明,不辨菽粟、不辯菽麥、僅辨菽麥、智昏菽麥、未辨菽麥、菽麥不分、頗別菽麥,主條成語
1468,得魚忘筌,ㄉㄜˊ　ㄩˊ　ㄨㄤˋ　ㄑㄩㄢˊ,比喻人在達到目的成功後就忘掉賴以成功的手段或憑藉物。,忘恩負義、卸磨殺驢、兔死狗烹、得兔忘蹄、過河拆橋,飲水思源,忘筌得魚、魚得忘筌,主條成語
1469,綱舉目張,ㄍㄤ　ㄐㄩˇ　ㄇㄨˋ　ㄓㄤ,比喻能執其要領，則細節自能順理而成。＆比喻條理分明。,提綱挈領,本末倒置、千頭萬緒、經緯萬端、盤根錯節,,主條成語
1470,鷸蚌相爭,ㄩˋ　ㄅㄤˋ　ㄒㄧㄤ　ㄓㄥ,比喻雙方爭執不相讓，必會造成兩敗俱傷，而讓第三者獲得利益。,,,鷸蚌相危、鷸蚌相持、鷸蚌相鬥,主條成語
1471,鑄成大錯,ㄓㄨˋ　ㄔㄥˊ　ㄉㄚˋ　ㄘㄨㄛˋ,比喻造成重大的錯誤。,一失足成千古恨,,,主條成語
1472,瞭如指掌,ㄌㄧㄠˇ　ㄖㄨˊ　ㄓˇ　ㄓㄤˇ,比喻對事情的狀況了解得非常清楚。,,,明若指掌、洞如指掌、瞭若指掌,主條成語
1473,與虎謀皮,ㄩˇ　ㄏㄨˇ　ㄇㄡˊ　ㄆㄧˊ,比喻所謀者與對方有利害衝突，事情必辦不成。,,,向狐謀裘、與狐謀皮、與狐議裘,主條成語
1474,尋章摘句,ㄒㄩㄣˊ　ㄓㄤ　ㄓㄞ　ㄐㄩˋ,讀書時著重搜求、摘取漂亮詞句，而少深入研究。＆寫作時，多套用前人的章法、語句，而不講究創意。,,,搜章摘句、摘句尋章、摘句搜章,主條成語
1475,堅壁清野,ㄐㄧㄢ　ㄅㄧˋ　ㄑㄧㄥ　ㄧㄝˇ,一種作戰策略，使敵人即使在攻下據點之後，也無法長期占領。,,,固壁清野、堅城清野、清野堅壁,主條成語
1476,應聲蟲,ㄧㄥˋ　ㄕㄥ　ㄔㄨㄥˊ,比喻胸無定見，隨聲附和的人。,人云亦云、隨聲附和,,,主條成語
1477,曾參殺人,ㄗㄥ　ㄕㄣ　ㄕㄚ　ㄖㄣˊ,比喻流言可畏或稱誣枉的災禍。,人言可畏、三人成虎、眾口鑠金,,參殺人,主條成語
1478,倒屣相迎,ㄉㄠˋ　ㄒㄧˇ　ㄒㄧㄤ　ㄧㄥˊ,比喻熱情迎接賓客。,,,倒屐相迎、倒屣而迎、倒屣迎之、倒屣迎賓,主條成語
1479,堂堂正正,ㄊㄤˊ　ㄊㄤˊ　ㄓㄥˋ　ㄓㄥˋ,形容光明正大。,光明正大、光明磊落,鬼鬼祟祟,,主條成語
1480,盡善盡美,ㄐㄧㄣˋ　ㄕㄢˋ　ㄐㄧㄣˋ　ㄇㄟˇ,形容事物的完善美滿已達極限。褒義。,十全十美、白璧無瑕、無懈可擊,一無可取、一無是處、百孔千瘡、美中不足,盡美盡善,主條成語
1481,首屈一指,ㄕㄡˇ　ㄑㄩ　ㄧ　ㄓˇ　（變）　ㄕㄡˇ　ㄑㄩ　ㄧˋ　ㄓˇ,表示第一或最優秀。褒義。,出類拔萃、名列前茅、冠絕群倫、無出其右、無與倫比、超群絕倫、數一數二,敬陪末座,首屈指、首為屈指,主條成語
1482,一木難支,ㄧ　ㄇㄨˋ　ㄋㄢˊ　ㄓ　（變）　ㄧˊ　ㄇㄨˋ　ㄋㄢˊ　ㄓ,,,,,非主條成語
1483,眾望所歸,ㄓㄨㄥˋ　ㄨㄤˋ　ㄙㄨㄛˇ　ㄍㄨㄟ,深得眾人擁護、愛戴。,人心所向、眾所瞻望,千夫所指、民賊獨夫、眾矢之的、眾叛親離,人望所歸、民望所歸、眾望所依、眾望所屬、眾望所積、眾望所集、眾望攸歸、眾望有歸,主條成語
1484,肅然起敬,ㄙㄨˋ　ㄖㄢˊ　ㄑㄧˇ　ㄐㄧㄥˋ,因受感動而莊嚴地興起欽佩恭敬之心。,,嗤之以鼻,凜然起敬、悚然生敬、悚然起敬、瞿然起敬、肅然增敬、肅然生敬,主條成語
1485,鴻鵠之志,ㄏㄨㄥˊ　ㄏㄨˊ　ㄓ　ㄓˋ,比喻志向遠大。,壯志凌雲、青雲之志、凌雲之志、胸懷大志、雄心壯志,胸無大志,,主條成語
1486,坦腹東床,ㄊㄢˇ　ㄈㄨˋ　ㄉㄨㄥ　ㄔㄨㄤˊ,王羲之坦露腹部，臥於東床，被看中當人女婿的故事。＆指當女婿或指稱女婿。,乘龍快婿,,坦東床腹、東床坦腹、東床嬌婿、東床嬌客、東床客,主條成語
1487,鳥盡弓藏,ㄋㄧㄠˇ　ㄐㄧㄣˋ　ㄍㄨㄥ　ㄘㄤˊ,比喻事成之後，有功之人卻遭到殺戮或疏遠的命運。,兔死狗烹、卸磨殺驢、得魚忘筌、過河拆橋,論功行賞,弓藏鳥盡,主條成語
1488,揭竿而起,ㄐㄧㄝ　ㄍㄢ　ㄦˊ　ㄑㄧˇ,比喻起義舉事。,,,揭竿為旗、揭竿起,主條成語
1489,逼上梁山,ㄅㄧ　ㄕㄤˋ　ㄌㄧㄤˊ　ㄕㄢ,比喻被迫走上絕路，而做出自己不想做或不應做的事。,鋌而走險,心甘情願,,主條成語
1490,形影不離,ㄒㄧㄥˊ　ㄧㄥˇ　ㄅㄨˋ　ㄌㄧˊ,形容關係密切，無時無處不在一起。,寸步不離、如影隨形、形影相隨,形單影隻、形影相弔,形不離影、影不離形,主條成語
1491,老羞成怒,ㄌㄠˇ　ㄒㄧㄡ　ㄔㄥˊ　ㄋㄨˋ,,,,,非主條成語
1492,下里巴人,ㄒㄧㄚˋ　ㄌㄧˇ　ㄅㄚ　ㄖㄣˊ,後泛指通俗的文學藝術。,,曲高和寡、陽春白雪,巴人下里,主條成語
1493,半信半疑,ㄅㄢˋ　ㄒㄧㄣˋ　ㄅㄢˋ　ㄧˊ,,,,,非主條成語
1494,不謀而合,ㄅㄨˋ　ㄇㄡˊ　ㄦˊ　ㄏㄜˊ,事前未經商量，後來意見作為卻一致。,不約而同,,不謀同辭、不謀而同,主條成語
1495,一決雌雄,ㄧ　ㄐㄩㄝˊ　ㄘ　ㄒㄩㄥˊ　（變）　ㄧˋ　ㄐㄩㄝˊ　ㄘ　ㄒㄩㄥˊ,比喻互相較量以決定勝敗、高下。,一較高下、決一死戰,甘拜下風、偃旗息鼓,決一雌雄、決雌雄,主條成語
1496,反覆無常,ㄈㄢˇ　ㄈㄨˋ　ㄨˊ　ㄔㄤˊ,形容變動不定，沒有定準。,反覆不定、出爾反爾、言而無信、朝令夕改、朝秦暮楚,一言為定、一諾千金、言必信、行必果、言而有信、始終不渝、始終如一,反覆不常、翻覆無常,主條成語
1497,方枘圓鑿,ㄈㄤ　ㄖㄨㄟˋ　ㄩㄢˊ　ㄗㄨㄛˋ,比喻不能相容。,方底圓蓋、格格不入,臭味相投、情投意合,圓鑿方枘,主條成語
1498,依樣畫葫蘆,ㄧ　ㄧㄤˋ　ㄏㄨㄚˋ　ㄏㄨˊ　ㄌㄨˊ,比喻一味模仿，毫無創見。,一成不變、如法炮製,自出機杼、別出心裁、標新立異、獨樹一幟,依本畫葫蘆、依本葫蘆、依樣葫蘆、照樣葫蘆、葫蘆依樣、葫蘆畫樣,主條成語
1499,秋風過耳,ㄑㄧㄡ　ㄈㄥ　ㄍㄨㄛˋ　ㄦˇ,比喻漠不關心、毫不在意。,耳邊風、馬耳東風、無動於衷、置若罔聞,拳拳服膺、銘記在心,如風過耳、風吹過耳、風過耳、飄風過耳,主條成語
1500,氣象萬千,ㄑㄧˋ　ㄒㄧㄤˋ　ㄨㄢˋ　ㄑㄧㄢ,形容景象千變萬化，極為壯觀。,,,萬千氣象,主條成語
1501,哀鴻遍野,ㄞ　ㄏㄨㄥˊ　ㄅㄧㄢˋ　ㄧㄝˇ,比喻到處都是流離失所的難民。,生靈塗炭,民康物阜、安居樂業、國泰民安,哀鴻遍地,主條成語
1502,大海撈針,ㄉㄚˋ　ㄏㄞˇ　ㄌㄠ　ㄓㄣ,,,,,非主條成語
1503,師心自用,ㄕ　ㄒㄧㄣ　ㄗˋ　ㄩㄥˋ,形容人固執己見，自以為是。貶義。,一意孤行、自以為是、自矜自是、固執自見、剛愎自用、獨斷專行,不恥下問、從善如流、從諫如流、虛懷若谷,師心自任、師心自是,主條成語
1504,簞食壺漿,ㄉㄢ　ㄙˋ　ㄏㄨˊ　ㄐㄧㄤ,指軍隊受到人民的擁護與愛戴，紛紛慰勞犒賞。,,,壺漿簞食,主條成語
1505,駭人聽聞,ㄏㄞˋ　ㄖㄣˊ　ㄊㄧㄥ　ㄨㄣˊ,令人聽了十分震驚。,聳人聽聞,不足為奇、司空見慣、習以為常,駭人聞聽、駭人聞見、駭人視聽,主條成語
1506,厲兵秣馬,ㄌㄧˋ　ㄅㄧㄥ　ㄇㄛˋ　ㄇㄚˇ,指完成作戰準備。＆比喻完成事前準備工作。,盛食厲兵、選兵秣馬、嚴陣以待,偃旗息鼓、解甲歸田、解甲釋兵,兵厲馬秣、勵兵秣馬、厲兵粟馬、礪兵秣馬、礪戈秣馬、秣馬利兵、秣馬厲兵、穀馬礪兵,主條成語
1507,燕雀處堂,ㄧㄢˋ　ㄑㄩㄝˋ　ㄔㄨˇ　ㄊㄤˊ,比喻身處危境而不自知，毫無警惕之心。,,居安思危,堂間處燕、燕雀處屋,主條成語
1508,結草銜環,ㄐㄧㄝˊ　ㄘㄠˇ　ㄒㄧㄢˊ　ㄏㄨㄢˊ,比喻至死不忘感恩圖報。,知恩報恩、感恩圖報,忘恩負義、恩將仇報、過河抽板、過河拆橋,啣環結草、結草啣環、銜環結草,主條成語
1509,疾風勁草,ㄐㄧˊ　ㄈㄥ　ㄐㄧㄥˋ　ㄘㄠˇ,比喻在艱難困苦的環境下，才能考驗出人的堅強意志和節操。,日久見人心、板蕩識忠臣、路遙知馬力,,凌風知勁節、勁草疾風、疾風知勁草,主條成語
1510,偃武修文,ㄧㄢˇ　ㄨˇ　ㄒㄧㄡ　ㄨㄣˊ,偃息武備，提倡文教。,止戈興仁,窮兵黷武,修文偃武、偃武興文、偃武行文、文修武偃、武偃文修,主條成語
1511,金迷紙醉,ㄐㄧㄣ　ㄇㄧˊ　ㄓˇ　ㄗㄨㄟˋ,,,,,非主條成語
1512,禍起蕭牆,ㄏㄨㄛˋ　ㄑㄧˇ　ㄒㄧㄠ　ㄑㄧㄤˊ,比喻禍亂發生於內部。,兄弟鬩牆、同室操戈、煮豆燃萁、變生肘腋,,亂作蕭牆、禍生蕭牆、禍發蕭牆、禍稔蕭牆、禍興蕭牆、蕭牆之變、蕭牆禍起、變起蕭牆、釁發蕭牆、釁起蕭牆、難起蕭牆,主條成語
1513,甚囂塵上,ㄕㄣˋ　ㄒㄧㄠ　ㄔㄣˊ　ㄕㄤˋ,形容傳聞四起，議論紛紛。＆指極為猖狂、囂張。,,,,主條成語
1514,捉襟見肘,ㄓㄨㄛ　ㄐㄧㄣ　ㄒㄧㄢˋ　ㄓㄡˇ,形容衣衫破敗，生活貧困。＆比喻短缺不足，窮於應付的窘態。,衣不蔽體、納履踵決、踵決肘見、短褐穿結、鶉衣百結、左支右絀、青黃不接、顧此失彼,衣冠楚楚、綽有餘裕、綽綽有餘,捉衿肘見、捉衿見肘、捉襟肘見、捉襟露肘、掣衿露肘、掣襟肘見、掣襟露肘、肘捉衿見、襟捉肘露、露肘捉襟,主條成語
1515,超群絕倫,ㄔㄠ　ㄑㄩㄣˊ　ㄐㄩㄝˊ　ㄌㄨㄣˊ,形容才能出眾。褒義。,出類拔萃、佼佼不群、卓爾不群、無與倫比、鶴立雞群,相形見絀、望塵莫及、碌碌無能、瞠乎其後,絕倫逸群、絕類離倫、超倫軼群、超類絕倫,主條成語
1516,良藥苦口,ㄌㄧㄤˊ　ㄧㄠˋ　ㄎㄨˇ　ㄎㄡˇ,表示能治病的藥，多味苦難嚥。＆比喻諫言多不順耳，但卻有益於人。,忠言逆耳,,,主條成語
1517,忘年之交,ㄨㄤˋ　ㄋㄧㄢˊ　ㄓ　ㄐㄧㄠ,不拘年歲行輩而結交為友。,忘形之交,,忘年之契、忘年之好、忘年交、忘年交好、忘年交誼,主條成語
1518,自出機杼,ㄗˋ　ㄔㄨ　ㄐㄧ　ㄓㄨˋ,比喻獨創新意、風格。褒義。,匠心獨運、別出心裁、別具一格、別具匠心、別開生面、獨樹一幟,人云亦云、千篇一律、亦步亦趨、如法炮製、拾人牙慧、襲人故智,別出機杼、自成機杼,主條成語
1519,防患未然,ㄈㄤˊ　ㄏㄨㄢˋ　ㄨㄟˋ　ㄖㄢˊ,比喻趁禍患還未發生之前就加以防備。,未雨綢繆、曲突徙薪、防微杜漸,江心補漏、臨陣磨槍、臨渴掘井,絕禍未萌、銷患未然、防禍未然、除患未然,主條成語
1520,敵愾同仇,ㄉㄧˊ　ㄎㄞˋ　ㄊㄨㄥˊ　ㄔㄡˊ,,,,,非主條成語
1521,網開一面,ㄨㄤˇ　ㄎㄞ　ㄧ　ㄇㄧㄢˋ　（變）　ㄨㄤˇ　ㄎㄞ　ㄧˊ　ㄇㄧㄢˋ,比喻寬大仁厚，對犯錯的人從寬處置。,,斬盡殺絕、嚴懲不貸,三面開網、網開三面,主條成語
1522,相濡以沫,ㄒㄧㄤ　ㄖㄨˊ　ㄧˇ　ㄇㄛˋ,比喻人同處於困境，而互相以微力救助。,同甘共苦、同舟共濟,,以沫相濡、沫相濡、濡沫涸轍,主條成語
1523,縱虎歸山,ㄗㄨㄥˋ　ㄏㄨˇ　ㄍㄨㄟ　ㄕㄢ,比喻放走敵人，後患無窮。,放龍入海、養虎遺患、養癰遺患,杜絕後患、除惡務盡、斬草除根,放虎歸山、放虎遺患,主條成語
1524,何足掛齒,ㄏㄜˊ　ㄗㄨˊ　ㄍㄨㄚˋ　ㄔˇ,,,,,非主條成語
1525,刮目相待,ㄍㄨㄚ　ㄇㄨˋ　ㄒㄧㄤ　ㄉㄞˋ,,,,,非主條成語
1526,老嫗能解,ㄌㄠˇ　ㄩˋ　ㄋㄥˊ　ㄐㄧㄝˇ,形容文字通俗明白，淺顯易懂。,淺顯易懂,,,主條成語
1527,木人石心,ㄇㄨˋ　ㄖㄣˊ　ㄕˊ　ㄒㄧㄣ,形容人冷酷無情。,鐵石心腸,,,主條成語
1528,坐懷不亂,ㄗㄨㄛˋ　ㄏㄨㄞˊ　ㄅㄨˋ　ㄌㄨㄢˋ　（變）　ㄗㄨㄛˋ　ㄏㄨㄞˊ　ㄅㄨˊ　ㄌㄨㄢˋ,形容男子行事端正，雖與女子同處而不淫亂。褒義。,,,,主條成語
1529,十行俱下,ㄕˊ　ㄏㄤˊ　ㄐㄩˋ　ㄒㄧㄚˋ,,,,,非主條成語
1530,黨同伐異,ㄉㄤˇ　ㄊㄨㄥˊ　ㄈㄚ　ㄧˋ,泛指一切團體之間的鬥爭。,引繩排根、結黨營私,同心協力、周而不比、無偏無黨,伐異黨同、標同伐異,主條成語
1531,朝令夕改,ㄓㄠ　ㄌㄧㄥˋ　ㄒㄧˋ　ㄍㄞˇ,比喻政令、主張或意見反覆無常。,反覆無常、出爾反爾、朝更夕改,令出如山、言之不渝,朝令暮改,主條成語
1532,痛飲黃龍,ㄊㄨㄥˋ　ㄧㄣˇ　ㄏㄨㄤˊ　ㄌㄨㄥˊ,,,,,非主條成語
1533,欲罷不能,ㄩˋ　ㄅㄚˋ　ㄅㄨˋ　ㄋㄥˊ,想要停止卻做不到。,,,,主條成語
1534,破天荒,ㄆㄛˋ　ㄊㄧㄢ　ㄏㄨㄤ,形容從來沒有過的事，或第一次出現的事。,史無前例、開天闢地,史不絕書、屢見不鮮,,主條成語
1535,與狐謀皮,ㄩˇ　ㄏㄨˊ　ㄇㄡˊ　ㄆㄧˊ,,,,,非主條成語
1536,教學相長,ㄐㄧㄠˋ　ㄒㄩㄝˊ　ㄒㄧㄤ　ㄓㄤˇ,指通過教授、學習，不但能使學生得到進步，而且教師本身的水準也可藉此提高。,,,,主條成語
1537,向壁虛造,ㄒㄧㄤˋ　ㄅㄧˋ　ㄒㄩ　ㄗㄠˋ,比喻憑空捏造。,捕風捉影、無中生有,,嚮壁虛造、鄉壁虛造,主條成語
1538,酒池肉林,ㄐㄧㄡˇ　ㄔˊ　ㄖㄡˋ　ㄌㄧㄣˊ,比喻生活極端奢侈縱欲，毫無節制。,,,肉圃酒池、肉林酒池,主條成語
1539,大喜過望,ㄉㄚˋ　ㄒㄧˇ　ㄍㄨㄛˋ　ㄨㄤˋ,因結果超過原本預期而感到特別高興。,如願以償、喜出望外、喜從天降,大失所望、事與願違,大喜踰望、過望之喜、驚喜過望,主條成語
1540,心手相應,ㄒㄧㄣ　ㄕㄡˇ　ㄒㄧㄤ　ㄧㄥˋ,,,,,非主條成語
1541,敝帚千金,ㄅㄧˋ　ㄓㄡˇ　ㄑㄧㄢ　ㄐㄧㄣ,,,,,非主條成語
1542,比肩繼踵,ㄅㄧˋ　ㄐㄧㄢ　ㄐㄧˋ　ㄓㄨㄥˇ,,,,,非主條成語
1543,道不拾遺,ㄉㄠˋ　ㄅㄨˋ　ㄕˊ　ㄧˊ,,,,,非主條成語
1544,膽戰心驚,ㄉㄢˇ　ㄓㄢˋ　ㄒㄧㄣ　ㄐㄧㄥ,,,,,非主條成語
1545,勢成騎虎,ㄕˋ　ㄔㄥˊ　ㄑㄧˊ　ㄏㄨˇ,,,,,非主條成語
1546,反脣相稽,ㄈㄢˇ　ㄔㄨㄣˊ　ㄒㄧㄤ　ㄐㄧ,受到指責不服氣，反過來對對方加以計較、譏斥。,,,反脣相攻、反脣相譏,主條成語
1547,百戰百勝,ㄅㄞˇ　ㄓㄢˋ　ㄅㄞˇ　ㄕㄥˋ,形容善於作戰，所向無敵。,百戰不殆、攻無不克、所向無敵、戰無不勝,三戰三北、每戰皆北、屢戰屢敗,,主條成語
1548,藍田生玉,ㄌㄢˊ　ㄊㄧㄢˊ　ㄕㄥ　ㄩˋ,比喻名門出俊秀子弟。,,,藍田出玉,主條成語
1549,響遏行雲,ㄒㄧㄤˇ　ㄜˋ　ㄒㄧㄥˊ　ㄩㄣˊ,形容歌聲響亮高妙。,穿雲裂石、聲動梁塵、繞梁三日、響徹雲霄,,歌遏行雲、聲遏行雲、遏斷行雲,主條成語
1550,剖腹藏珠,ㄆㄡˇ　ㄈㄨˋ　ㄘㄤˊ　ㄓㄨ,形容人愛財傷身的輕重顛倒行為。,因小失大,,剖腹藏寶,主條成語
1551,以卵投石,ㄧˇ　ㄌㄨㄢˇ　ㄊㄡˊ　ㄕˊ,比喻自不量力或以弱攻強，結果必然失敗。,蚍蜉撼樹、螳臂擋車,以碫投卵、泰山壓卵,以卵擊石,主條成語
1552,疾風知勁草,ㄐㄧˊ　ㄈㄥ　ㄓ　ㄐㄧㄥˋ　ㄘㄠˇ,,,,,非主條成語
1553,魯魚亥豕,ㄌㄨˇ　ㄩˊ　ㄏㄞˋ　ㄕˇ,指因文字形似而致傳寫或刊刻錯誤。,三豕涉河、烏焉亥豕,,亥豕帝虎、亥豕魚魯、亥豕魯魚、帝虎魯魚、魯魚帝虎,主條成語
1554,一箭雙鵰,ㄧ　ㄐㄧㄢˋ　ㄕㄨㄤ　ㄉㄧㄠ　（變）　ㄧˊ　ㄐㄧㄢˋ　ㄕㄨㄤ　ㄉㄧㄠ,比喻一次舉動，可以同時達到兩個目標。,一石二鳥、一舉兩得、事半功倍,一無所得、事倍功半、徒勞無功,一矢雙穿、一箭雙雕、雙雕一箭,主條成語
1555,慘綠少年,ㄘㄢˇ　ㄌㄩˋ　ㄕㄠˋ　ㄋㄧㄢˊ,比喻青春年少。＆風度翩翩、意氣風發的青年才俊。＆徬徨苦惱的少年。,風流才子,,,主條成語
1556,殷鑒不遠,ㄧㄣ　ㄐㄧㄢˋ　ㄅㄨˋ　ㄩㄢˇ,比喻前人的教訓近在眼前，不可不慎。,前車之鑑、前事不忘、後事之師,重蹈覆轍,,主條成語
1557,秦鏡高懸,ㄑㄧㄣˊ　ㄐㄧㄥˋ　ㄍㄠ　ㄒㄩㄢˊ,,,,,非主條成語
1558,網漏吞舟,ㄨㄤˇ　ㄌㄡˋ　ㄊㄨㄣ　ㄓㄡ,,,,,非主條成語
1559,山盟海誓,ㄕㄢ　ㄇㄥˊ　ㄏㄞˇ　ㄕˋ,,,,,非主條成語
1560,口中雌黃,ㄎㄡˇ　ㄓㄨㄥ　ㄘ　ㄏㄨㄤˊ,,,,,非主條成語
1561,摩肩接踵,ㄇㄛˊ　ㄐㄧㄢ　ㄐㄧㄝ　ㄓㄨㄥˇ,形容人多擁擠不堪。,,,接踵摩肩、摩肩繼踵、比肩繼踵、比肩隨踵、肩摩袂屬、肩摩踵接,主條成語
1562,以管窺天,ㄧˇ　ㄍㄨㄢˇ　ㄎㄨㄟ　ㄊㄧㄢ,比喻見識片面而狹窄。,一孔之見、井蛙之見、坐井觀天、管中窺豹、管窺蠡測、管窺虎、牖中窺日,見多識廣、高瞻遠矚,持管窺天、用管闚天、管中闚天,主條成語
1563,葉落知秋,ㄧㄝˋ　ㄌㄨㄛˋ　ㄓ　ㄑㄧㄡ,,,,,非主條成語
1564,銜環結草,ㄒㄧㄢˊ　ㄏㄨㄢˊ　ㄐㄧㄝˊ　ㄘㄠˇ,,,,,非主條成語
1565,野人獻曝,ㄧㄝˇ　ㄖㄣˊ　ㄒㄧㄢˋ　ㄆㄨˋ,比喻平凡人所貢獻的平凡事物。,,,野人奏曝,主條成語
1566,夢筆生花,ㄇㄥˋ　ㄅㄧˇ　ㄕㄥ　ㄏㄨㄚ,比喻才思泉湧、文筆富麗。,下筆如有神、生花妙筆,,入夢生花、夢筆花生、筆夢生花、綵筆生花,主條成語
1567,喜逐顏開,ㄒㄧˇ　ㄓㄨˊ　ㄧㄢˊ　ㄎㄞ,,,,,非主條成語
1568,戴月披星,ㄉㄞˋ　ㄩㄝˋ　ㄆㄧ　ㄒㄧㄥ,,,,,非主條成語
1569,以卵擊石,ㄧˇ　ㄌㄨㄢˇ　ㄐㄧˊ　ㄕˊ,,,,,非主條成語
1570,天香國色,ㄊㄧㄢ　ㄒㄧㄤ　ㄍㄨㄛˊ　ㄙㄜˋ,,,,,非主條成語
1571,戶限為穿,ㄏㄨˋ　ㄒㄧㄢˋ　ㄨㄟˊ　ㄔㄨㄢ,形容來訪人數眾多。,車水馬龍,門可羅雀,,主條成語
1572,白頭偕老,ㄅㄞˊ　ㄊㄡˊ　ㄒㄧㄝˊ　ㄌㄠˇ,形容夫妻恩愛到老。,白頭相守、伉儷情深、鳳凰于飛,琵琶別抱、喜新厭舊、勞燕分飛、鳳隻鸞孤、鏡破釵分、露水夫妻,偕老百年、白頭到老、百年偕老,主條成語
1573,網開三面,ㄨㄤˇ　ㄎㄞ　ㄙㄢ　ㄇㄧㄢˋ,,,,,非主條成語
1574,器宇軒昂,ㄑㄧˋ　ㄩˇ　ㄒㄩㄢ　ㄤˊ,,,,,非主條成語
1575,沉魚落雁,ㄔㄣˊ　ㄩˊ　ㄌㄨㄛˋ　ㄧㄢˋ,形容女子容貌美麗出眾。褒義。,如花似玉、花容月貌、閉月羞花、國色天香、傾國傾城,其貌不揚、無鹽之貌,沈魚落雁、沉魚落鴈、落雁沉魚、落鴈沉魚、魚沈鴈落、魚沉鴈落,主條成語
1576,知彼知己,ㄓ　ㄅㄧˇ　ㄓ　ㄐㄧˇ,,,,,非主條成語
1577,傷弓之鳥,ㄕㄤ　ㄍㄨㄥ　ㄓ　ㄋㄧㄠˇ,,,,,非主條成語
1578,耳邊風,ㄦˇ　ㄅㄧㄢ　ㄈㄥ,比喻對所聽到的事毫不關心。,秋風過耳、馬耳東風、無動於衷、置若罔聞,拳拳服膺、銘記在心,耳旁風,主條成語
1579,知己知彼,ㄓ　ㄐㄧˇ　ㄓ　ㄅㄧˇ,正確澈底地了解自己以及對手的實力。,,,知彼知己,主條成語
1580,神工鬼斧,ㄕㄣˊ　ㄍㄨㄥ　ㄍㄨㄟˇ　ㄈㄨˇ,,,,,非主條成語
1581,春風滿面,ㄔㄨㄣ　ㄈㄥ　ㄇㄢˇ　ㄇㄧㄢˋ,,,,,非主條成語
1582,露出馬腳,ㄌㄡˋ　ㄔㄨ　ㄇㄚˇ　ㄐㄧㄠˇ,比喻隱蔽的真相洩露出來。,原形畢露、東窗事發,瞞天過海,,主條成語
1583,屋下架屋,ㄨ　ㄒㄧㄚˋ　ㄐㄧㄚˋ　ㄨ,比喻重複模仿，無所創新。貶義。,,,屋下作屋、屋下蓋屋,主條成語
1584,卷土重來,ㄐㄩㄢˇ　ㄊㄨˇ　ㄔㄨㄥˊ　ㄌㄞˊ,,,,,非主條成語
1585,負薪救火,ㄈㄨˋ　ㄒㄧㄣ　ㄐㄧㄡˋ　ㄏㄨㄛˇ,,,,,非主條成語
1586,背水一戰,ㄅㄟˋ　ㄕㄨㄟˇ　ㄧ　ㄓㄢˋ　（變）　ㄅㄟˋ　ㄕㄨㄟˇ　ㄧˊ　ㄓㄢˋ,比喻抱著必死的決心，奮戰取勝。,孤注一擲、背城借一、破釜沉舟,臨陣脫逃,背水陳,主條成語
1587,秣馬厲兵,ㄇㄛˋ　ㄇㄚˇ　ㄌㄧˋ　ㄅㄧㄥ,,,,,非主條成語
1588,山木自寇,ㄕㄢ　ㄇㄨˋ　ㄗˋ　ㄎㄡˋ,比喻人因擁有才能而招致禍患。,,,木直自寇,主條成語
1589,傾城傾國,ㄑㄧㄥ　ㄔㄥˊ　ㄑㄧㄥ　ㄍㄨㄛˊ,,,,,非主條成語
1590,食玉炊桂,ㄕˊ　ㄩˋ　ㄔㄨㄟ　ㄍㄨㄟˋ,,,,,非主條成語
1591,尺幅千里,ㄔˇ　ㄈㄨˊ　ㄑㄧㄢ　ㄌㄧˇ,指篇幅雖短而內容豐富，氣勢遠大。,尺寸千里、掌上河山,,,主條成語
1592,東道主人,ㄉㄨㄥ　ㄉㄠˋ　ㄓㄨˇ　ㄖㄣˊ,,,,,非主條成語
1593,長風破浪,ㄔㄤˊ　ㄈㄥ　ㄆㄛˋ　ㄌㄤˋ,,,,,非主條成語
1594,問柳尋花,ㄨㄣˋ　ㄌㄧㄡˇ　ㄒㄩㄣˊ　ㄏㄨㄚ,,,,,非主條成語
1595,舍本逐末,ㄕㄜˇ　ㄅㄣˇ　ㄓㄨˊ　ㄇㄛˋ,,,,,非主條成語
1596,異路同歸,ㄧˋ　ㄌㄨˋ　ㄊㄨㄥˊ　ㄍㄨㄟ,,,,,非主條成語
1597,依樣葫蘆,ㄧ　ㄧㄤˋ　ㄏㄨˊ　ㄌㄨˊ,,,,,非主條成語
1598,見笑大方,ㄐㄧㄢˋ　ㄒㄧㄠˋ　ㄉㄚˋ　ㄈㄤ,,,,,非主條成語
1599,稠人廣眾,ㄔㄡˊ　ㄖㄣˊ　ㄍㄨㄤˇ　ㄓㄨㄥˋ,,,,,非主條成語
1600,萬死一生,ㄨㄢˋ　ㄙˇ　ㄧ　ㄕㄥ　（變）　ㄨㄢˋ　ㄙˇ　ㄧˋ　ㄕㄥ,,,,,非主條成語
1601,嘆為觀止,ㄊㄢˋ　ㄨㄟˊ　ㄍㄨㄢ　ㄓˇ,讚美所看到的事物好到極點，無與倫比。褒義。,至矣盡矣,自鄶以下,嘆觀止矣、觀止之嘆,主條成語
1602,獨出心裁,ㄉㄨˊ　ㄔㄨ　ㄒㄧㄣ　ㄘㄞˊ,,,,,非主條成語
1603,臨機應變,ㄌㄧㄣˊ　ㄐㄧ　ㄧㄥˋ　ㄅㄧㄢˋ,,,,,非主條成語
1604,行屍走肉,ㄒㄧㄥˊ　ㄕ　ㄗㄡˇ　ㄖㄡˋ,比喻徒具形骸，毫無生氣，庸碌無為的人。,,,行尸坐肉、行尸走肉、行尸走骨、行屍視肉、走骨行屍,主條成語
1605,窺豹一斑,ㄎㄨㄟ　ㄅㄠˋ　ㄧ　ㄅㄢ　（變）　ㄎㄨㄟ　ㄅㄠˋ　ㄧˋ　ㄅㄢ,,,,,非主條成語
1606,負重致遠,ㄈㄨˋ　ㄓㄨㄥˋ　ㄓˋ　ㄩㄢˇ,比喻能夠長期擔負重責大任。,任重道遠,力不勝任,任重致遠,主條成語
1607,行尸走肉,ㄒㄧㄥˊ　ㄕ　ㄗㄡˇ　ㄖㄡˋ,,,,,非主條成語
1608,登徒子,ㄉㄥ　ㄊㄨˊ　ㄗˇ,貪戀女色的人。貶義。,好色之徒,柳下惠、魯男子,,主條成語
1609,明珠暗投,ㄇㄧㄥˊ　ㄓㄨ　ㄢˋ　ㄊㄡˊ,比喻懷才不遇，高才屈居下位。＆比喻好人誤入歧途。,懷才不遇,蛟龍得水,明珠夜投、隋珠暗投,主條成語
1610,黔驢之技,ㄑㄧㄢˊ　ㄌㄩˊ　ㄓ　ㄐㄧˋ,,,,,非主條成語
1611,休戚與共,ㄒㄧㄡ　ㄑㄧ　ㄩˇ　ㄍㄨㄥˋ,形容彼此同甘共苦。,休戚相關、息息相關、脣齒相依、禍福與共,渺不相涉、漠不相關,休慼是同、休戚共之、同休等戚,主條成語
1612,氣息奄奄,ㄑㄧˋ　ㄒㄧˊ　ㄧㄢ　ㄧㄢ,,,,,非主條成語
1613,助紂為虐,ㄓㄨˋ　ㄓㄡˋ　ㄨㄟˊ　ㄋㄩㄝˋ,比喻協助壞人做壞事。貶義。,助桀為虐、為虎作倀、為虎傅翼,為民除害,,主條成語
1614,殺雞焉用牛刀,ㄕㄚ　ㄐㄧ　ㄧㄢ　ㄩㄥˋ　ㄋㄧㄡˊ　ㄉㄠ,,,,,非主條成語
1615,學步邯鄲,ㄒㄩㄝˊ　ㄅㄨˋ　ㄏㄢˊ　ㄉㄢ,,,,,非主條成語
1616,以蠡測海,ㄧˇ　ㄌㄧˊ　ㄘㄜˋ　ㄏㄞˇ,,,,,非主條成語
1617,直搗黃龍,ㄓˊ　ㄉㄠˇ　ㄏㄨㄤˊ　ㄌㄨㄥˊ,直接進擊敵方都城、巢穴。,長驅直入,,痛飲黃龍,主條成語
1618,僕僕風塵,ㄆㄨˊ　ㄆㄨˊ　ㄈㄥ　ㄔㄣˊ,,,,,非主條成語
1619,不識一丁,ㄅㄨˋ　ㄕˋ　ㄧ　ㄉㄧㄥ　（變）　ㄅㄨˊ　ㄕˋ　ㄧˋ　ㄉㄧㄥ,,,,,非主條成語
1620,一息奄奄,ㄧ　ㄒㄧˊ　ㄧㄢ　ㄧㄢ　（變）　ㄧˋ　ㄒㄧˊ　ㄧㄢ　ㄧㄢ,,,,,非主條成語
1621,地角天涯,ㄉㄧˋ　ㄐㄧㄠˇ　ㄊㄧㄢ　ㄧㄚˊ,,,,,非主條成語
1622,同工異曲,ㄊㄨㄥˊ　ㄍㄨㄥ　ㄧˋ　ㄑㄩˇ,,,,,非主條成語
1623,有條有理,ㄧㄡˇ　ㄊㄧㄠˊ　ㄧㄡˇ　ㄌㄧˇ,,,,,非主條成語
1624,至公無私,ㄓˋ　ㄍㄨㄥ　ㄨˊ　ㄙ,,,,,非主條成語
1625,傍人門戶,ㄅㄤˋ　ㄖㄣˊ　ㄇㄣˊ　ㄏㄨˋ,,,,,非主條成語
1626,決一雌雄,ㄐㄩㄝˊ　ㄧ　ㄘ　ㄒㄩㄥˊ　（變）　ㄐㄩㄝˊ　ㄧˋ　ㄘˊ　ㄒㄩㄥˊ,,,,,非主條成語
1627,防意如城,ㄈㄤˊ　ㄧˋ　ㄖㄨˊ　ㄔㄥˊ,防止私欲的心有如防止敵人攻城。,,,,主條成語
1628,抽薪止沸,ㄔㄡ　ㄒㄧㄣ　ㄓˇ　ㄈㄟˋ,,,,,非主條成語
1629,家徒壁立,ㄐㄧㄚ　ㄊㄨˊ　ㄅㄧˋ　ㄌㄧˋ,,,,,非主條成語
1630,東床坦腹,ㄉㄨㄥ　ㄔㄨㄤˊ　ㄊㄢˇ　ㄈㄨˋ,,,,,非主條成語
1631,略識之無,ㄌㄩㄝˋ　ㄕˋ　ㄓ　ㄨˊ,,,,,非主條成語
1632,舍生取義,ㄕㄜˇ　ㄕㄥ　ㄑㄩˇ　ㄧˋ,,,,,非主條成語
1633,狐死兔泣,ㄏㄨˊ　ㄙˇ　ㄊㄨˋ　ㄑㄧˋ,,,,,非主條成語
1634,革面洗心,ㄍㄜˊ　ㄇㄧㄢˋ　ㄒㄧˇ　ㄒㄧㄣ,,,,,非主條成語
1635,芙蓉出水,ㄈㄨˊ　ㄖㄨㄥˊ　ㄔㄨ　ㄕㄨㄟˇ,,,,,非主條成語
1636,海角天涯,ㄏㄞˇ　ㄐㄧㄠˇ　ㄊㄧㄢ　ㄧㄚˊ,,,,,非主條成語
1637,疑信參半,ㄧˊ　ㄒㄧㄣˋ　ㄘㄢ　ㄅㄢˋ,,,,,非主條成語
1638,無翼而飛,ㄨˊ　ㄧˋ　ㄦˊ　ㄈㄟ,,,,,非主條成語
1639,涇渭分明,ㄐㄧㄥ　ㄨㄟˋ　ㄈㄣ　ㄇㄧㄥˊ,比喻彼此的區別非常清楚。,黑白分明、壁壘分明,不分皂白、是非不分、涇渭不分,涇渭不雜、涇渭了然、涇渭斯明、涇渭自分、涇渭自明,主條成語
1640,背井離鄉,ㄅㄟˋ　ㄐㄧㄥˇ　ㄌㄧˊ　ㄒㄧㄤ,,,,,非主條成語
1641,反求諸己,ㄈㄢˇ　ㄑㄧㄡˊ　ㄓㄨ　ㄐㄧˇ,從自己本身找出原因，自我反省。,反躬自省,怨天尤人,反求諸身,主條成語
1642,家無長物,ㄐㄧㄚ　ㄨˊ　ㄓㄤˋ　ㄨˋ,,,,,非主條成語
1643,一無所知,ㄧ　ㄨˊ　ㄙㄨㄛˇ　ㄓ　（變）　ㄧˋ　ㄨˊ　ㄙㄨㄛˇ　ㄓ,比喻人什麼也不知道。,一問三不知、一竅不通、茫然無知,見多識廣、無所不知、無所不曉、瞭如指掌,,主條成語
1644,雕蟲篆刻,ㄉㄧㄠ　ㄔㄨㄥˊ　ㄓㄨㄢˋ　ㄎㄜˋ,,,,,非主條成語
1645,如風過耳,ㄖㄨˊ　ㄈㄥ　ㄍㄨㄛˋ　ㄦˇ,,,,,非主條成語
1646,逆耳之言,ㄋㄧˋ　ㄦˇ　ㄓ　ㄧㄢˊ,,,,,非主條成語
1647,夢寐以求,ㄇㄥˋ　ㄇㄟˋ　ㄧˇ　ㄑㄧㄡˊ,形容願望強烈、迫切。,朝思暮想,,夢寐魂求,主條成語
1648,玩火自焚,ㄨㄢˊ　ㄏㄨㄛˇ　ㄗˋ　ㄈㄣˊ,比喻盲動、蠻幹的人最後將自食惡果。,自取其咎、自食惡果、作法自斃、作繭自縛,,,主條成語
1649,百折不回,ㄅㄞˇ　ㄓㄜˊ　ㄅㄨˋ　ㄏㄨㄟˊ,,,,,非主條成語
1650,安枕而臥,ㄢ　ㄓㄣˇ　ㄦˊ　ㄨㄛˋ,,,,,非主條成語
1651,喜笑顏開,ㄒㄧˇ　ㄒㄧㄠˋ　ㄧㄢˊ　ㄎㄞ,,,,,非主條成語
1652,痛快淋漓,ㄊㄨㄥˋ　ㄎㄨㄞˋ　ㄌㄧㄣˊ　ㄌㄧˊ,,,,,非主條成語
1653,別出機杼,ㄅㄧㄝˊ　ㄔㄨ　ㄐㄧ　ㄓㄨˋ,,,,,非主條成語
1654,黃鐘毀棄,ㄏㄨㄤˊ　ㄓㄨㄥ　ㄏㄨㄟˇ　ㄑㄧˋ,比喻賢才不被重用。,浮雲蔽日,,黃鐘長棄,主條成語
1655,口尚乳臭,ㄎㄡˇ　ㄕㄤˋ　ㄖㄨˇ　ㄒㄧㄡˋ,,,,,非主條成語
1656,黃雀伺蟬,ㄏㄨㄤˊ　ㄑㄩㄝˋ　ㄙˋ　ㄔㄢˊ,,,,,非主條成語
1657,不值一錢,ㄅㄨˋ　ㄓˊ　ㄧ　ㄑㄧㄢˊ　（變）　ㄅㄨˋ　ㄓˊ　ㄧˋ　ㄑㄧㄢˊ,,,,,非主條成語
1658,八斗之才,ㄅㄚ　ㄉㄡˇ　ㄓ　ㄘㄞˊ,,,,,非主條成語
1659,天涯地角,ㄊㄧㄢ　ㄧㄚˊ　ㄉㄧˋ　ㄐㄧㄠˇ,,,,,非主條成語
1660,心回意轉,ㄒㄧㄣ　ㄏㄨㄟˊ　ㄧˋ　ㄓㄨㄢˇ,,,,,非主條成語
1661,扞格不入,ㄏㄢˋ　ㄍㄜˊ　ㄅㄨˋ　ㄖㄨˋ　（變）　ㄏㄢˋ　ㄍㄜˊ　ㄅㄨˊ　ㄖㄨˋ,,,,,非主條成語
1662,見景生情,ㄐㄧㄢˋ　ㄐㄧㄥˇ　ㄕㄥ　ㄑㄧㄥˊ,看到眼前的景象而觸發自己的情感。＆比喻隨機應變。,見鞍思馬、睹物思人、撫今追昔、隨機應變,無動於衷、不知權變,即景生情、看景生情,主條成語
1663,沐雨櫛風,ㄇㄨˋ　ㄩˇ　ㄐㄧㄝˊ　ㄈㄥ,,,,,非主條成語
1664,隨時制宜,ㄙㄨㄟˊ　ㄕˊ　ㄓˋ　ㄧˊ,,,,,非主條成語
1665,移天易日,ㄧˊ　ㄊㄧㄢ　ㄧˋ　ㄖˋ,比喻奸臣盜弄政權，顛倒是非，欺上瞞下。,,,徙日移天、移天徙日、移天換日,主條成語
1666,零丁孤苦,ㄌㄧㄥˊ　ㄉㄧㄥ　ㄍㄨ　ㄎㄨˇ,,,,,非主條成語
1667,惜玉憐香,ㄒㄧˊ　ㄩˋ　ㄌㄧㄢˊ　ㄒㄧㄤ,,,,,非主條成語
1668,朝令暮改,ㄓㄠ　ㄌㄧㄥˋ　ㄇㄨˋ　ㄍㄞˇ,,,,,非主條成語
1669,疾言遽色,ㄐㄧˊ　ㄧㄢˊ　ㄐㄩˋ　ㄙㄜˋ,,,,,非主條成語
1670,飯坑酒囊,ㄈㄢˋ　ㄎㄥ　ㄐㄧㄡˇ　ㄋㄤˊ,,,,,非主條成語
1671,恨相知晚,ㄏㄣˋ　ㄒㄧㄤ　ㄓ　ㄨㄢˇ,,,,,非主條成語
1672,跬步不離,ㄎㄨㄟˇ　ㄅㄨˋ　ㄅㄨˋ　ㄌㄧˊ,,,,,非主條成語
1673,拿班做勢,ㄋㄚˊ　ㄅㄢ　ㄗㄨㄛˋ　ㄕˋ,,,,,非主條成語
1674,畫餅充饑,ㄏㄨㄚˋ　ㄅㄧㄥˇ　ㄔㄨㄥ　ㄐㄧ,,,,,非主條成語
1675,捉衿見肘,ㄓㄨㄛ　ㄐㄧㄣ　ㄒㄧㄢˋ　ㄓㄡˇ,,,,,非主條成語
1676,心如鐵石,ㄒㄧㄣ　ㄖㄨˊ　ㄊㄧㄝˇ　ㄕˊ,,,,,非主條成語
1677,東道主,ㄉㄨㄥ　ㄉㄠˋ　ㄓㄨˇ,泛指接待或宴請賓客的主人。,北道主人,座上客,做東道、東道主人,主條成語
1678,樂而忘返,ㄌㄜˋ　ㄦˊ　ㄨㄤˋ　ㄈㄢˇ,指快樂得忘了回去。,流連忘返、樂不思蜀,,樂而忘歸,主條成語
1679,穩如泰山,ㄨㄣˇ　ㄖㄨˊ　ㄊㄞˋ　ㄕㄢ,,,,,非主條成語
1680,道聽途說,ㄉㄠˋ　ㄊㄧㄥ　ㄊㄨˊ　ㄕㄨㄛ,,,,,非主條成語
1681,圓鑿方枘,ㄩㄢˊ　ㄗㄨㄛˋ　ㄈㄤ　ㄖㄨㄟˋ,,,,,非主條成語
1682,吞聲忍氣,ㄊㄨㄣ　ㄕㄥ　ㄖㄣˇ　ㄑㄧˋ,,,,,非主條成語
1683,從心所欲,ㄘㄨㄥˊ　ㄒㄧㄣ　ㄙㄨㄛˇ　ㄩˋ,,,,,非主條成語
1684,望洋興歎,ㄨㄤˋ　ㄧㄤˊ　ㄒㄧㄥ　ㄊㄢˋ,,,,,非主條成語
1685,折衝尊俎,ㄓㄜˊ　ㄔㄨㄥ　ㄗㄨㄣ　ㄗㄨˇ,在酒宴談判間，不以武力制敵取勝。,,,尊俎折衝、折衝俎豆、折衝樽俎、折衝?俎、樽俎折衝,主條成語
1686,奪胎換骨,ㄉㄨㄛˊ　ㄊㄞ　ㄏㄨㄢˋ　ㄍㄨˇ,,,,,非主條成語
1687,千金一擲,ㄑㄧㄢ　ㄐㄧㄣ　ㄧ　ㄓˊ　（變）　ㄑㄧㄢ　ㄐㄧㄣ　ㄧˋ　ㄓˊ,,,,,非主條成語
1688,井蛙之見,ㄐㄧㄥˇ　ㄨㄚ　ㄓ　ㄐㄧㄢˋ,,,,,非主條成語
1689,九流三教,ㄐㄧㄡˇ　ㄌㄧㄡˊ　ㄙㄢ　ㄐㄧㄠˋ,,,,,非主條成語
1690,井然有序,ㄐㄧㄥˇ　ㄖㄢˊ　ㄧㄡˇ　ㄒㄩˋ,,,,,非主條成語
1691,凌雲壯志,ㄌㄧㄥˊ　ㄩㄣˊ　ㄓㄨㄤˋ　ㄓˋ,,,,,非主條成語
1692,名實相副,ㄇㄧㄥˊ　ㄕˊ　ㄒㄧㄤ　ㄈㄨˋ,,,,,非主條成語
1693,肩摩踵接,ㄐㄧㄢ　ㄇㄛˊ　ㄓㄨㄥˇ　ㄐㄧㄝ,,,,,非主條成語
1694,北轅適楚,ㄅㄟˇ　ㄩㄢˊ　ㄕˋ　ㄔㄨˇ,,,,,非主條成語
1695,辭嚴義正,ㄘˊ　ㄧㄢˊ　ㄧˋ　ㄓㄥˋ,,,,,非主條成語
1696,銘心鏤骨,ㄇㄧㄥˊ　ㄒㄧㄣ　ㄌㄡˋ　ㄍㄨˇ,,,,,非主條成語
1697,懸河瀉水,ㄒㄩㄢˊ　ㄏㄜˊ　ㄒㄧㄝˋ　ㄕㄨㄟˇ,,,,,非主條成語
1698,伶仃孤苦,ㄌㄧㄥˊ　ㄉㄧㄥ　ㄍㄨ　ㄎㄨˇ,,,,,非主條成語
1699,同流合汙,ㄊㄨㄥˊ　ㄌㄧㄡˊ　ㄏㄜˊ　ㄨ,跟壞人一起做壞事。貶義。,沆瀣一氣、狼狽為奸、與世浮沉、隨波逐流,明哲保身、潔身自好,,主條成語
1700,勢不可當,ㄕˋ　ㄅㄨˋ　ㄎㄜˇ　ㄉㄤˇ,來勢迅速、猛烈，無法抵擋。,銳不可當、勢如破竹,望風披靡,勢不可抑、勢不可遏,主條成語
1701,心懷叵測,ㄒㄧㄣ　ㄏㄨㄞˊ　ㄆㄛˇ　ㄘㄜˋ,,,,,非主條成語
1702,千金一諾,ㄑㄧㄢ　ㄐㄧㄣ　ㄧ　ㄋㄨㄛˋ　（變）　ㄑㄧㄢ　ㄐㄧㄣ　ㄧˊ　ㄋㄨㄛˋ,,,,,非主條成語
1703,虎皮羊質,ㄏㄨˇ　ㄆㄧˊ　ㄧㄤˊ　ㄓˊ,,,,,非主條成語
1704,一長兩短,ㄧ　ㄔㄤˊ　ㄌㄧㄤˇ　ㄉㄨㄢˇ　（變）　ㄧˋ　ㄔㄤˊ　ㄌㄧㄤˇ　ㄉㄨㄢˇ,,,,,非主條成語
1705,羞花閉月,ㄒㄧㄡ　ㄏㄨㄚ　ㄅㄧˋ　ㄩㄝˋ,,,,,非主條成語
1706,末路窮途,ㄇㄛˋ　ㄌㄨˋ　ㄑㄩㄥˊ　ㄊㄨˊ,,,,,非主條成語
1707,脫口成章,ㄊㄨㄛ　ㄎㄡˇ　ㄔㄥˊ　ㄓㄤ,,,,,非主條成語
1708,交臂失之,ㄐㄧㄠ　ㄅㄧˋ　ㄕ　ㄓ,,,,,非主條成語
1709,吐絲自縛,ㄊㄨˇ　ㄙ　ㄗˋ　ㄈㄨˊ,,,,,非主條成語
1710,同歸殊途,ㄊㄨㄥˊ　ㄍㄨㄟ　ㄕㄨ　ㄊㄨˊ,,,,,非主條成語
1711,安家樂業,ㄢ　ㄐㄧㄚ　ㄌㄜˋ　ㄧㄝˋ,,,,,非主條成語
1712,按步就班,ㄢˋ　ㄅㄨˋ　ㄐㄧㄡˋ　ㄅㄢ,,,,,非主條成語
1713,疾足先得,ㄐㄧˊ　ㄗㄨˊ　ㄒㄧㄢ　ㄉㄜˊ,,,,,非主條成語
1714,破釜沉舟,ㄆㄛˋ　ㄈㄨˇ　ㄔㄣˊ　ㄓㄡ,形容做事果決，義無反顧。,孤注一擲、背水一戰、背城借一、濟河焚舟,急流勇退、退避三舍,沈舟破釜、沉舟破釜,主條成語
1715,足音跫然,ㄗㄨˊ　ㄧㄣ　ㄑㄩㄥˊ　ㄖㄢˊ,,,,,非主條成語
1716,眾寡不敵,ㄓㄨㄥˋ　ㄍㄨㄚˇ　ㄅㄨˋ　ㄉㄧˊ,,,,,非主條成語
1717,多歧亡羊,ㄉㄨㄛ　ㄑㄧˊ　ㄨㄤˊ　ㄧㄤˊ,,,,,非主條成語
1718,神差鬼使,ㄕㄣˊ　ㄔㄞ　ㄍㄨㄟˇ　ㄕˇ,,,,,非主條成語
1719,流水高山,ㄌㄧㄡˊ　ㄕㄨㄟˇ　ㄍㄠ　ㄕㄢ,,,,,非主條成語
1720,無妄之禍,ㄨˊ　ㄨㄤˋ　ㄓ　ㄏㄨㄛˋ,,,,,非主條成語
1721,同心戮力,ㄊㄨㄥˊ　ㄒㄧㄣ　ㄌㄨˋ　ㄌㄧˋ,,,,,非主條成語
1722,頓開茅塞,ㄉㄨㄣˋ　ㄎㄞ　ㄇㄠˊ　ㄙㄜˋ,,,,,非主條成語
1723,破竹之勢,ㄆㄛˋ　ㄓㄨˊ　ㄓ　ㄕˋ,,,,,非主條成語
1724,舞文弄法,ㄨˇ　ㄨㄣˊ　ㄋㄨㄥˋ　ㄈㄚˇ,指歪曲法律條文。,,,侮文弄法、弄法舞文、舞文巧法、舞文玩法,主條成語
1725,腸肥腦滿,ㄔㄤˊ　ㄈㄟˊ　ㄋㄠˇ　ㄇㄢˇ,,,,,非主條成語
1726,遊刃有餘,ㄧㄡˊ　ㄖㄣˋ　ㄧㄡˇ　ㄩˊ,比喻做事能勝任愉快，從容不迫。,庖丁解牛、綽有餘裕、綽綽有餘、駕輕就熟、應付裕如,力不從心、力不勝任,刃有餘地、投刃皆虛、游刃恢恢、游刃有餘、游刃皆虛、游刃餘地,主條成語
1727,瀝膽披肝,ㄌㄧˋ　ㄉㄢˇ　ㄆㄧ　ㄍㄢ,,,,,非主條成語
1728,應機立斷,ㄧㄥˋ　ㄐㄧ　ㄌㄧˋ　ㄉㄨㄢˋ,,,,,非主條成語
1729,廬山真面,ㄌㄨˊ　ㄕㄢ　ㄓㄣ　ㄇㄧㄢˋ,,,,,非主條成語
1730,槃根錯節,ㄆㄢˊ　ㄍㄣ　ㄘㄨㄛˋ　ㄐㄧㄝˊ,,,,,非主條成語
1731,別無長物,ㄅㄧㄝˊ　ㄨˊ　ㄓㄤˋ　ㄨˋ,,,,,非主條成語
1732,鄰國為壑,ㄌㄧㄣˊ　ㄍㄨㄛˊ　ㄨㄟˊ　ㄏㄨㄛˋ,,,,,非主條成語
1733,千緒萬端,ㄑㄧㄢ　ㄒㄩˋ　ㄨㄢˋ　ㄉㄨㄢ,,,,,非主條成語
1734,毋望之禍,ㄨˊ　ㄨㄤˋ　ㄓ　ㄏㄨㄛˋ,,,,,非主條成語
1735,滴水穿石,ㄉㄧ　ㄕㄨㄟˇ　ㄔㄨㄢ　ㄕˊ,,,,,非主條成語
1736,一文不值,ㄧ　ㄨㄣˊ　ㄅㄨˋ　ㄓˊ　（變）　ㄧˋ　ㄨㄣˊ　ㄅㄨˋ　ㄓˊ,,,,,非主條成語
1737,放虎歸山,ㄈㄤˋ　ㄏㄨˇ　ㄍㄨㄟ　ㄕㄢ,,,,,非主條成語
1738,落葉知秋,ㄌㄨㄛˋ　ㄧㄝˋ　ㄓ　ㄑㄧㄡ,,,,,非主條成語
1739,杜漸防微,ㄉㄨˋ　ㄐㄧㄢˋ　ㄈㄤˊ　ㄨㄟˊ,,,,,非主條成語
1740,露尾藏頭,ㄌㄡˋ　ㄨㄟˇ　ㄘㄤˊ　ㄊㄡˊ,,,,,非主條成語
1741,臨崖勒馬,ㄌㄧㄣˊ　ㄧㄞˊ　ㄌㄜˋ　ㄇㄚˇ,,,,,非主條成語
1742,模棱兩可,ㄇㄛˊ　ㄌㄥˊ　ㄌㄧㄤˇ　ㄎㄜˇ,,,,,非主條成語
1743,一板三眼,ㄧ　ㄅㄢˇ　ㄙㄢ　ㄧㄢˇ　（變）　ㄧˋ　ㄅㄢˇ　ㄙㄢ　ㄧㄢˇ,,,,,非主條成語
1744,人浮於食,ㄖㄣˊ　ㄈㄨˊ　ㄩˊ　ㄕˊ,,,,,非主條成語
1745,晨鐘暮鼓,ㄔㄣˊ　ㄓㄨㄥ　ㄇㄨˋ　ㄍㄨˇ,,,,,非主條成語
1746,結草啣環,ㄐㄧㄝˊ　ㄘㄠˇ　ㄒㄧㄢˊ　ㄏㄨㄢˊ,,,,,非主條成語
1747,鏤骨銘心,ㄌㄡˋ　ㄍㄨˇ　ㄇㄧㄥˊ　ㄒㄧㄣ,,,,,非主條成語
1748,翻天覆地,ㄈㄢ　ㄊㄧㄢ　ㄈㄨˋ　ㄉㄧˋ,,,,,非主條成語
1749,翦草除根,ㄐㄧㄢˇ　ㄘㄠˇ　ㄔㄨˊ　ㄍㄣ,,,,,非主條成語
1750,反脣相譏,ㄈㄢˇ　ㄔㄨㄣˊ　ㄒㄧㄤ　ㄐㄧ,,,,,非主條成語
1751,剪草除根,ㄐㄧㄢˇ　ㄘㄠˇ　ㄔㄨˊ　ㄍㄣ,,,,,非主條成語
1752,震天動地,ㄓㄣˋ　ㄊㄧㄢ　ㄉㄨㄥˋ　ㄉㄧˋ,,,,,非主條成語
1753,戶告人曉,ㄏㄨˋ　ㄍㄠˋ　ㄖㄣˊ　ㄒㄧㄠˇ,,,,,非主條成語
1754,反老還童,ㄈㄢˇ　ㄌㄠˇ　ㄏㄨㄢˊ　ㄊㄨㄥˊ,,,,,非主條成語
1755,入室升堂,ㄖㄨˋ　ㄕˋ　ㄕㄥ　ㄊㄤˊ,,,,,非主條成語
1756,池魚之禍,ㄔˊ　ㄩˊ　ㄓ　ㄏㄨㄛˋ,,,,,非主條成語
1757,無可如何,ㄨˊ　ㄎㄜˇ　ㄖㄨˊ　ㄏㄜˊ,,,,,非主條成語
1758,安土樂業,ㄢ　ㄊㄨˇ　ㄌㄜˋ　ㄧㄝˋ,,,,,非主條成語
1759,清風兩袖,ㄑㄧㄥ　ㄈㄥ　ㄌㄧㄤˇ　ㄒㄧㄡˋ,,,,,非主條成語
1760,眾心成城,ㄓㄨㄥˋ　ㄒㄧㄣ　ㄔㄥˊ　ㄔㄥˊ,,,,,非主條成語
1761,束手無措,ㄕㄨˋ　ㄕㄡˇ　ㄨˊ　ㄘㄨㄛˋ,,,,,非主條成語
1762,杜漸防萌,ㄉㄨˋ　ㄐㄧㄢˋ　ㄈㄤˊ　ㄇㄥˊ,,,,,非主條成語
1763,依人籬下,ㄧ　ㄖㄣˊ　ㄌㄧˊ　ㄒㄧㄚˋ,,,,,非主條成語
1764,明若觀火,ㄇㄧㄥˊ　ㄖㄨㄛˋ　ㄍㄨㄢ　ㄏㄨㄛˇ,,,,,非主條成語
1765,活剝生吞,ㄏㄨㄛˊ　ㄅㄛ　ㄕㄥ　ㄊㄨㄣ,,,,,非主條成語
1766,換骨奪胎,ㄏㄨㄢˋ　ㄍㄨˇ　ㄉㄨㄛˊ　ㄊㄞ,,,,,非主條成語
1767,養虎貽患,ㄧㄤˇ　ㄏㄨˇ　ㄧˊ　ㄏㄨㄢˋ,,,,,非主條成語
1768,螳螂捕蟬，黃雀在後,ㄊㄤˊ　ㄌㄤˊ　ㄅㄨˇ　ㄔㄢˊ　ㄏㄨㄤˊ　ㄑㄩㄝˋ　ㄗㄞˋ　ㄏㄡˋ,,,,,非主條成語
1769,墨守成法,ㄇㄛˋ　ㄕㄡˇ　ㄔㄥˊ　ㄈㄚˇ,,,,,非主條成語
1770,吐氣揚眉,ㄊㄨˇ　ㄑㄧˋ　ㄧㄤˊ　ㄇㄟˊ,,,,,非主條成語
1771,縮衣節食,ㄙㄨㄛ　ㄧ　ㄐㄧㄝˊ　ㄕˊ,,,,,非主條成語
1772,捉衿肘見,ㄓㄨㄛ　ㄐㄧㄣ　ㄓㄡˇ　ㄒㄧㄢˋ,,,,,非主條成語
1773,時雨春風,ㄕˊ　ㄩˇ　ㄔㄨㄣ　ㄈㄥ,,,,,非主條成語
1774,摧枯折腐,ㄘㄨㄟ　ㄎㄨ　ㄓㄜˊ　ㄈㄨˇ,,,,,非主條成語
1775,巧偷豪奪,ㄑㄧㄠˇ　ㄊㄡ　ㄏㄠˊ　ㄉㄨㄛˊ,,,,,非主條成語
1776,暫勞永逸,ㄓㄢˋ　ㄌㄠˊ　ㄩㄥˇ　ㄧˋ,,,,,非主條成語
1777,靡靡之樂,ㄇㄧˇ　ㄇㄧˇ　ㄓ　ㄩㄝˋ,,,,,非主條成語
1778,百年偕老,ㄅㄞˇ　ㄋㄧㄢˊ　ㄒㄧㄝˊ　ㄌㄠˇ,,,,,非主條成語
1779,千聞不如一見,ㄑㄧㄢ　ㄨㄣˊ　ㄅㄨˋ　ㄖㄨˊ　ㄧ　ㄐㄧㄢˋ　（變）　ㄑㄧㄢ　ㄨㄣˊ　ㄅㄨˋ　ㄖㄨˊ　ㄧˊ　ㄐㄧㄢˋ,,,,,非主條成語
1780,掩旗息鼓,ㄧㄢˇ　ㄑㄧˊ　ㄒㄧˊ　ㄍㄨˇ,,,,,非主條成語
1781,鶴髮雞皮,ㄏㄜˋ　ㄈㄚˇ　ㄐㄧ　ㄆㄧˊ,,,,,非主條成語
1782,雷霆之怒,ㄌㄟˊ　ㄊㄧㄥˊ　ㄓ　ㄋㄨˋ,,,,,非主條成語
1783,東床嬌客,ㄉㄨㄥ　ㄔㄨㄤˊ　ㄐㄧㄠ　ㄎㄜˋ,,,,,非主條成語
1784,竊位素餐,ㄑㄧㄝˋ　ㄨㄟˋ　ㄙㄨˋ　ㄘㄢ,,,,,非主條成語
1785,累卵之危,ㄌㄟˇ　ㄌㄨㄢˇ　ㄓ　ㄨㄟˊ,,,,,非主條成語
1786,忘年交,ㄨㄤˋ　ㄋㄧㄢˊ　ㄐㄧㄠ,,,,,非主條成語
1787,繫風捕影,ㄒㄧˋ　ㄈㄥ　ㄅㄨˇ　ㄧㄥˇ,,,,,非主條成語
1788,暗渡陳倉,ㄢˋ　ㄉㄨˋ　ㄔㄣˊ　ㄘㄤ,,,,,非主條成語
1789,千紅萬紫,ㄑㄧㄢ　ㄏㄨㄥˊ　ㄨㄢˋ　ㄗˇ,,,,,非主條成語
1790,阿其所好,ㄜ　ㄑㄧˊ　ㄙㄨㄛˇ　ㄏㄠˋ,,,,,非主條成語
1791,係風捕影,ㄒㄧˋ　ㄈㄥ　ㄅㄨˇ　ㄧㄥˇ,,,,,非主條成語
1792,紙貴洛陽,ㄓˇ　ㄍㄨㄟˋ　ㄌㄨㄛˋ　ㄧㄤˊ,,,,,非主條成語
1793,累牘連篇,ㄌㄟˇ　ㄉㄨˊ　ㄌㄧㄢˊ　ㄆㄧㄢ,,,,,非主條成語
1794,如之奈何,ㄖㄨˊ　ㄓ　ㄋㄞˋ　ㄏㄜˊ,,,,,非主條成語
1795,翻覆無常,ㄈㄢ　ㄈㄨˋ　ㄨˊ　ㄔㄤˊ,,,,,非主條成語
1796,為小失大,ㄨㄟˋ　ㄒㄧㄠˇ　ㄕ　ㄉㄚˋ,,,,,非主條成語
1797,瓜李之嫌,ㄍㄨㄚ　ㄌㄧˇ　ㄓ　ㄒㄧㄢˊ,,,,,非主條成語
1798,腹心之患,ㄈㄨˋ　ㄒㄧㄣ　ㄓ　ㄏㄨㄢˋ,,,,,非主條成語
1799,纖塵不染,ㄒㄧㄢ　ㄔㄣˊ　ㄅㄨˋ　ㄖㄢˇ,,,,,非主條成語
1800,盜名欺世,ㄉㄠˋ　ㄇㄧㄥˊ　ㄑㄧ　ㄕˋ,,,,,非主條成語
1801,萬籟無聲,ㄨㄢˋ　ㄌㄞˋ　ㄨˊ　ㄕㄥ,,,,,非主條成語
1802,投井下石,ㄊㄡˊ　ㄐㄧㄥˇ　ㄒㄧㄚˋ　ㄕˊ,,,,,非主條成語
1803,釣名沽譽,ㄉㄧㄠˋ　ㄇㄧㄥˊ　ㄍㄨ　ㄩˋ,,,,,非主條成語
1804,排山壓卵,ㄆㄞˊ　ㄕㄢ　ㄧㄚ　ㄌㄨㄢˇ,,,,,非主條成語
1805,瞭若指掌,ㄌㄧㄠˇ　ㄖㄨㄛˋ　ㄓˇ　ㄓㄤˇ,,,,,非主條成語
1806,電掣風馳,ㄉㄧㄢˋ　ㄔㄜˋ　ㄈㄥ　ㄔˊ,,,,,非主條成語
1807,溥天同慶,ㄆㄨˇ　ㄊㄧㄢ　ㄊㄨㄥˊ　ㄑㄧㄥˋ,,,,,非主條成語
1808,識途老馬,ㄕˋ　ㄊㄨˊ　ㄌㄠˇ　ㄇㄚˇ,,,,,非主條成語
1809,物盛則衰,ㄨˋ　ㄕㄥˋ　ㄗㄜˊ　ㄕㄨㄞ,,,,,非主條成語
1810,情隨事遷,ㄑㄧㄥˊ　ㄙㄨㄟˊ　ㄕˋ　ㄑㄧㄢ,,,,,非主條成語
1811,涸澤而漁,ㄏㄜˊ　ㄗㄜˊ　ㄦˊ　ㄩˊ,,,,,非主條成語
1812,深思遠慮,ㄕㄣ　ㄙ　ㄩㄢˇ　ㄌㄩˋ,,,,,非主條成語
1813,初發芙蓉,ㄔㄨ　ㄈㄚ　ㄈㄨˊ　ㄖㄨㄥˊ,,,,,非主條成語
1814,四分五落,ㄙˋ　ㄈㄣ　ㄨˇ　ㄌㄨㄛˋ,,,,,非主條成語
1815,一簞一瓢,ㄧ　ㄉㄢ　ㄧ　ㄆㄧㄠˊ　（變）　ㄧˋ　ㄉㄢ　ㄧˋ　ㄆㄧㄠˊ,,,,,非主條成語
1816,四通五達,ㄙˋ　ㄊㄨㄥ　ㄨˇ　ㄉㄚˊ,,,,,非主條成語
1817,孤恩負德,ㄍㄨ　ㄣ　ㄈㄨˋ　ㄉㄜˊ,,,,,非主條成語
1818,拿腔做勢,ㄋㄚˊ　ㄑㄧㄤ　ㄗㄨㄛˋ　ㄕˋ,,,,,非主條成語
1819,醉翁之意,ㄗㄨㄟˋ　ㄨㄥ　ㄓ　ㄧˋ,,,,,非主條成語
1820,地覆天翻,ㄉㄧˋ　ㄈㄨˋ　ㄊㄧㄢ　ㄈㄢ,,,,,非主條成語
1821,覆雨翻雲,ㄈㄨˋ　ㄩˇ　ㄈㄢ　ㄩㄣˊ,,,,,非主條成語
1822,鴉默雀靜,ㄧㄚ　ㄇㄛˋ　ㄑㄩㄝˋ　ㄐㄧㄥˋ,,,,,非主條成語
1823,當頭一棒,ㄉㄤ　ㄊㄡˊ　ㄧ　ㄅㄤˋ　（變）　ㄉㄤ　ㄊㄡˊ　ㄧˊ　ㄅㄤˋ,,,,,非主條成語
1824,平地波瀾,ㄆㄧㄥˊ　ㄉㄧˋ　ㄅㄛ　ㄌㄢˊ,,,,,非主條成語
1825,坐臥不寧,ㄗㄨㄛˋ　ㄨㄛˋ　ㄅㄨˋ　ㄋㄧㄥˊ,,,,,非主條成語
1826,寡聞少見,ㄍㄨㄚˇ　ㄨㄣˊ　ㄕㄠˇ　ㄐㄧㄢˋ,,,,,非主條成語
1827,樂道安貧,ㄌㄜˋ　ㄉㄠˋ　ㄢ　ㄆㄧㄣˊ,,,,,非主條成語
1828,善價而沽,ㄕㄢˋ　ㄐㄧㄚˋ　ㄦˊ　ㄍㄨ,,,,,非主條成語
1829,季布一諾,ㄐㄧˋ　ㄅㄨˋ　ㄧ　ㄋㄨㄛˋ　（變）　ㄐㄧˋ　ㄅㄨˋ　ㄧˊ　ㄋㄨㄛˋ,,,,,非主條成語
1830,頓口無言,ㄉㄨㄣˋ　ㄎㄡˇ　ㄨˊ　ㄧㄢˊ,,,,,非主條成語
1831,萬世一時,ㄨㄢˋ　ㄕˋ　ㄧ　ㄕˊ　（變）　ㄨㄢˋ　ㄕˋ　ㄧˋ　ㄕˊ,,,,,非主條成語
1832,意馬心猿,ㄧˋ　ㄇㄚˇ　ㄒㄧㄣ　ㄩㄢˊ,,,,,非主條成語
1833,背若芒刺,ㄅㄟˋ　ㄖㄨㄛˋ　ㄇㄤˊ　ㄘˋ,,,,,非主條成語
1834,肝膽塗地,ㄍㄢ　ㄉㄢˇ　ㄊㄨˊ　ㄉㄧˋ,,,,,非主條成語
1835,莫可奈何,ㄇㄛˋ　ㄎㄜˇ　ㄋㄞˋ　ㄏㄜˊ,,,,,非主條成語
1836,瓦解土崩,ㄨㄚˇ　ㄐㄧㄝˇ　ㄊㄨˇ　ㄅㄥ,,,,,非主條成語
1837,標新領異,ㄅㄧㄠ　ㄒㄧㄣ　ㄌㄧㄥˇ　ㄧˋ,,,,,非主條成語
1838,寅支卯糧,ㄧㄣˊ　ㄓ　ㄇㄠˇ　ㄌㄧㄤˊ,,,,,非主條成語
1839,棄邪歸正,ㄑㄧˋ　ㄒㄧㄝˊ　ㄍㄨㄟ　ㄓㄥˋ,,,,,非主條成語
1840,心腹之疾,ㄒㄧㄣ　ㄈㄨˋ　ㄓ　ㄐㄧˊ,,,,,非主條成語
1841,流離顛沛,ㄌㄧㄡˊ　ㄌㄧˊ　ㄉㄧㄢ　ㄆㄟˋ,,,,,非主條成語
1842,保殘守缺,ㄅㄠˇ　ㄘㄢˊ　ㄕㄡˇ　ㄑㄩㄝ,,,,,非主條成語
1843,龍盤虎踞,ㄌㄨㄥˊ　ㄆㄢˊ　ㄏㄨˇ　ㄐㄩˋ,,,,,非主條成語
1844,自同寒蟬,ㄗˋ　ㄊㄨㄥˊ　ㄏㄢˊ　ㄔㄢˊ,,,,,非主條成語
1845,無可救藥,ㄨˊ　ㄎㄜˇ　ㄐㄧㄡˋ　ㄧㄠˋ,,,,,非主條成語
1846,片言九鼎,ㄆㄧㄢˋ　ㄧㄢˊ　ㄐㄧㄡˇ　ㄉㄧㄥˇ,,,,,非主條成語
1847,綽綽有裕,ㄔㄨㄛˋ　ㄔㄨㄛˋ　ㄧㄡˇ　ㄩˋ,,,,,非主條成語
1848,千載一會,ㄑㄧㄢ　ㄗㄞˇ　ㄧ　ㄏㄨㄟˋ　（變）　ㄑㄧㄢ　ㄗㄞˇ　ㄧˊ　ㄏㄨㄟˋ,,,,,非主條成語
1849,對答如流,ㄉㄨㄟˋ　ㄉㄚˊ　ㄖㄨˊ　ㄌㄧㄡˊ,,,,,非主條成語
1850,異途同歸,ㄧˋ　ㄊㄨˊ　ㄊㄨㄥˊ　ㄍㄨㄟ,,,,,非主條成語
1851,蛇影杯弓,ㄕㄜˊ　ㄧㄥˇ　ㄅㄟ　ㄍㄨㄥ,,,,,非主條成語
1852,如虎生翼,ㄖㄨˊ　ㄏㄨˇ　ㄕㄥ　ㄧˋ,,,,,非主條成語
1853,汗馬之勞,ㄏㄢˋ　ㄇㄚˇ　ㄓ　ㄌㄠˊ,,,,,非主條成語
1854,家至戶曉,ㄐㄧㄚ　ㄓˋ　ㄏㄨˋ　ㄒㄧㄠˇ,,,,,非主條成語
1855,白衣蒼狗,ㄅㄞˊ　ㄧ　ㄘㄤ　ㄍㄡˇ,,,,,非主條成語
1856,高枕而臥,ㄍㄠ　ㄓㄣˇ　ㄦˊ　ㄨㄛˋ,,,,,非主條成語
1857,高下其手,ㄍㄠ　ㄒㄧㄚˋ　ㄑㄧˊ　ㄕㄡˇ,,,,,非主條成語
1858,一丁不識,ㄧ　ㄉㄧㄥ　ㄅㄨˋ　ㄕˋ　（變）　ㄧˋ　ㄉㄧㄥ　ㄅㄨˊ　ㄕˋ,,,,,非主條成語
1859,一心一計,ㄧ　ㄒㄧㄣ　ㄧ　ㄐㄧˋ　（變）　ㄧˋ　ㄒㄧㄣ　ㄧˊ　ㄐㄧˋ,,,,,非主條成語
1860,泰山之安,ㄊㄞˋ　ㄕㄢ　ㄓ　ㄢ,,,,,非主條成語
1861,目定口呆,ㄇㄨˋ　ㄉㄧㄥˋ　ㄎㄡˇ　ㄉㄞ,,,,,非主條成語
1862,拭目而待,ㄕˋ　ㄇㄨˋ　ㄦˊ　ㄉㄞˋ,,,,,非主條成語
1863,骨瘦如豺,ㄍㄨˇ　ㄕㄡˋ　ㄖㄨˊ　ㄔㄞˊ,,,,,非主條成語
1864,另眼看待,ㄌㄧㄥˋ　ㄧㄢˇ　ㄎㄢˋ　ㄉㄞˋ,,,,,非主條成語
1865,懸鶉百結,ㄒㄩㄢˊ　ㄔㄨㄣˊ　ㄅㄞˇ　ㄐㄧㄝˊ,,,,,非主條成語
1866,弩張劍拔,ㄋㄨˇ　ㄓㄤ　ㄐㄧㄢˋ　ㄅㄚˊ,,,,,非主條成語
1867,老生常譚,ㄌㄠˇ　ㄕㄥ　ㄔㄤˊ　ㄊㄢˊ,,,,,非主條成語
1868,趨炎附熱,ㄑㄩ　ㄧㄢˊ　ㄈㄨˋ　ㄖㄜˋ,,,,,非主條成語
1869,一枕黃粱,ㄧ　ㄓㄣˇ　ㄏㄨㄤˊ　ㄌㄧㄤˊ　（變）　ㄧˋ　ㄓㄣˇ　ㄏㄨㄤˊ　ㄌㄧㄤˊ,,,,,非主條成語
1870,七上八落,ㄑㄧ　ㄕㄤˋ　ㄅㄚ　ㄌㄨㄛˋ,,,,,非主條成語
1871,眉花眼笑,ㄇㄟˊ　ㄏㄨㄚ　ㄧㄢˇ　ㄒㄧㄠˋ,,,,,非主條成語
1872,羞惱成怒,ㄒㄧㄡ　ㄋㄠˇ　ㄔㄥˊ　ㄋㄨˋ,,,,,非主條成語
1873,彫蟲小技,ㄉㄧㄠ　ㄔㄨㄥˊ　ㄒㄧㄠˇ　ㄐㄧˋ,,,,,非主條成語
1874,沉舟破釜,ㄔㄣˊ　ㄓㄡ　ㄆㄛˋ　ㄈㄨˇ,,,,,非主條成語
1875,鴻案相莊,ㄏㄨㄥˊ　ㄢˋ　ㄒㄧㄤ　ㄓㄨㄤ,,,,,非主條成語
1876,過橋拆橋,ㄍㄨㄛˋ　ㄑㄧㄠˊ　ㄔㄞ　ㄑㄧㄠˊ,,,,,非主條成語
1877,鐵腸石心,ㄊㄧㄝˇ　ㄔㄤˊ　ㄕˊ　ㄒㄧㄣ,,,,,非主條成語
1878,殫思極慮,ㄉㄢ　ㄙ　ㄐㄧˊ　ㄌㄩˋ,,,,,非主條成語
1879,悲憤填膺,ㄅㄟ　ㄈㄣˋ　ㄊㄧㄢˊ　ㄧㄥ,,,,,非主條成語
1880,銘心刻骨,ㄇㄧㄥˊ　ㄒㄧㄣ　ㄎㄜˋ　ㄍㄨˇ,,,,,非主條成語
1881,附鳳攀龍,ㄈㄨˋ　ㄈㄥˋ　ㄆㄢ　ㄌㄨㄥˊ,,,,,非主條成語
1882,動魄驚心,ㄉㄨㄥˋ　ㄆㄛˋ　ㄐㄧㄥ　ㄒㄧㄣ,,,,,非主條成語
1883,分庭伉禮,ㄈㄣ　ㄊㄧㄥˊ　ㄎㄤˋ　ㄌㄧˇ,,,,,非主條成語
1884,一隅三反,ㄧ　ㄩˊ　ㄙㄢ　ㄈㄢˇ　（變）　ㄧˋ　ㄩˊ　ㄙㄢ　ㄈㄢˇ,,,,,非主條成語
1885,塗炭生靈,ㄊㄨˊ　ㄊㄢˋ　ㄕㄥ　ㄌㄧㄥˊ,,,,,非主條成語
1886,楊花水性,ㄧㄤˊ　ㄏㄨㄚ　ㄕㄨㄟˇ　ㄒㄧㄥˋ,,,,,非主條成語
1887,流言飛文,ㄌㄧㄡˊ　ㄧㄢˊ　ㄈㄟ　ㄨㄣˊ,,,,,非主條成語
1888,不咎既往,ㄅㄨˋ　ㄐㄧㄡˋ　ㄐㄧˋ　ㄨㄤˇ　（變）　ㄅㄨˊ　ㄐㄧㄡˋ　ㄐㄧˋ　ㄨㄤˇ,,,,,非主條成語
1889,折衝樽俎,ㄓㄜˊ　ㄔㄨㄥ　ㄗㄨㄣ　ㄗㄨˇ,,,,,非主條成語
1890,一面如舊,ㄧ　ㄇㄧㄢˋ　ㄖㄨˊ　ㄐㄧㄡˋ　（變）　ㄧˊ　ㄇㄧㄢˋ　ㄖㄨˊ　ㄐㄧㄡˋ,,,,,非主條成語
1891,同床各夢,ㄊㄨㄥˊ　ㄔㄨㄤˊ　ㄍㄜˋ　ㄇㄥˋ,,,,,非主條成語
1892,高風峻節,ㄍㄠ　ㄈㄥ　ㄐㄩㄣˋ　ㄐㄧㄝˊ,,,,,非主條成語
1893,借公濟私,ㄐㄧㄝˋ　ㄍㄨㄥ　ㄐㄧˋ　ㄙ,,,,,非主條成語
1894,面命耳提,ㄇㄧㄢˋ　ㄇㄧㄥˋ　ㄦˇ　ㄊㄧˊ,,,,,非主條成語
1895,礪戈秣馬,ㄌㄧˋ　ㄍㄜ　ㄇㄛˋ　ㄇㄚˇ,,,,,非主條成語
1896,掠影浮光,ㄌㄩㄝˋ　ㄧㄥˇ　ㄈㄨˊ　ㄍㄨㄤ,,,,,非主條成語
1897,元方季方,ㄩㄢˊ　ㄈㄤ　ㄐㄧˋ　ㄈㄤ,,,,,非主條成語
1898,千載一遇,ㄑㄧㄢ　ㄗㄞˇ　ㄧ　ㄩˋ　（變）　ㄑㄧㄢ　ㄗㄞˇ　ㄧˊ　ㄩˋ,,,,,非主條成語
1899,千端萬緒,ㄑㄧㄢ　ㄉㄨㄢ　ㄨㄢˋ　ㄒㄩˋ,,,,,非主條成語
1900,順水行舟,ㄕㄨㄣˋ　ㄕㄨㄟˇ　ㄒㄧㄥˊ　ㄓㄡ,,,,,非主條成語
1901,虎踞龍盤,ㄏㄨˇ　ㄐㄩˋ　ㄌㄨㄥˊ　ㄆㄢˊ,,,,,非主條成語
1902,出言無狀,ㄔㄨ　ㄧㄢˊ　ㄨˊ　ㄓㄨㄤˋ,,,,,非主條成語
1903,義正詞嚴,ㄧˋ　ㄓㄥˋ　ㄘˊ　ㄧㄢˊ,,,,,非主條成語
1904,石爛海枯,ㄕˊ　ㄌㄢˋ　ㄏㄞˇ　ㄎㄨ,,,,,非主條成語
1905,爾詐我虞,ㄦˇ　ㄓㄚˋ　ㄨㄛˇ　ㄩˊ,,,,,非主條成語
1906,寥寥可數,ㄌㄧㄠˊ　ㄌㄧㄠˊ　ㄎㄜˇ　ㄕㄨˇ,,,,,非主條成語
1907,肉袒負荊,ㄖㄡˋ　ㄊㄢˇ　ㄈㄨˋ　ㄐㄧㄥ,,,,,非主條成語
1908,天相吉人,ㄊㄧㄢ　ㄒㄧㄤˋ　ㄐㄧˊ　ㄖㄣˊ,,,,,非主條成語
1909,過橋抽板,ㄍㄨㄛˋ　ㄑㄧㄠˊ　ㄔㄡ　ㄅㄢˇ,,,,,非主條成語
1910,三顧草廬,ㄙㄢ　ㄍㄨˋ　ㄘㄠˇ　ㄌㄨˊ,,,,,非主條成語
1911,通今博古,ㄊㄨㄥ　ㄐㄧㄣ　ㄅㄛˊ　ㄍㄨˇ,,,,,非主條成語
1912,十死一生,ㄕˊ　ㄙˇ　ㄧ　ㄕㄥ　（變）　ㄕˊ　ㄙˇ　ㄧˋ　ㄕㄥ,,,,,非主條成語
1913,狡兔三穴,ㄐㄧㄠˇ　ㄊㄨˋ　ㄙㄢ　ㄒㄩㄝˋ,,,,,非主條成語
1914,十生九死,ㄕˊ　ㄕㄥ　ㄐㄧㄡˇ　ㄙˇ,,,,,非主條成語
1915,蓬首垢面,ㄆㄥˊ　ㄕㄡˇ　ㄍㄡˋ　ㄇㄧㄢˋ,,,,,非主條成語
1916,背本趨末,ㄅㄟˋ　ㄅㄣˇ　ㄑㄩ　ㄇㄛˋ,,,,,非主條成語
1917,坐臥不安,ㄗㄨㄛˋ　ㄨㄛˋ　ㄅㄨˋ　ㄢ,,,,,非主條成語
1918,從容自若,ㄘㄨㄥ　ㄖㄨㄥˊ　ㄗˋ　ㄖㄨㄛˋ,,,,,非主條成語
1919,即景生情,ㄐㄧˊ　ㄐㄧㄥˇ　ㄕㄥ　ㄑㄧㄥˊ,,,,,非主條成語
1920,腹心之疾,ㄈㄨˋ　ㄒㄧㄣ　ㄓ　ㄐㄧˊ,,,,,非主條成語
1921,人眾勝天,ㄖㄣˊ　ㄓㄨㄥˋ　ㄕㄥˋ　ㄊㄧㄢ,,,,,非主條成語
1922,隨波逐浪,ㄙㄨㄟˊ　ㄅㄛ　ㄓㄨˊ　ㄌㄤˋ,,,,,非主條成語
1923,拔新領異,ㄅㄚˊ　ㄒㄧㄣ　ㄌㄧㄥˇ　ㄧˋ,,,,,非主條成語
1924,噬臍何及,ㄕˋ　ㄑㄧˊ　ㄏㄜˊ　ㄐㄧˊ,,,,,非主條成語
1925,顧小失大,ㄍㄨˋ　ㄒㄧㄠˇ　ㄕ　ㄉㄚˋ,,,,,非主條成語
1926,因公假私,ㄧㄣ　ㄍㄨㄥ　ㄐㄧㄚˇ　ㄙ,,,,,非主條成語
1927,倚馬之才,ㄧˇ　ㄇㄚˇ　ㄓ　ㄘㄞˊ,,,,,非主條成語
1928,八斗才,ㄅㄚ　ㄉㄡˇ　ㄘㄞˊ,,,,,非主條成語
1929,三頭八臂,ㄙㄢ　ㄊㄡˊ　ㄅㄚ　ㄅㄧˋ,,,,,非主條成語
1930,鄉壁虛造,ㄒㄧㄤˋ　ㄅㄧˋ　ㄒㄩ　ㄗㄠˋ,,,,,非主條成語
1931,飯囊酒甕,ㄈㄢˋ　ㄋㄤˊ　ㄐㄧㄡˇ　ㄨㄥˋ,,,,,非主條成語
1932,挺而走險,ㄊㄧㄥˇ　ㄦˊ　ㄗㄡˇ　ㄒㄧㄢˇ,,,,,非主條成語
1933,信口開合,ㄒㄧㄣˋ　ㄎㄡˇ　ㄎㄞ　ㄏㄜˊ,,,,,非主條成語
1934,生不逢時,ㄕㄥ　ㄅㄨˋ　ㄈㄥˊ　ㄕˊ,,,,,非主條成語
1935,虎踞龍蟠,ㄏㄨˇ　ㄐㄩˋ　ㄌㄨㄥˊ　ㄆㄢˊ,,,,,非主條成語
1936,驚風駭浪,ㄐㄧㄥ　ㄈㄥ　ㄏㄞˋ　ㄌㄤˋ,,,,,非主條成語
1937,駭目驚心,ㄏㄞˋ　ㄇㄨˋ　ㄐㄧㄥ　ㄒㄧㄣ,,,,,非主條成語
1938,猶魚有水,ㄧㄡˊ　ㄩˊ　ㄧㄡˇ　ㄕㄨㄟˇ,,,,,非主條成語
1939,雲翻雨覆,ㄩㄣˊ　ㄈㄢ　ㄩˇ　ㄈㄨˋ,,,,,非主條成語
1940,衣冠濟濟,ㄧ　ㄍㄨㄢ　ㄐㄧˇ　ㄐㄧˇ,,,,,非主條成語
1941,棄本逐末,ㄑㄧˋ　ㄅㄣˇ　ㄓㄨˊ　ㄇㄛˋ,,,,,非主條成語
1942,駭浪驚濤,ㄏㄞˋ　ㄌㄤˋ　ㄐㄧㄥ　ㄊㄠˊ,,,,,非主條成語
1943,雨順風調,ㄩˇ　ㄕㄨㄣˋ　ㄈㄥ　ㄊㄧㄠˊ,,,,,非主條成語
1944,望塵不及,ㄨㄤˋ　ㄔㄣˊ　ㄅㄨˋ　ㄐㄧˊ,,,,,非主條成語
1945,盲人說象,ㄇㄤˊ　ㄖㄣˊ　ㄕㄨㄛ　ㄒㄧㄤˋ,,,,,非主條成語
1946,放浪不羈,ㄈㄤˋ　ㄌㄤˋ　ㄅㄨˋ　ㄐㄧ,,,,,非主條成語
1947,充棟汗牛,ㄔㄨㄥ　ㄉㄨㄥˋ　ㄏㄢˋ　ㄋㄧㄡˊ,,,,,非主條成語
1948,雷厲風飛,ㄌㄟˊ　ㄌㄧˋ　ㄈㄥ　ㄈㄟ,,,,,非主條成語
1949,北叟失馬,ㄅㄟˇ　ㄙㄡˇ　ㄕ　ㄇㄚˇ,,,,,非主條成語
1950,手足失措,ㄕㄡˇ　ㄗㄨˊ　ㄕ　ㄘㄨㄛˋ,,,,,非主條成語
1951,瓦解冰消,ㄨㄚˇ　ㄐㄧㄝˇ　ㄅㄧㄥ　ㄒㄧㄠ,,,,,非主條成語
1952,北轍南轅,ㄅㄟˇ　ㄔㄜˋ　ㄋㄢˊ　ㄩㄢˊ,,,,,非主條成語
1953,面面俱圓,ㄇㄧㄢˋ　ㄇㄧㄢˋ　ㄐㄩˋ　ㄩㄢˊ,,,,,非主條成語
1954,不值一文,ㄅㄨˋ　ㄓˊ　ㄧ　ㄨㄣˊ　（變）　ㄅㄨˋ　ㄓˊ　ㄧˋ　ㄨㄣˊ,,,,,非主條成語
1955,石城湯池,ㄕˊ　ㄔㄥˊ　ㄊㄤ　ㄔˊ,,,,,非主條成語
1956,覆地翻天,ㄈㄨˋ　ㄉㄧˋ　ㄈㄢ　ㄊㄧㄢ,,,,,非主條成語
1957,盜鐘掩耳,ㄉㄠˋ　ㄓㄨㄥ　ㄧㄢˇ　ㄦˇ,,,,,非主條成語
1958,福地洞天,ㄈㄨˊ　ㄉㄧˋ　ㄉㄨㄥˋ　ㄊㄧㄢ,,,,,非主條成語
1959,流芳後世,ㄌㄧㄡˊ　ㄈㄤ　ㄏㄡˋ　ㄕˋ,,,,,非主條成語
1960,流水行雲,ㄌㄧㄡˊ　ㄕㄨㄟˇ　ㄒㄧㄥˊ　ㄩㄣˊ,,,,,非主條成語
1961,皓齒明眸,ㄏㄠˋ　ㄔˇ　ㄇㄧㄥˊ　ㄇㄡˊ,,,,,非主條成語
1962,物極則反,ㄨˋ　ㄐㄧˊ　ㄗㄜˊ　ㄈㄢˇ,,,,,非主條成語
1963,絕倫逸群,ㄐㄩㄝˊ　ㄌㄨㄣˊ　ㄧˋ　ㄑㄩㄣˊ,,,,,非主條成語
1964,流水落花,ㄌㄧㄡˊ　ㄕㄨㄟˇ　ㄌㄨㄛˋ　ㄏㄨㄚ,,,,,非主條成語
1965,岸然道貌,ㄢˋ　ㄖㄢˊ　ㄉㄠˋ　ㄇㄠˋ,,,,,非主條成語
1966,截趾適屨,ㄐㄧㄝˊ　ㄓˇ　ㄕˋ　ㄐㄩˋ,,,,,非主條成語
1967,枯樹逢春,ㄎㄨ　ㄕㄨˋ　ㄈㄥˊ　ㄔㄨㄣ,,,,,非主條成語
1968,地網天羅,ㄉㄧˋ　ㄨㄤˇ　ㄊㄧㄢ　ㄌㄨㄛˊ,,,,,非主條成語
1969,李下瓜田,ㄌㄧˇ　ㄒㄧㄚˋ　ㄍㄨㄚ　ㄊㄧㄢˊ,,,,,非主條成語
1970,標同伐異,ㄅㄧㄠ　ㄊㄨㄥˊ　ㄈㄚ　ㄧˋ,,,,,非主條成語
1971,深淵薄冰,ㄕㄣ　ㄩㄢ　ㄅㄛˊ　ㄅㄧㄥ,,,,,非主條成語
1972,走投沒路,ㄗㄡˇ　ㄊㄡˊ　ㄇㄟˊ　ㄌㄨˋ,,,,,非主條成語
1973,節上生枝,ㄐㄧㄝˊ　ㄕㄤˋ　ㄕㄥ　ㄓ,,,,,非主條成語
1974,盟山誓海,ㄇㄥˊ　ㄕㄢ　ㄕˋ　ㄏㄞˇ,,,,,非主條成語
1975,撥亂反治,ㄅㄛ　ㄌㄨㄢˋ　ㄈㄢˇ　ㄓˋ,,,,,非主條成語
1976,掩惡揚善,ㄧㄢˇ　ㄜˋ　ㄧㄤˊ　ㄕㄢˋ,,,,,非主條成語
1977,尾大難掉,ㄨㄟˇ　ㄉㄚˋ　ㄋㄢˊ　ㄉㄧㄠˋ,,,,,非主條成語
1978,捉影捕風,ㄓㄨㄛ　ㄧㄥˇ　ㄅㄨˇ　ㄈㄥ,,,,,非主條成語
1979,風移俗易,ㄈㄥ　ㄧˊ　ㄙㄨˊ　ㄧˋ,,,,,非主條成語
1980,操戈入室,ㄘㄠ　ㄍㄜ　ㄖㄨˋ　ㄕˋ,,,,,非主條成語
1981,蜃樓海市,ㄕㄣˋ　ㄌㄡˊ　ㄏㄞˇ　ㄕˋ,,,,,非主條成語
1982,接耳交頭,ㄐㄧㄝ　ㄦˇ　ㄐㄧㄠ　ㄊㄡˊ,,,,,非主條成語
1983,刖趾適屨,ㄩㄝˋ　ㄓˇ　ㄕˋ　ㄐㄩˋ,,,,,非主條成語
1984,口快心直,ㄎㄡˇ　ㄎㄨㄞˋ　ㄒㄧㄣ　ㄓˊ,,,,,非主條成語
1985,抽胎換骨,ㄔㄡ　ㄊㄞ　ㄏㄨㄢˋ　ㄍㄨˇ,,,,,非主條成語
1986,撼樹蚍蜉,ㄏㄢˋ　ㄕㄨˋ　ㄆㄧˊ　ㄈㄨˊ,,,,,非主條成語
1987,置錐之地,ㄓˋ　ㄓㄨㄟ　ㄓ　ㄉㄧˋ,,,,,非主條成語
1988,坎井之蛙,ㄎㄢˇ　ㄐㄧㄥˇ　ㄓ　ㄨㄚ,,,,,非主條成語
1989,四德三從,ㄙˋ　ㄉㄜˊ　ㄙㄢ　ㄘㄨㄥˊ,,,,,非主條成語
1990,欺人自欺,ㄑㄧ　ㄖㄣˊ　ㄗˋ　ㄑㄧ,,,,,非主條成語
1991,回山倒海,ㄏㄨㄟˊ　ㄕㄢ　ㄉㄠˇ　ㄏㄞˇ,,,,,非主條成語
1992,推食解衣,ㄊㄨㄟ　ㄕˊ　ㄐㄧㄝˇ　ㄧ,,,,,非主條成語
1993,揚威耀武,ㄧㄤˊ　ㄨㄟ　ㄧㄠˋ　ㄨˇ,,,,,非主條成語
1994,剛戾自用,ㄍㄤ　ㄌㄧˋ　ㄗˋ　ㄩㄥˋ,,,,,非主條成語
1995,胡思亂量,ㄏㄨˊ　ㄙ　ㄌㄨㄢˋ　ㄌㄧㄤˊ,,,,,非主條成語
1996,餘音嫋嫋,ㄩˊ　ㄧㄣ　ㄋㄧㄠˇ　ㄋㄧㄠˇ,,,,,非主條成語
1997,大智如愚,ㄉㄚˋ　ㄓˋ　ㄖㄨˊ　ㄩˊ,,,,,非主條成語
1998,金科玉條,ㄐㄧㄣ　ㄎㄜ　ㄩˋ　ㄊㄧㄠˊ,,,,,非主條成語
1999,火熱水深,ㄏㄨㄛˇ　ㄖㄜˋ　ㄕㄨㄟˇ　ㄕㄣ,,,,,非主條成語
2000,憤世嫉邪,ㄈㄣˋ　ㄕˋ　ㄐㄧˊ　ㄒㄧㄝˊ,,,,,非主條成語
2001,遺臭萬載,ㄧˊ　ㄔㄡˋ　ㄨㄢˋ　ㄗㄞˇ,,,,,非主條成語
2002,枉費心計,ㄨㄤˇ　ㄈㄟˋ　ㄒㄧㄣ　ㄐㄧˋ,,,,,非主條成語
2003,奉頭鼠竄,ㄈㄥˋ　ㄊㄡˊ　ㄕㄨˇ　ㄘㄨㄢˋ,,,,,非主條成語
2004,自覺形穢,ㄗˋ　ㄐㄩㄝˊ　ㄒㄧㄥˊ　ㄏㄨㄟˋ,,,,,非主條成語
2005,枉用心機,ㄨㄤˇ　ㄩㄥˋ　ㄒㄧㄣ　ㄐㄧ,,,,,非主條成語
2006,傍若無人,ㄆㄤˊ　ㄖㄨㄛˋ　ㄨˊ　ㄖㄣˊ,,,,,非主條成語
2007,縮手旁觀,ㄙㄨㄛ　ㄕㄡˇ　ㄆㄤˊ　ㄍㄨㄢ,,,,,非主條成語
2008,白雪陽春,ㄅㄞˊ　ㄒㄩㄝˇ　ㄧㄤˊ　ㄔㄨㄣ,,,,,非主條成語
2009,一曝十寒,ㄧ　ㄆㄨˋ　ㄕˊ　ㄏㄢˊ　（變）　ㄧˊ　ㄆㄨˋ　ㄕˊ　ㄏㄢˊ,,,,,非主條成語
2010,一目瞭然,ㄧ　ㄇㄨˋ　ㄌㄧㄠˇ　ㄖㄢˊ　（變）　ㄧˊ　ㄇㄨˋ　ㄌㄧㄠˇ　ㄖㄢˊ,,,,,非主條成語
2011,南柯夢,ㄋㄢˊ　ㄎㄜ　ㄇㄥˋ,,,,,非主條成語
2012,風馬牛,ㄈㄥ　ㄇㄚˇ　ㄋㄧㄡˊ,,,,,非主條成語
2013,四壁立,ㄙˋ　ㄅㄧˋ　ㄌㄧˋ,,,,,非主條成語
2014,刎頸交,ㄨㄣˇ　ㄐㄧㄥˇ　ㄐㄧㄠ,,,,,非主條成語
2015,玉潤珠圓,ㄩˋ　ㄖㄨㄣˋ　ㄓㄨ　ㄩㄢˊ,,,,,非主條成語
2016,千歲一時,ㄑㄧㄢ　ㄙㄨㄟˋ　ㄧ　ㄕˊ　（變）　ㄑㄧㄢ　ㄙㄨㄟˋ　ㄧˋ　ㄕˊ,,,,,非主條成語
2017,出死入生,ㄔㄨ　ㄙˇ　ㄖㄨˋ　ㄕㄥ,,,,,非主條成語
2018,無計奈何,ㄨˊ　ㄐㄧˋ　ㄋㄞˋ　ㄏㄜˊ,,,,,非主條成語
2019,順水推船,ㄕㄨㄣˋ　ㄕㄨㄟˇ　ㄊㄨㄟ　ㄔㄨㄢˊ,,,,,非主條成語
2020,嚮壁虛造,ㄒㄧㄤˋ　ㄅㄧˋ　ㄒㄩ　ㄗㄠˋ,,,,,非主條成語
2021,平步登天,ㄆㄧㄥˊ　ㄅㄨˋ　ㄉㄥ　ㄊㄧㄢ,,,,,非主條成語
2022,嘆觀止矣,ㄊㄢˋ　ㄍㄨㄢ　ㄓˇ　ㄧˇ,,,,,非主條成語
2023,左顧右眄,ㄗㄨㄛˇ　ㄍㄨˋ　ㄧㄡˋ　ㄇㄧㄢˇ,,,,,非主條成語
2024,捉襟肘見,ㄓㄨㄛ　ㄐㄧㄣ　ㄓㄡˇ　ㄒㄧㄢˋ,,,,,非主條成語
2025,三申五令,ㄙㄢ　ㄕㄣ　ㄨˇ　ㄌㄧㄥˋ,,,,,非主條成語
2026,蠡測管窺,ㄌㄧˊ　ㄘㄜˋ　ㄍㄨㄢˇ　ㄎㄨㄟ,,,,,非主條成語
2027,栩栩欲活,ㄒㄩˇ　ㄒㄩˇ　ㄩˋ　ㄏㄨㄛˊ,,,,,非主條成語
2028,文過遂非,ㄨㄣˋ　ㄍㄨㄛˋ　ㄙㄨㄟˋ　ㄈㄟ,,,,,非主條成語
2029,文修武偃,ㄨㄣˊ　ㄒㄧㄡ　ㄨˇ　ㄧㄢˇ,,,,,非主條成語
2030,意合情投,ㄧˋ　ㄏㄜˊ　ㄑㄧㄥˊ　ㄊㄡˊ,,,,,非主條成語
2031,方駕齊驅,ㄈㄤ　ㄐㄧㄚˋ　ㄑㄧˊ　ㄑㄩ,,,,,非主條成語
2032,齊眉舉案,ㄑㄧˊ　ㄇㄟˊ　ㄐㄩˇ　ㄢˋ,,,,,非主條成語
2033,齊心戮力,ㄑㄧˊ　ㄒㄧㄣ　ㄌㄨˋ　ㄌㄧˋ,,,,,非主條成語
2034,立錐之土,ㄌㄧˋ　ㄓㄨㄟ　ㄓ　ㄊㄨˇ,,,,,非主條成語
2035,病在膏肓,ㄅㄧㄥˋ　ㄗㄞˋ　ㄍㄠ　ㄏㄨㄤ,,,,,非主條成語
2036,夜以繼晝,ㄧㄝˋ　ㄧˇ　ㄐㄧˋ　ㄓㄡˋ,,,,,非主條成語
2037,充飢畫餅,ㄔㄨㄥ　ㄐㄧ　ㄏㄨㄚˋ　ㄅㄧㄥˇ,,,,,非主條成語
2038,豪奪巧取,ㄏㄠˊ　ㄉㄨㄛˊ　ㄑㄧㄠˇ　ㄑㄩˇ,,,,,非主條成語
2039,廣庭大眾,ㄍㄨㄤˇ　ㄊㄧㄥˊ　ㄉㄚˋ　ㄓㄨㄥˋ,,,,,非主條成語
2040,疾首痛心,ㄐㄧˊ　ㄕㄡˇ　ㄊㄨㄥˋ　ㄒㄧㄣ,,,,,非主條成語
2041,高風勁節,ㄍㄠ　ㄈㄥ　ㄐㄧㄥˋ　ㄐㄧㄝˊ,,,,,非主條成語
2042,病狂喪心,ㄅㄧㄥˋ　ㄎㄨㄤˊ　ㄙㄤˋ　ㄒㄧㄣ,,,,,非主條成語
2043,廬山面目,ㄌㄨˊ　ㄕㄢ　ㄇㄧㄢˋ　ㄇㄨˋ,,,,,非主條成語
2044,齊驅並駕,ㄑㄧˊ　ㄑㄩ　ㄅㄧㄥˋ　ㄐㄧㄚˋ,,,,,非主條成語
2045,應答如流,ㄧㄥˋ　ㄉㄚˊ　ㄖㄨˊ　ㄌㄧㄡˊ,,,,,非主條成語
2046,變風易俗,ㄅㄧㄢˋ　ㄈㄥ　ㄧˋ　ㄙㄨˊ,,,,,非主條成語
2047,一步一趨,ㄧ　ㄅㄨˋ　ㄧ　ㄑㄩ　（變）　ㄧˊ　ㄅㄨˋ　ㄧˋ　ㄑㄩ,,,,,非主條成語
2048,一言難罄,ㄧ　ㄧㄢˊ　ㄋㄢˊ　ㄑㄧㄥˋ　（變）　ㄧˋ　ㄧㄢˊ　ㄋㄢˊ　ㄑㄧㄥˋ,,,,,非主條成語
2049,棄邪從正,ㄑㄧˋ　ㄒㄧㄝˊ　ㄘㄨㄥˊ　ㄓㄥˋ,,,,,非主條成語
2050,親離眾叛,ㄑㄧㄣ　ㄌㄧˊ　ㄓㄨㄥˋ　ㄆㄢˋ,,,,,非主條成語
2051,望眼將穿,ㄨㄤˋ　ㄧㄢˇ　ㄐㄧㄤ　ㄔㄨㄢ,,,,,非主條成語
2052,望梅消渴,ㄨㄤˋ　ㄇㄟˊ　ㄒㄧㄠ　ㄎㄜˇ,,,,,非主條成語
2053,望風而潰,ㄨㄤˋ　ㄈㄥ　ㄦˊ　ㄎㄨㄟˋ,,,,,非主條成語
2054,麟角鳳毛,ㄌㄧㄣˊ　ㄐㄧㄠˇ　ㄈㄥˋ　ㄇㄠˊ,,,,,非主條成語
2055,旗開取勝,ㄑㄧˊ　ㄎㄞ　ㄑㄩˇ　ㄕㄥˋ,,,,,非主條成語
2056,言行計從,ㄧㄢˊ　ㄒㄧㄥˊ　ㄐㄧˋ　ㄘㄨㄥˊ,,,,,非主條成語
2057,熟路輕車,ㄕㄡˊ　ㄌㄨˋ　ㄑㄧㄥ　ㄐㄩ,,,,,非主條成語
2058,刻足適屨,ㄎㄜˋ　ㄗㄨˊ　ㄕˋ　ㄐㄩˋ,,,,,非主條成語
2059,一刀兩段,ㄧ　ㄉㄠ　ㄌㄧㄤˇ　ㄉㄨㄢˋ　（變）　ㄧˋ　ㄉㄠ　ㄌㄧㄤˇ　ㄉㄨㄢˋ,,,,,非主條成語
2060,言聽計用,ㄧㄢˊ　ㄊㄧㄥ　ㄐㄧˋ　ㄩㄥˋ,,,,,非主條成語
2061,言若懸河,ㄧㄢˊ　ㄖㄨㄛˋ　ㄒㄩㄢˊ　ㄏㄜˊ,,,,,非主條成語
2062,率由舊則,ㄕㄨㄞˋ　ㄧㄡˊ　ㄐㄧㄡˋ　ㄗㄜˊ,,,,,非主條成語
2063,旁觀袖手,ㄆㄤˊ　ㄍㄨㄢ　ㄒㄧㄡˋ　ㄕㄡˇ,,,,,非主條成語
2064,意氣軒昂,ㄧˋ　ㄑㄧˋ　ㄒㄩㄢ　ㄤˊ,,,,,非主條成語
2065,衣冠濟楚,ㄧ　ㄍㄨㄢ　ㄐㄧˇ　ㄔㄨˇ,,,,,非主條成語
2066,衣豐食足,ㄧ　ㄈㄥ　ㄕˊ　ㄗㄨˊ,,,,,非主條成語
2067,衣錦榮歸,ㄧˋ　ㄐㄧㄣˇ　ㄖㄨㄥˊ　ㄍㄨㄟ,,,,,非主條成語
2068,一成不易,ㄧ　ㄔㄥˊ　ㄅㄨˋ　ㄧˋ　（變）　ㄧˋ　ㄔㄥˊ　ㄅㄨˊ　ㄧˋ,,,,,非主條成語
2069,一勞久逸,ㄧ　ㄌㄠˊ　ㄐㄧㄡˇ　ㄧˋ　（變）　ㄧˋ　ㄌㄠˊ　ㄐㄧㄡˇ　ㄧˋ,,,,,非主條成語
2070,一揮而成,ㄧ　ㄏㄨㄟ　ㄦˊ　ㄔㄥˊ　（變）　ㄧˋ　ㄏㄨㄟ　ㄦˊ　ㄔㄥˊ,,,,,非主條成語
2071,死灰槁木,ㄙˇ　ㄏㄨㄟ　ㄍㄠˇ　ㄇㄨˋ,,,,,非主條成語
2072,死有餘責,ㄙˇ　ㄧㄡˇ　ㄩˊ　ㄗㄜˊ,,,,,非主條成語
2073,夜以接日,ㄧㄝˋ　ㄧˇ　ㄐㄧㄝ　ㄖˋ,,,,,非主條成語
2074,玉石同焚,ㄩˋ　ㄕˊ　ㄊㄨㄥˊ　ㄈㄣˊ,,,,,非主條成語
2075,三言兩句,ㄙㄢ　ㄧㄢˊ　ㄌㄧㄤˇ　ㄐㄩˋ,,,,,非主條成語
2076,三言五語,ㄙㄢ　ㄧㄢˊ　ㄨˇ　ㄩˇ,,,,,非主條成語
2077,萬紅千紫,ㄨㄢˋ　ㄏㄨㄥˊ　ㄑㄧㄢ　ㄗˇ,,,,,非主條成語
2078,萬緒千頭,ㄨㄢˋ　ㄒㄩˋ　ㄑㄧㄢ　ㄊㄡˊ,,,,,非主條成語
2079,萬里鵬程,ㄨㄢˋ　ㄌㄧˇ　ㄆㄥˊ　ㄔㄥˊ,,,,,非主條成語
2080,死有餘罪,ㄙˇ　ㄧㄡˇ　ㄩˊ　ㄗㄨㄟˋ,,,,,非主條成語
2081,高枕安寢,ㄍㄠ　ㄓㄣˇ　ㄢ　ㄑㄧㄣˇ,,,,,非主條成語
2082,開卷有得,ㄎㄞ　ㄐㄩㄢˋ　ㄧㄡˇ　ㄉㄜˊ,,,,,非主條成語
2083,弄璋之慶,ㄋㄨㄥˋ　ㄓㄤ　ㄓ　ㄑㄧㄥˋ,,,,,非主條成語
2084,平心定氣,ㄆㄧㄥˊ　ㄒㄧㄣ　ㄉㄧㄥˋ　ㄑㄧˋ,,,,,非主條成語
2085,弄斧班門,ㄋㄨㄥˋ　ㄈㄨˇ　ㄅㄢ　ㄇㄣˊ,,,,,非主條成語
2086,無補於事,ㄨˊ　ㄅㄨˇ　ㄩˊ　ㄕˋ,,,,,非主條成語
2087,百事無成,ㄅㄞˇ　ㄕˋ　ㄨˊ　ㄔㄥˊ,,,,,非主條成語
2088,耳旁風,ㄦˇ　ㄆㄤˊ　ㄈㄥ,,,,,非主條成語
2089,下井投石,ㄒㄧㄚˋ　ㄐㄧㄥˇ　ㄊㄡˊ　ㄕˊ,,,,,非主條成語
2090,百計千方,ㄅㄞˇ　ㄐㄧˋ　ㄑㄧㄢ　ㄈㄤ,,,,,非主條成語
2091,百紫千紅,ㄅㄞˇ　ㄗˇ　ㄑㄧㄢ　ㄏㄨㄥˊ,,,,,非主條成語
2092,無地自處,ㄨˊ　ㄉㄧˋ　ㄗˋ　ㄔㄨˇ,,,,,非主條成語
2093,面面廝覷,ㄇㄧㄢˋ　ㄇㄧㄢˋ　ㄙ　ㄑㄩˋ,,,,,非主條成語
2094,面面相窺,ㄇㄧㄢˋ　ㄇㄧㄢˋ　ㄒㄧㄤ　ㄎㄨㄟ,,,,,非主條成語
2095,下筆成篇,ㄒㄧㄚˋ　ㄅㄧˇ　ㄔㄥˊ　ㄆㄧㄢ,,,,,非主條成語
2096,無與為比,ㄨˊ　ㄩˇ　ㄨㄟˊ　ㄅㄧˇ,,,,,非主條成語
2097,否去泰來,ㄆㄧˇ　ㄑㄩˋ　ㄊㄞˋ　ㄌㄞˊ,,,,,非主條成語
2098,更弦易轍,ㄍㄥ　ㄒㄧㄢˊ　ㄧˋ　ㄔㄜˋ,,,,,非主條成語
2099,雷鳴瓦釜,ㄌㄟˊ　ㄇㄧㄥˊ　ㄨㄚˇ　ㄈㄨˇ,,,,,非主條成語
2100,不中抬舉,ㄅㄨˋ　ㄓㄨㄥˋ　ㄊㄞˊ　ㄐㄩˇ　（變）　ㄅㄨˊ　ㄓㄨㄥˋ　ㄊㄞˊ　ㄐㄩˇ,,,,,非主條成語
2101,西山日薄,ㄒㄧ　ㄕㄢ　ㄖˋ　ㄅㄛˊ,,,,,非主條成語
2102,不寒而栗,ㄅㄨˋ　ㄏㄢˊ　ㄦˊ　ㄌㄧˋ,,,,,非主條成語
2103,天授地設,ㄊㄧㄢ　ㄕㄡˋ　ㄉㄧˋ　ㄕㄜˋ,,,,,非主條成語
2104,畫蛇著足,ㄏㄨㄚˋ　ㄕㄜˊ　ㄓㄨㄛˊ　ㄗㄨˊ,,,,,非主條成語
2105,不受抬舉,ㄅㄨˋ　ㄕㄡˋ　ㄊㄞˊ　ㄐㄩˇ　（變）　ㄅㄨˊ　ㄕㄡˋ　ㄊㄞˊ　ㄐㄩˇ,,,,,非主條成語
2106,否終則泰,ㄆㄧˇ　ㄓㄨㄥ　ㄗㄜˊ　ㄊㄞˋ,,,,,非主條成語
2107,不謀而同,ㄅㄨˋ　ㄇㄡˊ　ㄦˊ　ㄊㄨㄥˊ,,,,,非主條成語
2108,天驚石破,ㄊㄧㄢ　ㄐㄧㄥ　ㄕˊ　ㄆㄛˋ,,,,,非主條成語
2109,五行俱下,ㄨˇ　ㄏㄤˊ　ㄐㄩˋ　ㄒㄧㄚˋ,,,,,非主條成語
2110,不加思索,ㄅㄨˋ　ㄐㄧㄚ　ㄙ　ㄙㄨㄛˇ,,,,,非主條成語
2111,萬馬千軍,ㄨㄢˋ　ㄇㄚˇ　ㄑㄧㄢ　ㄐㄩㄣ,,,,,非主條成語
2112,水窮山盡,ㄕㄨㄟˇ　ㄑㄩㄥˊ　ㄕㄢ　ㄐㄧㄣˋ,,,,,非主條成語
2113,水覆難收,ㄕㄨㄟˇ　ㄈㄨˋ　ㄋㄢˊ　ㄕㄡ,,,,,非主條成語
2114,水底撈針,ㄕㄨㄟˇ　ㄉㄧˇ　ㄌㄠ　ㄓㄣ,,,,,非主條成語
2115,背恩忘義,ㄅㄟˋ　ㄣ　ㄨㄤˋ　ㄧˋ,,,,,非主條成語
2116,玉石俱碎,ㄩˋ　ㄕˊ　ㄐㄩˋ　ㄙㄨㄟˋ,,,,,非主條成語
2117,武偃文修,ㄨˇ　ㄧㄢˇ　ㄨㄣˊ　ㄒㄧㄡ,,,,,非主條成語
2118,玉立亭亭,ㄩˋ　ㄌㄧˋ　ㄊㄧㄥˊ　ㄊㄧㄥˊ,,,,,非主條成語
2119,水盡山窮,ㄕㄨㄟˇ　ㄐㄧㄣˋ　ㄕㄢ　ㄑㄩㄥˊ,,,,,非主條成語
2120,玩世不羈,ㄨㄢˋ　ㄕˋ　ㄅㄨˋ　ㄐㄧ,,,,,非主條成語
2121,驢心狗肺,ㄌㄩˊ　ㄒㄧㄣ　ㄍㄡˇ　ㄈㄟˋ,,,,,非主條成語
2122,砥柱中流,ㄉㄧˇ　ㄓㄨˋ　ㄓㄨㄥ　ㄌㄧㄡˊ,,,,,非主條成語
2123,不入時宜,ㄅㄨˋ　ㄖㄨˋ　ㄕˊ　ㄧˊ　（變）　ㄅㄨˊ　ㄖㄨˋ　ㄕˊ　ㄧˊ,,,,,非主條成語
2124,玉律金科,ㄩˋ　ㄌㄩˋ　ㄐㄧㄣ　ㄎㄜ,,,,,非主條成語
2125,不可枚舉,ㄅㄨˋ　ㄎㄜˇ　ㄇㄟˊ　ㄐㄩˇ,,,,,非主條成語
2126,巧語花言,ㄑㄧㄠˇ　ㄩˇ　ㄏㄨㄚ　ㄧㄢˊ,,,,,非主條成語
2127,不知所從,ㄅㄨˋ　ㄓ　ㄙㄨㄛˇ　ㄘㄨㄥˊ,,,,,非主條成語
2128,戮力一心,ㄌㄨˋ　ㄌㄧˋ　ㄧ　ㄒㄧㄣ　（變）　ㄌㄨˋ　ㄌㄧˋ　ㄧˋ　ㄒㄧㄣ,,,,,非主條成語
2129,引經據古,ㄧㄣˇ　ㄐㄧㄥ　ㄐㄩˋ　ㄍㄨˇ,,,,,非主條成語
2130,翼翼小心,ㄧˋ　ㄧˋ　ㄒㄧㄠˇ　ㄒㄧㄣ,,,,,非主條成語
2131,刃迎縷解,ㄖㄣˋ　ㄧㄥˊ　ㄌㄩˇ　ㄐㄧㄝˇ,,,,,非主條成語
2132,殊路同歸,ㄕㄨ　ㄌㄨˋ　ㄊㄨㄥˊ　ㄍㄨㄟ,,,,,非主條成語
2133,柔茹寡斷,ㄖㄡˊ　ㄖㄨˊ　ㄍㄨㄚˇ　ㄉㄨㄢˋ,,,,,非主條成語
2134,跫然足音,ㄑㄩㄥˊ　ㄖㄢˊ　ㄗㄨˊ　ㄧㄣ,,,,,非主條成語
2135,動心駭目,ㄉㄨㄥˋ　ㄒㄧㄣ　ㄏㄞˋ　ㄇㄨˋ,,,,,非主條成語
2136,不肯一世,ㄅㄨˋ　ㄎㄣˇ　ㄧ　ㄕˋ　（變）　ㄅㄨˋ　ㄎㄣˇ　ㄧˊ　ㄕˋ,,,,,非主條成語
2137,動地驚天,ㄉㄨㄥˋ　ㄉㄧˋ　ㄐㄧㄥ　ㄊㄧㄢ,,,,,非主條成語
2138,珠還合浦,ㄓㄨ　ㄏㄨㄢˊ　ㄏㄜˊ　ㄆㄨˇ,,,,,非主條成語
2139,瓦解冰泮,ㄨㄚˇ　ㄐㄧㄝˇ　ㄅㄧㄥ　ㄆㄢˋ,,,,,非主條成語
2140,乘其不意,ㄔㄥˊ　ㄑㄧˊ　ㄅㄨˋ　ㄧˋ　（變）　ㄔㄥˊ　ㄑㄧˊ　ㄅㄨˊ　ㄧˋ,,,,,非主條成語
2141,不約而合,ㄅㄨˋ　ㄩㄝ　ㄦˊ　ㄏㄜˊ,,,,,非主條成語
2142,看景生情,ㄎㄢˋ　ㄐㄧㄥˇ　ㄕㄥ　ㄑㄧㄥˊ,,,,,非主條成語
2143,千變萬狀,ㄑㄧㄢ　ㄅㄧㄢˋ　ㄨㄢˋ　ㄓㄨㄤˋ,,,,,非主條成語
2144,千金一刻,ㄑㄧㄢ　ㄐㄧㄣ　ㄧ　ㄎㄜˋ　（變）　ㄑㄧㄢ　ㄐㄧㄣ　ㄧˊ　ㄎㄜˋ,,,,,非主條成語
2145,師心自是,ㄕ　ㄒㄧㄣ　ㄗˋ　ㄕˋ,,,,,非主條成語
2146,千條萬端,ㄑㄧㄢ　ㄊㄧㄠˊ　ㄨㄢˋ　ㄉㄨㄢ,,,,,非主條成語
2147,吞聲飲氣,ㄊㄨㄣ　ㄕㄥ　ㄧㄣˇ　ㄑㄧˋ,,,,,非主條成語
2148,手不輟卷,ㄕㄡˇ　ㄅㄨˋ　ㄔㄨㄛˋ　ㄐㄩㄢˋ　（變）　ㄕㄡˇ　ㄅㄨˊ　ㄔㄨㄛˋ　ㄐㄩㄢˋ,,,,,非主條成語
2149,一舉兩便,ㄧ　ㄐㄩˇ　ㄌㄧㄤˇ　ㄅㄧㄢˋ　（變）　ㄧˋ　ㄐㄩˇ　ㄌㄧㄤˇ　ㄅㄧㄢˋ,,,,,非主條成語
2150,貞風亮節,ㄓㄣ　ㄈㄥ　ㄌㄧㄤˋ　ㄐㄧㄝˊ,,,,,非主條成語
2151,委曲成全,ㄨㄟˇ　ㄑㄩ　ㄔㄥˊ　ㄑㄩㄢˊ,,,,,非主條成語
2152,孜孜不怠,ㄗ　ㄗ　ㄅㄨˋ　ㄉㄞˋ　（變）　ㄗ　ㄗ　ㄅㄨˊ　ㄉㄞˋ,,,,,非主條成語
2153,比肩隨踵,ㄅㄧˋ　ㄐㄧㄢ　ㄙㄨㄟˊ　ㄓㄨㄥˇ,,,,,非主條成語
2154,飯囊酒瓮,ㄈㄢˋ　ㄋㄤˊ　ㄐㄧㄡˇ　ㄨㄥˋ,,,,,非主條成語
2155,亂首垢面,ㄌㄨㄢˋ　ㄕㄡˇ　ㄍㄡˋ　ㄇㄧㄢˋ,,,,,非主條成語
2156,亂墜天花,ㄌㄨㄢˋ　ㄓㄨㄟˋ　ㄊㄧㄢ　ㄏㄨㄚ,,,,,非主條成語
2157,穎脫而出,ㄧㄥˇ　ㄊㄨㄛ　ㄦˊ　ㄔㄨ,,,,,非主條成語
2158,重睹天日,ㄔㄨㄥˊ　ㄉㄨˇ　ㄊㄧㄢ　ㄖˋ,,,,,非主條成語
2159,委曲周全,ㄨㄟˇ　ㄑㄩ　ㄓㄡ　ㄑㄩㄢˊ,,,,,非主條成語
2160,比比皆然,ㄅㄧˋ　ㄅㄧˋ　ㄐㄧㄝ　ㄖㄢˊ,,,,,非主條成語
2161,虎威狐假,ㄏㄨˇ　ㄨㄟ　ㄏㄨˊ　ㄐㄧㄚˇ,,,,,非主條成語
2162,虎口逃生,ㄏㄨˇ　ㄎㄡˇ　ㄊㄠˊ　ㄕㄥ,,,,,非主條成語
2163,掣襟露肘,ㄔㄜˋ　ㄐㄧㄣ　ㄌㄨˋ　ㄓㄡˇ,,,,,非主條成語
2164,任重致遠,ㄖㄣˋ　ㄓㄨㄥˋ　ㄓˋ　ㄩㄢˇ,,,,,非主條成語
2165,虎頭鼠尾,ㄏㄨˇ　ㄊㄡˊ　ㄕㄨˇ　ㄨㄟˇ,,,,,非主條成語
2166,街談巷說,ㄐㄧㄝ　ㄊㄢˊ　ㄒㄧㄤˋ　ㄕㄨㄛ,,,,,非主條成語
2167,出言成章,ㄔㄨ　ㄧㄢˊ　ㄔㄥˊ　ㄓㄤ,,,,,非主條成語
2168,付之一哂,ㄈㄨˋ　ㄓ　ㄧ　ㄕㄣˇ　（變）　ㄈㄨˋ　ㄓ　ㄧˋ　ㄕㄣˇ,,,,,非主條成語
2169,德隆望重,ㄉㄜˊ　ㄌㄨㄥˊ　ㄨㄤˋ　ㄓㄨㄥˋ,,,,,非主條成語
2170,德尊望重,ㄉㄜˊ　ㄗㄨㄣ　ㄨㄤˋ　ㄓㄨㄥˋ,,,,,非主條成語
2171,牛之一毛,ㄋㄧㄡˊ　ㄓ　ㄧ　ㄇㄠˊ　（變）　ㄋㄧㄡˊ　ㄓ　ㄧˋ　ㄇㄠˊ,,,,,非主條成語
2172,徒有其表,ㄊㄨˊ　ㄧㄡˇ　ㄑㄧˊ　ㄅㄧㄠˇ,,,,,非主條成語
2173,失魂喪魄,ㄕ　ㄏㄨㄣˊ　ㄙㄤˋ　ㄆㄛˋ,,,,,非主條成語
2174,伸眉吐氣,ㄕㄣ　ㄇㄟˊ　ㄊㄨˇ　ㄑㄧˋ,,,,,非主條成語
2175,生民塗炭,ㄕㄥ　ㄇㄧㄣˊ　ㄊㄨˊ　ㄊㄢˋ,,,,,非主條成語
2176,緘口如瓶,ㄐㄧㄢ　ㄎㄡˇ　ㄖㄨˊ　ㄆㄧㄥˊ,,,,,非主條成語
2177,自救不暇,ㄗˋ　ㄐㄧㄡˋ　ㄅㄨˋ　ㄒㄧㄚˊ,,,,,非主條成語
2178,得手應心,ㄉㄜˊ　ㄕㄡˇ　ㄧㄥˋ　ㄒㄧㄣ,,,,,非主條成語
2179,得不補失,ㄉㄜˊ　ㄅㄨˋ　ㄅㄨˇ　ㄕ,,,,,非主條成語
2180,得不酬失,ㄉㄜˊ　ㄅㄨˋ　ㄔㄡˊ　ㄕ,,,,,非主條成語
2181,利韁名鎖,ㄌㄧˋ　ㄐㄧㄤ　ㄇㄧㄥˊ　ㄙㄨㄛˇ,,,,,非主條成語
2182,自出心裁,ㄗˋ　ㄔㄨ　ㄒㄧㄣ　ㄘㄞˊ,,,,,非主條成語
2183,自負不凡,ㄗˋ　ㄈㄨˋ　ㄅㄨˋ　ㄈㄢˊ,,,,,非主條成語
2184,經綸滿腹,ㄐㄧㄥ　ㄌㄨㄣˊ　ㄇㄢˇ　ㄈㄨˋ,,,,,非主條成語
2185,利鎖名韁,ㄌㄧˋ　ㄙㄨㄛˇ　ㄇㄧㄥˊ　ㄐㄧㄤ,,,,,非主條成語
2186,物極則衰,ㄨˋ　ㄐㄧˊ　ㄗㄜˊ　ㄕㄨㄞ,,,,,非主條成語
2187,殷天動地,ㄧㄣ　ㄊㄧㄢ　ㄉㄨㄥˋ　ㄉㄧˋ,,,,,非主條成語
2188,飲流懷源,ㄧㄣˇ　ㄌㄧㄡˊ　ㄏㄨㄞˊ　ㄩㄢˊ,,,,,非主條成語
2189,臨噎掘井,ㄌㄧㄣˊ　ㄧㄝ　ㄐㄩㄝˊ　ㄐㄧㄥˇ,,,,,非主條成語
2190,身敗名隳,ㄕㄣ　ㄅㄞˋ　ㄇㄧㄥˊ　ㄏㄨㄟ,,,,,非主條成語
2191,假虎張威,ㄐㄧㄚˇ　ㄏㄨˇ　ㄓㄤ　ㄨㄟ,,,,,非主條成語
2192,危於累卵,ㄨㄟˊ　ㄩˊ　ㄌㄟˇ　ㄌㄨㄢˇ,,,,,非主條成語
2193,身無完膚,ㄕㄣ　ㄨˊ　ㄨㄢˊ　ㄈㄨ,,,,,非主條成語
2194,移天徙日,ㄧˊ　ㄊㄧㄢ　ㄒㄧˇ　ㄖˋ,,,,,非主條成語
2195,飲氣吞聲,ㄧㄣˇ　ㄑㄧˋ　ㄊㄨㄣ　ㄕㄥ,,,,,非主條成語
2196,怨聲滿道,ㄩㄢˋ　ㄕㄥ　ㄇㄢˇ　ㄉㄠˋ,,,,,非主條成語
2197,魄散魂飛,ㄆㄛˋ　ㄙㄢˋ　ㄏㄨㄣˊ　ㄈㄟ,,,,,非主條成語
2198,以夜繼日,ㄧˇ　ㄧㄝˋ　ㄐㄧˋ　ㄖˋ,,,,,非主條成語
2199,窮兵極武,ㄑㄩㄥˊ　ㄅㄧㄥ　ㄐㄧˊ　ㄨˇ,,,,,非主條成語
2200,魚游沸鼎,ㄩˊ　ㄧㄡˊ　ㄈㄟˋ　ㄉㄧㄥˇ,,,,,非主條成語
2201,遮人耳目,ㄓㄜ　ㄖㄣˊ　ㄦˇ　ㄇㄨˋ,,,,,非主條成語
2202,以日繼夜,ㄧˇ　ㄖˋ　ㄐㄧˋ　ㄧㄝˋ,,,,,非主條成語
2203,空腹便便,ㄎㄨㄥ　ㄈㄨˋ　ㄆㄧㄢˊ　ㄆㄧㄢˊ,,,,,非主條成語
2204,以膠投漆,ㄧˇ　ㄐㄧㄠ　ㄊㄡˊ　ㄑㄧ,,,,,非主條成語
2205,秋毫不犯,ㄑㄧㄡ　ㄏㄠˊ　ㄅㄨˋ　ㄈㄢˋ　（變）　ㄑㄧㄡ　ㄏㄠˊ　ㄅㄨˊ　ㄈㄢˋ,,,,,非主條成語
2206,塞耳偷鈴,ㄙㄜˋ　ㄦˇ　ㄊㄡ　ㄌㄧㄥˊ,,,,,非主條成語
2207,寡見鮮聞,ㄍㄨㄚˇ　ㄐㄧㄢˋ　ㄒㄧㄢˇ　ㄨㄣˊ,,,,,非主條成語
2208,飾非文過,ㄕˋ　ㄈㄟ　ㄨㄣˋ　ㄍㄨㄛˋ,,,,,非主條成語
2209,戶對門當,ㄏㄨˋ　ㄉㄨㄟˋ　ㄇㄣˊ　ㄉㄤ,,,,,非主條成語
2210,修文偃武,ㄒㄧㄡ　ㄨㄣˊ　ㄧㄢˇ　ㄨˇ,,,,,非主條成語
2211,繼晷焚膏,ㄐㄧˋ　ㄍㄨㄟˇ　ㄈㄣˊ　ㄍㄠ,,,,,非主條成語
2212,洗心革意,ㄒㄧˇ　ㄒㄧㄣ　ㄍㄜˊ　ㄧˋ,,,,,非主條成語
2213,心花怒發,ㄒㄧㄣ　ㄏㄨㄚ　ㄋㄨˋ　ㄈㄚ,,,,,非主條成語
2214,心花怒開,ㄒㄧㄣ　ㄏㄨㄚ　ㄋㄨˋ　ㄎㄞ,,,,,非主條成語
2215,心直嘴快,ㄒㄧㄣ　ㄓˊ　ㄗㄨㄟˇ　ㄎㄨㄞˋ,,,,,非主條成語
2216,心驚膽落,ㄒㄧㄣ　ㄐㄧㄥ　ㄉㄢˇ　ㄌㄨㄛˋ,,,,,非主條成語
2217,心驚肉戰,ㄒㄧㄣ　ㄐㄧㄥ　ㄖㄡˋ　ㄓㄢˋ,,,,,非主條成語
2218,還珠合浦,ㄏㄨㄢˊ　ㄓㄨ　ㄏㄜˊ　ㄆㄨˇ,,,,,非主條成語
2219,心驚膽懾,ㄒㄧㄣ　ㄐㄧㄥ　ㄉㄢˇ　ㄓㄜˊ,,,,,非主條成語
2220,逐浪隨波,ㄓㄨˊ　ㄌㄤˋ　ㄙㄨㄟˊ　ㄅㄛ,,,,,非主條成語
2221,賓朋滿座,ㄅㄧㄣ　ㄆㄥˊ　ㄇㄢˇ　ㄗㄨㄛˋ,,,,,非主條成語
2222,為蛇畫足,ㄨㄟˋ　ㄕㄜˊ　ㄏㄨㄚˋ　ㄗㄨˊ,,,,,非主條成語
2223,名不虛立,ㄇㄧㄥˊ　ㄅㄨˋ　ㄒㄩ　ㄌㄧˋ,,,,,非主條成語
2224,心如刀絞,ㄒㄧㄣ　ㄖㄨˊ　ㄉㄠ　ㄐㄧㄠˇ,,,,,非主條成語
2225,心滿願足,ㄒㄧㄣ　ㄇㄢˇ　ㄩㄢˋ　ㄗㄨˊ,,,,,非主條成語
2226,澄源正本,ㄔㄥˊ　ㄩㄢˊ　ㄓㄥˋ　ㄅㄣˇ,,,,,非主條成語
2227,洗耳拱聽,ㄒㄧˇ　ㄦˇ　ㄍㄨㄥˇ　ㄊㄧㄥ,,,,,非主條成語
2228,心平氣定,ㄒㄧㄣ　ㄆㄧㄥˊ　ㄑㄧˋ　ㄉㄧㄥˋ,,,,,非主條成語
2229,潑水難收,ㄆㄛ　ㄕㄨㄟˇ　ㄋㄢˊ　ㄕㄡ,,,,,非主條成語
2230,瀝膽墮肝,ㄌㄧˋ　ㄉㄢˇ　ㄉㄨㄛˋ　ㄍㄢ,,,,,非主條成語
2231,負義忘恩,ㄈㄨˋ　ㄧˋ　ㄨㄤˋ　ㄣ,,,,,非主條成語
2232,清風亮節,ㄑㄧㄥ　ㄈㄥ　ㄌㄧㄤˋ　ㄐㄧㄝˊ,,,,,非主條成語
2233,滔滔不斷,ㄊㄠ　ㄊㄠ　ㄅㄨˋ　ㄉㄨㄢˋ　（變）　ㄊㄠ　ㄊㄠ　ㄅㄨˊ　ㄉㄨㄢˋ,,,,,非主條成語
2234,飲水知源,ㄧㄣˇ　ㄕㄨㄟˇ　ㄓ　ㄩㄢˊ,,,,,非主條成語
2235,漫不經意,ㄇㄢˋ　ㄅㄨˋ　ㄐㄧㄥ　ㄧˋ,,,,,非主條成語
2236,潛移暗化,ㄑㄧㄢˊ　ㄧˊ　ㄢˋ　ㄏㄨㄚˋ,,,,,非主條成語
2237,達權通變,ㄉㄚˊ　ㄑㄩㄢˊ　ㄊㄨㄥ　ㄅㄧㄢˋ,,,,,非主條成語
2238,道合志同,ㄉㄠˋ　ㄏㄜˊ　ㄓˋ　ㄊㄨㄥˊ,,,,,非主條成語
2239,道遠任重,ㄉㄠˋ　ㄩㄢˇ　ㄖㄣˋ　ㄓㄨㄥˋ,,,,,非主條成語
2240,連篇累幅,ㄌㄧㄢˊ　ㄆㄧㄢ　ㄌㄟˇ　ㄈㄨˊ,,,,,非主條成語
2241,神出鬼入,ㄕㄣˊ　ㄔㄨ　ㄍㄨㄟˇ　ㄖㄨˋ,,,,,非主條成語
2242,連天烽火,ㄌㄧㄢˊ　ㄊㄧㄢ　ㄈㄥ　ㄏㄨㄛˇ,,,,,非主條成語
2243,過隙白駒,ㄍㄨㄛˋ　ㄒㄧˋ　ㄅㄞˊ　ㄐㄩ,,,,,非主條成語
2244,門可張羅,ㄇㄣˊ　ㄎㄜˇ　ㄓㄤ　ㄌㄨㄛˊ,,,,,非主條成語
2245,迷離撲朔,ㄇㄧˊ　ㄌㄧˊ　ㄆㄨ　ㄕㄨㄛˋ,,,,,非主條成語
2246,恣心所欲,ㄗˋ　ㄒㄧㄣ　ㄙㄨㄛˇ　ㄩˋ,,,,,非主條成語
2247,禍結兵連,ㄏㄨㄛˋ　ㄐㄧㄝˊ　ㄅㄧㄥ　ㄌㄧㄢˊ,,,,,非主條成語
2248,道同志合,ㄉㄠˋ　ㄊㄨㄥˊ　ㄓˋ　ㄏㄜˊ,,,,,非主條成語
2249,闊論高談,ㄎㄨㄛˋ　ㄌㄨㄣˋ　ㄍㄠ　ㄊㄢˊ,,,,,非主條成語
2250,視死若歸,ㄕˋ　ㄙˇ　ㄖㄨㄛˋ　ㄍㄨㄟ,,,,,非主條成語
2251,奮武揚威,ㄈㄣˋ　ㄨˇ　ㄧㄤˊ　ㄨㄟ,,,,,非主條成語
2252,沽名干譽,ㄍㄨ　ㄇㄧㄥˊ　ㄍㄢ　ㄩˋ,,,,,非主條成語
2253,肉跳心驚,ㄖㄡˋ　ㄊㄧㄠˋ　ㄒㄧㄣ　ㄐㄧㄥ,,,,,非主條成語
2254,奮不顧生,ㄈㄣˋ　ㄅㄨˋ　ㄍㄨˋ　ㄕㄥ　（變）　ㄈㄣˋ　ㄅㄨˊ　ㄍㄨˋ　ㄕㄥ,,,,,非主條成語
2255,洗心革志,ㄒㄧˇ　ㄒㄧㄣ　ㄍㄜˊ　ㄓˋ,,,,,非主條成語
2256,喜地歡天,ㄒㄧˇ　ㄉㄧˋ　ㄏㄨㄢ　ㄊㄧㄢ,,,,,非主條成語
2257,牽合附會,ㄑㄧㄢ　ㄏㄜˊ　ㄈㄨˋ　ㄏㄨㄟˋ,,,,,非主條成語
2258,諱惡不悛,ㄏㄨㄟˋ　ㄜˋ　ㄅㄨˋ　ㄑㄩㄢ,,,,,非主條成語
2259,力不從願,ㄌㄧˋ　ㄅㄨˋ　ㄘㄨㄥˊ　ㄩㄢˋ,,,,,非主條成語
2260,聲吞氣忍,ㄕㄥ　ㄊㄨㄣ　ㄑㄧˋ　ㄖㄣˇ,,,,,非主條成語
2261,造極登峰,ㄗㄠˋ　ㄐㄧˊ　ㄉㄥ　ㄈㄥ,,,,,非主條成語
2262,有目共見,ㄧㄡˇ　ㄇㄨˋ　ㄍㄨㄥˋ　ㄐㄧㄢˋ,,,,,非主條成語
2263,神機妙策,ㄕㄣˊ　ㄐㄧ　ㄇㄧㄠˋ　ㄘㄜˋ,,,,,非主條成語
2264,七嘴八張,ㄑㄧ　ㄗㄨㄟˇ　ㄅㄚ　ㄓㄤ,,,,,非主條成語
2265,深根固蒂,ㄕㄣ　ㄍㄣ　ㄍㄨˋ　ㄉㄧˋ,,,,,非主條成語
2266,博古知今,ㄅㄛˊ　ㄍㄨˇ　ㄓ　ㄐㄧㄣ,,,,,非主條成語
2267,去邪歸正,ㄑㄩˋ　ㄒㄧㄝˊ　ㄍㄨㄟ　ㄓㄥˋ,,,,,非主條成語
2268,桃花人面,ㄊㄠˊ　ㄏㄨㄚ　ㄖㄣˊ　ㄇㄧㄢˋ,,,,,非主條成語
2269,彬彬文質,ㄅㄧㄣ　ㄅㄧㄣ　ㄨㄣˊ　ㄓˊ,,,,,非主條成語
2270,喪天害理,ㄙㄤˋ　ㄊㄧㄢ　ㄏㄞˋ　ㄌㄧˇ,,,,,非主條成語
2271,殺身成義,ㄕㄚ　ㄕㄣ　ㄔㄥˊ　ㄧˋ,,,,,非主條成語
2272,冷言熱語,ㄌㄥˇ　ㄧㄢˊ　ㄖㄜˋ　ㄩˇ,,,,,非主條成語
2273,走骨行屍,ㄗㄡˇ　ㄍㄨˇ　ㄒㄧㄥˊ　ㄕ,,,,,非主條成語
2274,東海撈針,ㄉㄨㄥ　ㄏㄞˇ　ㄌㄠ　ㄓㄣ,,,,,非主條成語
2275,去如黃鶴,ㄑㄩˋ　ㄖㄨˊ　ㄏㄨㄤˊ　ㄏㄜˋ,,,,,非主條成語
2276,志同氣合,ㄓˋ　ㄊㄨㄥˊ　ㄑㄧˋ　ㄏㄜˊ,,,,,非主條成語
2277,長惡不悛,ㄓㄤˇ　ㄜˋ　ㄅㄨˋ　ㄑㄩㄢ,,,,,非主條成語
2278,斬鋼截鐵,ㄓㄢˇ　ㄍㄤ　ㄐㄧㄝˊ　ㄊㄧㄝˇ,,,,,非主條成語
2279,狐藉虎威,ㄏㄨˊ　ㄐㄧㄝˋ　ㄏㄨˇ　ㄨㄟ,,,,,非主條成語
2280,走筆成章,ㄗㄡˇ　ㄅㄧˇ　ㄔㄥˊ　ㄓㄤ,,,,,非主條成語
2281,殺人如草,ㄕㄚ　ㄖㄣˊ　ㄖㄨˊ　ㄘㄠˇ,,,,,非主條成語
2282,狐兔之悲,ㄏㄨˊ　ㄊㄨˋ　ㄓ　ㄅㄟ,,,,,非主條成語
2283,杯水輿薪,ㄅㄟ　ㄕㄨㄟˇ　ㄩˊ　ㄒㄧㄣ,,,,,非主條成語
2284,枉費心力,ㄨㄤˇ　ㄈㄟˋ　ㄒㄧㄣ　ㄌㄧˋ,,,,,非主條成語
2285,赴死如歸,ㄈㄨˋ　ㄙˇ　ㄖㄨˊ　ㄍㄨㄟ,,,,,非主條成語
2286,花攢錦簇,ㄏㄨㄚ　ㄘㄨㄢˊ　ㄐㄧㄣˇ　ㄘㄨˋ,,,,,非主條成語
2287,若出一轍,ㄖㄨㄛˋ　ㄔㄨ　ㄧ　ㄔㄜˋ　（變）　ㄖㄨㄛˋ　ㄔㄨ　ㄧˊ　ㄔㄜˋ,,,,,非主條成語
2288,苦盡甜來,ㄎㄨˇ　ㄐㄧㄣˋ　ㄊㄧㄢˊ　ㄌㄞˊ,,,,,非主條成語
2289,若釋重負,ㄖㄨㄛˋ　ㄕˋ　ㄓㄨㄥˋ　ㄈㄨˋ,,,,,非主條成語
2290,暮四朝三,ㄇㄨˋ　ㄙˋ　ㄓㄠ　ㄙㄢ,,,,,非主條成語
2291,赴蹈湯火,ㄈㄨˋ　ㄉㄠˋ　ㄊㄤ　ㄏㄨㄛˇ,,,,,非主條成語
2292,帶水拖泥,ㄉㄞˋ　ㄕㄨㄟˇ　ㄊㄨㄛ　ㄋㄧˊ,,,,,非主條成語
2293,求道於盲,ㄑㄧㄡˊ　ㄉㄠˋ　ㄩˊ　ㄇㄤˊ,,,,,非主條成語
2294,求魚緣木,ㄑㄧㄡˊ　ㄩˊ　ㄩㄢˊ　ㄇㄨˋ,,,,,非主條成語
2295,落雁沉魚,ㄌㄨㄛˋ　ㄧㄢˋ　ㄔㄣˊ　ㄩˊ,,,,,非主條成語
2296,茅廬三顧,ㄇㄠˊ　ㄌㄨˊ　ㄙㄢ　ㄍㄨˋ,,,,,非主條成語
2297,攀鱗附翼,ㄆㄢ　ㄌㄧㄣˊ　ㄈㄨˋ　ㄧˋ,,,,,非主條成語
2298,境過情遷,ㄐㄧㄥˋ　ㄍㄨㄛˋ　ㄑㄧㄥˊ　ㄑㄧㄢ,,,,,非主條成語
2299,花明柳暗,ㄏㄨㄚ　ㄇㄧㄥˊ　ㄌㄧㄡˇ　ㄢˋ,,,,,非主條成語
2300,力不副心,ㄌㄧˋ　ㄅㄨˋ　ㄈㄨˋ　ㄒㄧㄣ　（變）　ㄌㄧˋ　ㄅㄨˊ　ㄈㄨˋ　ㄒㄧㄣ,,,,,非主條成語
2301,鶴唳風聲,ㄏㄜˋ　ㄌㄧˋ　ㄈㄥ　ㄕㄥ,,,,,非主條成語
2302,狗肺狼心,ㄍㄡˇ　ㄈㄟˋ　ㄌㄤˊ　ㄒㄧㄣ,,,,,非主條成語
2303,棋布星羅,ㄑㄧˊ　ㄅㄨˋ　ㄒㄧㄥ　ㄌㄨㄛˊ,,,,,非主條成語
2304,力均勢敵,ㄌㄧˋ　ㄐㄩㄣ　ㄕˋ　ㄉㄧˊ,,,,,非主條成語
2305,如虎傅翼,ㄖㄨˊ　ㄏㄨˇ　ㄈㄨˋ　ㄧˋ,,,,,非主條成語
2306,奇想天開,ㄑㄧˊ　ㄒㄧㄤˇ　ㄊㄧㄢ　ㄎㄞ,,,,,非主條成語
2307,相待如賓,ㄒㄧㄤ　ㄉㄞˋ　ㄖㄨˊ　ㄅㄧㄣ,,,,,非主條成語
2308,相逢狹路,ㄒㄧㄤ　ㄈㄥˊ　ㄒㄧㄚˊ　ㄌㄨˋ,,,,,非主條成語
2309,莫展一籌,ㄇㄛˋ　ㄓㄢˇ　ㄧ　ㄔㄡˊ　（變）　ㄇㄛˋ　ㄓㄢˇ　ㄧˋ　ㄔㄡˊ,,,,,非主條成語
2310,推誠布公,ㄊㄨㄟ　ㄔㄥˊ　ㄅㄨˋ　ㄍㄨㄥ,,,,,非主條成語
2311,超前絕後,ㄔㄠ　ㄑㄧㄢˊ　ㄐㄩㄝˊ　ㄏㄡˋ,,,,,非主條成語
2312,切齒咬牙,ㄑㄧㄝˋ　ㄔˇ　ㄧㄠˇ　ㄧㄚˊ,,,,,非主條成語
2313,拉朽摧枯,ㄌㄚ　ㄒㄧㄡˇ　ㄘㄨㄟ　ㄎㄨ,,,,,非主條成語
2314,杞人之憂,ㄑㄧˇ　ㄖㄣˊ　ㄓ　ㄧㄡ,,,,,非主條成語
2315,趨權附勢,ㄑㄩ　ㄑㄩㄢˊ　ㄈㄨˋ　ㄕˋ,,,,,非主條成語
2316,擊鍾鼎食,ㄐㄧˊ　ㄓㄨㄥ　ㄉㄧㄥˇ　ㄕˊ,,,,,非主條成語
2317,朝鐘暮鼓,ㄓㄠ　ㄓㄨㄥ　ㄇㄨˋ　ㄍㄨˇ,,,,,非主條成語
2318,井井有理,ㄐㄧㄥˇ　ㄐㄧㄥˇ　ㄧㄡˇ　ㄌㄧˇ,,,,,非主條成語
2319,束手無計,ㄕㄨˋ　ㄕㄡˇ　ㄨˊ　ㄐㄧˋ,,,,,非主條成語
2320,拔萃出類,ㄅㄚˊ　ㄘㄨㄟˋ　ㄔㄨ　ㄌㄟˋ,,,,,非主條成語
2321,泰來否極,ㄊㄞˋ　ㄌㄞˊ　ㄆㄧˇ　ㄐㄧˊ,,,,,非主條成語
2322,援筆成章,ㄩㄢˊ　ㄅㄧˇ　ㄔㄥˊ　ㄓㄤ,,,,,非主條成語
2323,末大不掉,ㄇㄛˋ　ㄉㄚˋ　ㄅㄨˋ　ㄉㄧㄠˋ　（變）　ㄇㄛˋ　ㄉㄚˋ　ㄅㄨˊ　ㄉㄧㄠˋ,,,,,非主條成語
2324,按圖索駿,ㄢˋ　ㄊㄨˊ　ㄙㄨㄛˇ　ㄐㄩㄣˋ,,,,,非主條成語
2325,趨炎奉勢,ㄑㄩ　ㄧㄢˊ　ㄈㄥˋ　ㄕˋ,,,,,非主條成語
2326,好事多妨,ㄏㄠˇ　ㄕˋ　ㄉㄨㄛ　ㄈㄤˊ,,,,,非主條成語
2327,誓海盟山,ㄕˋ　ㄏㄞˇ　ㄇㄥˊ　ㄕㄢ,,,,,非主條成語
2328,捧頭鼠竄,ㄆㄥˇ　ㄊㄡˊ　ㄕㄨˇ　ㄘㄨㄢˋ,,,,,非主條成語
2329,莫知所措,ㄇㄛˋ　ㄓ　ㄙㄨㄛˇ　ㄘㄨㄛˋ,,,,,非主條成語
2330,握風捕影,ㄨㄛˋ　ㄈㄥ　ㄅㄨˇ　ㄧㄥˇ,,,,,非主條成語
2331,投鼠之忌,ㄊㄡˊ　ㄕㄨˇ　ㄓ　ㄐㄧˋ,,,,,非主條成語
2332,勢不並立,ㄕˋ　ㄅㄨˋ　ㄅㄧㄥˋ　ㄌㄧˋ　（變）　ㄕˋ　ㄅㄨˊ　ㄅㄧㄥˋ　ㄌㄧˋ,,,,,非主條成語
2333,揚鑣分路,ㄧㄤˊ　ㄅㄧㄠ　ㄈㄣ　ㄌㄨˋ,,,,,非主條成語
2334,勢不兩存,ㄕˋ　ㄅㄨˋ　ㄌㄧㄤˇ　ㄘㄨㄣˊ,,,,,非主條成語
2335,捉班做勢,ㄓㄨㄛ　ㄅㄢ　ㄗㄨㄛˋ　ㄕˋ,,,,,非主條成語
2336,擲鼠忌器,ㄓˊ　ㄕㄨˇ　ㄐㄧˋ　ㄑㄧˋ,,,,,非主條成語
2337,換日偷天,ㄏㄨㄢˋ　ㄖˋ　ㄊㄡ　ㄊㄧㄢ,,,,,非主條成語
2338,盛氣臨人,ㄕㄥˋ　ㄑㄧˋ　ㄌㄧㄣˊ　ㄖㄣˊ,,,,,非主條成語
2339,日新月盛,ㄖˋ　ㄒㄧㄣ　ㄩㄝˋ　ㄕㄥˋ,,,,,非主條成語
2340,蹈矩循規,ㄉㄠˋ　ㄐㄩˇ　ㄒㄩㄣˊ　ㄍㄨㄟ,,,,,非主條成語
2341,另開生面,ㄌㄧㄥˋ　ㄎㄞ　ㄕㄥ　ㄇㄧㄢˋ,,,,,非主條成語
2342,未知所措,ㄨㄟˋ　ㄓ　ㄙㄨㄛˇ　ㄘㄨㄛˋ,,,,,非主條成語
2343,足高氣揚,ㄗㄨˊ　ㄍㄠ　ㄑㄧˋ　ㄧㄤˊ,,,,,非主條成語
2344,另眼相待,ㄌㄧㄥˋ　ㄧㄢˇ　ㄒㄧㄤ　ㄉㄞˋ,,,,,非主條成語
2345,蹈湯赴火,ㄉㄠˋ　ㄊㄤ　ㄈㄨˋ　ㄏㄨㄛˇ,,,,,非主條成語
2346,聽天任命,ㄊㄧㄥˋ　ㄊㄧㄢ　ㄖㄣˋ　ㄇㄧㄥˋ,,,,,非主條成語
2347,目牛無全,ㄇㄨˋ　ㄋㄧㄡˊ　ㄨˊ　ㄑㄩㄢˊ,,,,,非主條成語
2348,目空四海,ㄇㄨˋ　ㄎㄨㄥ　ㄙˋ　ㄏㄞˇ,,,,,非主條成語
2349,足食豐衣,ㄗㄨˊ　ㄕˊ　ㄈㄥ　ㄧ,,,,,非主條成語
2350,星羅雲布,ㄒㄧㄥ　ㄌㄨㄛˊ　ㄩㄣˊ　ㄅㄨˋ,,,,,非主條成語
2351,易俗移風,ㄧˋ　ㄙㄨˊ　ㄧˊ　ㄈㄥ,,,,,非主條成語
2352,目睜口呆,ㄇㄨˋ　ㄓㄥ　ㄎㄡˇ　ㄉㄞ,,,,,非主條成語
2353,星移物換,ㄒㄧㄥ　ㄧˊ　ㄨˋ　ㄏㄨㄢˋ,,,,,非主條成語
2354,易如翻掌,ㄧˋ　ㄖㄨˊ　ㄈㄢ　ㄓㄤˇ,,,,,非主條成語
2355,目空一世,ㄇㄨˋ　ㄎㄨㄥ　ㄧ　ㄕˋ　（變）　ㄇㄨˋ　ㄎㄨㄥ　ㄧˊ　ㄕˋ,,,,,非主條成語
2356,唾手可取,ㄊㄨㄛˋ　ㄕㄡˇ　ㄎㄜˇ　ㄑㄩˇ,,,,,非主條成語
2357,回生起死,ㄏㄨㄟˊ　ㄕㄥ　ㄑㄧˇ　ㄙˇ,,,,,非主條成語
2358,跋扈飛揚,ㄅㄚˊ　ㄏㄨˋ　ㄈㄟ　ㄧㄤˊ,,,,,非主條成語
2359,顧後瞻前,ㄍㄨˋ　ㄏㄡˋ　ㄓㄢ　ㄑㄧㄢˊ,,,,,非主條成語
2360,薪桂米珠,ㄒㄧㄣ　ㄍㄨㄟˋ　ㄇㄧˇ　ㄓㄨ,,,,,非主條成語
2361,噬臍無及,ㄕˋ　ㄑㄧˊ　ㄨˊ　ㄐㄧˊ,,,,,非主條成語
2362,膠柱調瑟,ㄐㄧㄠ　ㄓㄨˋ　ㄊㄧㄠˊ　ㄙㄜˋ,,,,,非主條成語
2363,換骨脫胎,ㄏㄨㄢˋ　ㄍㄨˇ　ㄊㄨㄛ　ㄊㄞ,,,,,非主條成語
2364,明珠入掌,ㄇㄧㄥˊ　ㄓㄨ　ㄖㄨˋ　ㄓㄤˇ,,,,,非主條成語
2365,吹毛求瑕,ㄔㄨㄟ　ㄇㄠˊ　ㄑㄧㄡˊ　ㄒㄧㄚˊ,,,,,非主條成語
2366,璧合珠連,ㄅㄧˋ　ㄏㄜˊ　ㄓㄨ　ㄌㄧㄢˊ,,,,,非主條成語
2367,嘯吒風雲,ㄒㄧㄠˋ　ㄓㄚˋ　ㄈㄥ　ㄩㄣˊ,,,,,非主條成語
2368,口似懸河,ㄎㄡˇ　ㄙˋ　ㄒㄩㄢˊ　ㄏㄜˊ,,,,,非主條成語
2369,黷武窮兵,ㄉㄨˊ　ㄨˇ　ㄑㄩㄥˊ　ㄅㄧㄥ,,,,,非主條成語
2370,剛褊自用,ㄍㄤ　ㄅㄧㄢˇ　ㄗˋ　ㄩㄥˋ,,,,,非主條成語
2371,整襟危坐,ㄓㄥˇ　ㄐㄧㄣ　ㄨㄟˊ　ㄗㄨㄛˋ,,,,,非主條成語
2372,隳肝瀝膽,ㄏㄨㄟ　ㄍㄢ　ㄌㄧˋ　ㄉㄢˇ,,,,,非主條成語
2373,陸離光怪,ㄌㄨˋ　ㄌㄧˊ　ㄍㄨㄤ　ㄍㄨㄞˋ,,,,,非主條成語
2374,見慣司空,ㄐㄧㄢˋ　ㄍㄨㄢˋ　ㄙ　ㄎㄨㄥ,,,,,非主條成語
2375,隨波漂流,ㄙㄨㄟˊ　ㄅㄛ　ㄆㄧㄠ　ㄌㄧㄡˊ,,,,,非主條成語
2376,風馬不接,ㄈㄥ　ㄇㄚˇ　ㄅㄨˋ　ㄐㄧㄝ,,,,,非主條成語
2377,鳳舞龍飛,ㄈㄥˋ　ㄨˇ　ㄌㄨㄥˊ　ㄈㄟ,,,,,非主條成語
2378,夙夜不懈,ㄙㄨˋ　ㄧㄝˋ　ㄅㄨˋ　ㄒㄧㄝˋ　（變）　ㄙㄨˋ　ㄧㄝˋ　ㄅㄨˊ　ㄒㄧㄝˋ,,,,,非主條成語
2379,反掌之易,ㄈㄢˇ　ㄓㄤˇ　ㄓ　ㄧˋ,,,,,非主條成語
2380,風行雷厲,ㄈㄥ　ㄒㄧㄥˊ　ㄌㄟˊ　ㄌㄧˋ,,,,,非主條成語
2381,隨寓而安,ㄙㄨㄟˊ　ㄩˋ　ㄦˊ　ㄢ,,,,,非主條成語
2382,履薄臨深,ㄌㄩˇ　ㄅㄛˊ　ㄌㄧㄣˊ　ㄕㄣ,,,,,非主條成語
2383,氣忍聲吞,ㄑㄧˋ　ㄖㄣˇ　ㄕㄥ　ㄊㄨㄣ,,,,,非主條成語
2384,八兩半斤,ㄅㄚ　ㄌㄧㄤˇ　ㄅㄢˋ　ㄐㄧㄣ,,,,,非主條成語
2385,居安慮危,ㄐㄩ　ㄢ　ㄌㄩˋ　ㄨㄟˊ,,,,,非主條成語
2386,人不聊生,ㄖㄣˊ　ㄅㄨˋ　ㄌㄧㄠˊ　ㄕㄥ,,,,,非主條成語
2387,氣壓山河,ㄑㄧˋ　ㄧㄚ　ㄕㄢ　ㄏㄜˊ,,,,,非主條成語
2388,公正無私,ㄍㄨㄥ　ㄓㄥˋ　ㄨˊ　ㄙ,,,,,非主條成語
2389,懸河注水,ㄒㄩㄢˊ　ㄏㄜˊ　ㄓㄨˋ　ㄕㄨㄟˇ,,,,,非主條成語
2390,首施兩端,ㄕㄡˇ　ㄕ　ㄌㄧㄤˇ　ㄉㄨㄢ,,,,,非主條成語
2391,八門五花,ㄅㄚ　ㄇㄣˊ　ㄨˇ　ㄏㄨㄚ,,,,,非主條成語
2392,脫殼金蟬,ㄊㄨㄛ　ㄎㄜˊ　ㄐㄧㄣ　ㄔㄢˊ,,,,,非主條成語
2393,拿腔作勢,ㄋㄚˊ　ㄑㄧㄤ　ㄗㄨㄛˋ　ㄕˋ,,,,,非主條成語
2394,盡美盡善,ㄐㄧㄣˋ　ㄇㄟˇ　ㄐㄧㄣˋ　ㄕㄢˋ,,,,,非主條成語
2395,眾盲摸象,ㄓㄨㄥˋ　ㄇㄤˊ　ㄇㄛ　ㄒㄧㄤˋ,,,,,非主條成語
2396,貪贓壞法,ㄊㄢ　ㄗㄤ　ㄏㄨㄞˋ　ㄈㄚˇ,,,,,非主條成語
2397,臥旗息鼓,ㄨㄛˋ　ㄑㄧˊ　ㄒㄧˊ　ㄍㄨˇ,,,,,非主條成語
2398,眾望所依,ㄓㄨㄥˋ　ㄨㄤˋ　ㄙㄨㄛˇ　ㄧ,,,,,非主條成語
2399,氣壯河山,ㄑㄧˋ　ㄓㄨㄤˋ　ㄏㄜˊ　ㄕㄢ,,,,,非主條成語
2400,樂而忘歸,ㄌㄜˋ　ㄦˊ　ㄨㄤˋ　ㄍㄨㄟ,,,,,非主條成語
2401,後來之秀,ㄏㄡˋ　ㄌㄞˊ　ㄓ　ㄒㄧㄡˋ,,,,,非主條成語
2402,錯節盤根,ㄘㄨㄛˋ　ㄐㄧㄝˊ　ㄆㄢˊ　ㄍㄣ,,,,,非主條成語
2403,罔知所措,ㄨㄤˇ　ㄓ　ㄙㄨㄛˇ　ㄘㄨㄛˋ,,,,,非主條成語
2404,合浦還珠,ㄏㄜˊ　ㄆㄨˇ　ㄏㄨㄢˊ　ㄓㄨ,,,,,非主條成語
2405,從風而靡,ㄘㄨㄥˊ　ㄈㄥ　ㄦˊ　ㄇㄧˇ,,,,,非主條成語
2406,眾望攸歸,ㄓㄨㄥˋ　ㄨㄤˋ　ㄧㄡ　ㄍㄨㄟ,,,,,非主條成語
2407,當門對戶,ㄉㄤ　ㄇㄣˊ　ㄉㄨㄟˋ　ㄏㄨˋ,,,,,非主條成語
2408,針芥相投,ㄓㄣ　ㄐㄧㄝˋ　ㄒㄧㄤ　ㄊㄡˊ,,,,,非主條成語
2409,鐵心石腸,ㄊㄧㄝˇ　ㄒㄧㄣ　ㄕˊ　ㄔㄤˊ,,,,,非主條成語
2410,鐵馬金戈,ㄊㄧㄝˇ　ㄇㄚˇ　ㄐㄧㄣ　ㄍㄜ,,,,,非主條成語
2411,繁文縟禮,ㄈㄢˊ　ㄨㄣˊ　ㄖㄨˋ　ㄌㄧˇ,,,,,非主條成語
2412,少不經事,ㄕㄠˋ　ㄅㄨˋ　ㄐㄧㄥ　ㄕˋ,,,,,非主條成語
2413,矯枉過直,ㄐㄧㄠˇ　ㄨㄤˇ　ㄍㄨㄛˋ　ㄓˊ,,,,,非主條成語
2414,矯枉過中,ㄐㄧㄠˇ　ㄨㄤˇ　ㄍㄨㄛˋ　ㄓㄨㄥ,,,,,非主條成語
2415,矯邪歸正,ㄐㄧㄠˇ　ㄒㄧㄝˊ　ㄍㄨㄟ　ㄓㄥˋ,,,,,非主條成語
2416,含血噀人,ㄏㄢˊ　ㄒㄧㄝˇ　ㄒㄩㄣˋ　ㄖㄣˊ,,,,,非主條成語
2417,憤氣填膺,ㄈㄣˋ　ㄑㄧˋ　ㄊㄧㄢˊ　ㄧㄥ,,,,,非主條成語
2418,爛額焦頭,ㄌㄢˋ　ㄜˊ　ㄐㄧㄠ　ㄊㄡˊ,,,,,非主條成語
2419,悅近來遠,ㄩㄝˋ　ㄐㄧㄣˋ　ㄌㄞˊ　ㄩㄢˇ,,,,,非主條成語
2420,半路修行,ㄅㄢˋ　ㄌㄨˋ　ㄒㄧㄡ　ㄒㄧㄥˊ,,,,,非主條成語
2421,燒眉之急,ㄕㄠ　ㄇㄟˊ　ㄓ　ㄐㄧˊ,,,,,非主條成語
2422,舍本事末,ㄕㄜˇ　ㄅㄣˇ　ㄕˋ　ㄇㄛˋ,,,,,非主條成語
2423,情不自勝,ㄑㄧㄥˊ　ㄅㄨˋ　ㄗˋ　ㄕㄥ　（變）　ㄑㄧㄥˊ　ㄅㄨˊ　ㄗˋ　ㄕㄥ,,,,,非主條成語
2424,火樹琪花,ㄏㄨㄛˇ　ㄕㄨˋ　ㄑㄧˊ　ㄏㄨㄚ,,,,,非主條成語
2425,炎涼世態,ㄧㄢˊ　ㄌㄧㄤˊ　ㄕˋ　ㄊㄞˋ,,,,,非主條成語
2426,獸心人面,ㄕㄡˋ　ㄒㄧㄣ　ㄖㄣˊ　ㄇㄧㄢˋ,,,,,非主條成語
2427,恂恂善誘,ㄒㄩㄣˊ　ㄒㄩㄣˊ　ㄕㄢˋ　ㄧㄡˋ,,,,,非主條成語
2428,卷旗息鼓,ㄐㄩㄢˇ　ㄑㄧˊ　ㄒㄧˊ　ㄍㄨˇ,,,,,非主條成語
2429,嘗膽臥薪,ㄔㄤˊ　ㄉㄢˇ　ㄨㄛˋ　ㄒㄧㄣ,,,,,非主條成語
2430,情投意洽,ㄑㄧㄥˊ　ㄊㄡˊ　ㄧˋ　ㄑㄧㄚˋ,,,,,非主條成語
2431,兵不厭權,ㄅㄧㄥ　ㄅㄨˋ　ㄧㄢˋ　ㄑㄩㄢˊ　（變）　ㄅㄧㄥ　ㄅㄨˊ　ㄧㄢˋ　ㄑㄩㄢˊ,,,,,非主條成語
2432,釣名欺世,ㄉㄧㄠˋ　ㄇㄧㄥˊ　ㄑㄧ　ㄕˋ,,,,,非主條成語
2433,樂禍幸災,ㄌㄜˋ　ㄏㄨㄛˋ　ㄒㄧㄥˋ　ㄗㄞ,,,,,非主條成語
2434,大逆無道,ㄉㄚˋ　ㄋㄧˋ　ㄨˊ　ㄉㄠˋ,,,,,非主條成語
2435,風馳電逝,ㄈㄥ　ㄔˊ　ㄉㄧㄢˋ　ㄕˋ,,,,,非主條成語
2436,無脛而行,ㄨˊ　ㄐㄧㄥˋ　ㄦˊ　ㄒㄧㄥˊ,,,,,非主條成語
2437,瓦解冰銷,ㄨㄚˇ　ㄐㄧㄝˇ　ㄅㄧㄥ　ㄒㄧㄠ,,,,,非主條成語
2438,秀外惠中,ㄒㄧㄡˋ　ㄨㄞˋ　ㄏㄨㄟˋ　ㄓㄨㄥ,,,,,非主條成語
2439,國色天姿,ㄍㄨㄛˊ　ㄙㄜˋ　ㄊㄧㄢ　ㄗ,,,,,非主條成語
2440,如芒刺背,ㄖㄨˊ　ㄇㄤˊ　ㄘˋ　ㄅㄟˋ,,,,,非主條成語
2441,拔群出類,ㄅㄚˊ　ㄑㄩㄣˊ　ㄔㄨ　ㄌㄟˋ,,,,,非主條成語
2442,衣冠齊楚,ㄧ　ㄍㄨㄢ　ㄐㄧˇ　ㄔㄨˇ,,,,,非主條成語
2443,眾口爍金,ㄓㄨㄥˋ　ㄎㄡˇ　ㄕㄨㄛˋ　ㄐㄧㄣ,,,,,非主條成語
2444,年高德邵,ㄋㄧㄢˊ　ㄍㄠ　ㄉㄜˊ　ㄕㄠˋ,,,,,非主條成語
2445,半籌不納,ㄅㄢˋ　ㄔㄡˊ　ㄅㄨˋ　ㄋㄚˋ　（變）　ㄅㄢˋ　ㄔㄡˊ　ㄅㄨˊ　ㄋㄚˋ,,,,,非主條成語
2446,東風射馬耳,ㄉㄨㄥ　ㄈㄥ　ㄕㄜˋ　ㄇㄚˇ　ㄦˇ,,,,,非主條成語
2447,孤苦零丁,ㄍㄨ　ㄎㄨˇ　ㄌㄧㄥˊ　ㄉㄧㄥ,,,,,非主條成語
2448,魯魚帝虎,ㄌㄨˇ　ㄩˊ　ㄉㄧˋ　ㄏㄨˇ,,,,,非主條成語
2449,錙銖較量,ㄗ　ㄓㄨ　ㄐㄧㄠˋ　ㄌㄧㄤˋ,,,,,非主條成語
2450,德隆望尊,ㄉㄜˊ　ㄌㄨㄥˊ　ㄨㄤˋ　ㄗㄨㄣ,,,,,非主條成語
2451,鞭辟近裡,ㄅㄧㄢ　ㄅㄧˋ　ㄐㄧㄣˋ　ㄌㄧˇ,,,,,非主條成語
2452,見仁見知,ㄐㄧㄢˋ　ㄖㄣˊ　ㄐㄧㄢˋ　ㄓˋ,,,,,非主條成語
2453,胸中無墨,ㄒㄩㄥ　ㄓㄨㄥ　ㄨˊ　ㄇㄛˋ,,,,,非主條成語
2454,弊帚千金,ㄅㄧˋ　ㄓㄡˇ　ㄑㄧㄢ　ㄐㄧㄣ,,,,,非主條成語
2455,沈舟破釜,ㄔㄣˊ　ㄓㄡ　ㄆㄛˋ　ㄈㄨˇ,,,,,非主條成語
2456,露肘捉襟,ㄌㄨˋ　ㄓㄡˇ　ㄓㄨㄛ　ㄐㄧㄣ,,,,,非主條成語
2457,雪月風花,ㄒㄩㄝˇ　ㄩㄝˋ　ㄈㄥ　ㄏㄨㄚ,,,,,非主條成語
2458,一介不苟,ㄧ　ㄐㄧㄝˋ　ㄅㄨˋ　ㄍㄡˇ　（變）　ㄧˊ　ㄐㄧㄝˋ　ㄅㄨˋ　ㄍㄡˇ,,,,,非主條成語
2459,三人市虎,ㄙㄢ　ㄖㄣˊ　ㄕˋ　ㄏㄨˇ,,,,,非主條成語
2460,天空海闊,ㄊㄧㄢ　ㄎㄨㄥ　ㄏㄞˇ　ㄎㄨㄛˋ,,,,,非主條成語
2461,馬龍車水,ㄇㄚˇ　ㄌㄨㄥˊ　ㄔㄜ　ㄕㄨㄟˇ,,,,,非主條成語
2462,弓影杯蛇,ㄍㄨㄥ　ㄧㄥˇ　ㄅㄟ　ㄕㄜˊ,,,,,非主條成語
2463,川流不舍,ㄔㄨㄢ　ㄌㄧㄡˊ　ㄅㄨˋ　ㄕㄜˇ,,,,,非主條成語
2464,緩步當車,ㄏㄨㄢˇ　ㄅㄨˋ　ㄉㄤ　ㄐㄩ,,,,,非主條成語
2465,傳聞不如親見,ㄔㄨㄢˊ　ㄨㄣˊ　ㄅㄨˋ　ㄖㄨˊ　ㄑㄧㄣ　ㄐㄧㄢˋ,,,,,非主條成語
2466,價重連城,ㄐㄧㄚˋ　ㄓㄨㄥˋ　ㄌㄧㄢˊ　ㄔㄥˊ,,,,,非主條成語
2467,汗出沾背,ㄏㄢˋ　ㄔㄨ　ㄓㄢ　ㄅㄟˋ,,,,,非主條成語
2468,決雌雄,ㄐㄩㄝˊ　ㄘ　ㄒㄩㄥˊ,,,,,非主條成語
2469,頭藏尾露,ㄊㄡˊ　ㄘㄤˊ　ㄨㄟˇ　ㄌㄡˋ,,,,,非主條成語
2470,狐死兔悲,ㄏㄨˊ　ㄙˇ　ㄊㄨˋ　ㄅㄟ,,,,,非主條成語
2471,暮楚朝秦,ㄇㄨˋ　ㄔㄨˇ　ㄓㄠ　ㄑㄧㄣˊ,,,,,非主條成語
2472,事與心違,ㄕˋ　ㄩˇ　ㄒㄧㄣ　ㄨㄟˊ,,,,,非主條成語
2473,置身無地,ㄓˋ　ㄕㄣ　ㄨˊ　ㄉㄧˋ,,,,,非主條成語
2474,日異月新,ㄖˋ　ㄧˋ　ㄩㄝˋ　ㄒㄧㄣ,,,,,非主條成語
2475,搜章摘句,ㄙㄡ　ㄓㄤ　ㄓㄞ　ㄐㄩˋ,,,,,非主條成語
2476,報怨以德,ㄅㄠˋ　ㄩㄢˋ　ㄧˇ　ㄉㄜˊ,,,,,非主條成語
2477,提綱振領,ㄊㄧˊ　ㄍㄤ　ㄓㄣˋ　ㄌㄧㄥˇ,,,,,非主條成語
2478,四分五剖,ㄙˋ　ㄈㄣ　ㄨˇ　ㄆㄡˇ,,,,,非主條成語
2479,公平無私,ㄍㄨㄥ　ㄆㄧㄥˊ　ㄨˊ　ㄙ,,,,,非主條成語
2480,小異大同,ㄒㄧㄠˇ　ㄧˋ　ㄉㄚˋ　ㄊㄨㄥˊ,,,,,非主條成語
2481,一顧傾城,ㄧ　ㄍㄨˋ　ㄑㄧㄥ　ㄔㄥˊ　（變）　ㄧˊ　ㄍㄨˋ　ㄑㄧㄥ　ㄔㄥˊ,,,,,非主條成語
2482,口如懸河,ㄎㄡˇ　ㄖㄨˊ　ㄒㄩㄢˊ　ㄏㄜˊ,,,,,非主條成語
2483,三寸之舌,ㄙㄢ　ㄘㄨㄣˋ　ㄓ　ㄕㄜˊ,,,,,非主條成語
2484,手腳無措,ㄕㄡˇ　ㄐㄧㄠˇ　ㄨˊ　ㄘㄨㄛˋ,,,,,非主條成語
2485,目擩耳染,ㄇㄨˋ　ㄖㄨˋ　ㄦˇ　ㄖㄢˇ,,,,,非主條成語
2486,東家效顰,ㄉㄨㄥ　ㄐㄧㄚ　ㄒㄧㄠˋ　ㄆㄧㄣˊ,,,,,非主條成語
2487,樂極悲來,ㄌㄜˋ　ㄐㄧˊ　ㄅㄟ　ㄌㄞˊ,,,,,非主條成語
2488,樂極悲生,ㄌㄜˋ　ㄐㄧˊ　ㄅㄟ　ㄕㄥ,,,,,非主條成語
2489,多多益辦,ㄉㄨㄛ　ㄉㄨㄛ　ㄧˋ　ㄅㄢˋ,,,,,非主條成語
2490,沒法沒天,ㄇㄟˊ　ㄈㄚˇ　ㄇㄟˊ　ㄊㄧㄢ,,,,,非主條成語
2491,良莠不分,ㄌㄧㄤˊ　ㄧㄡˋ　ㄅㄨˋ　ㄈㄣ,,,,,非主條成語
2492,披星帶月,ㄆㄧ　ㄒㄧㄥ　ㄉㄞˋ　ㄩㄝˋ,,,,,非主條成語
2493,拭目以俟,ㄕˋ　ㄇㄨˋ　ㄧˇ　ㄙˋ,,,,,非主條成語
2494,帶月披星,ㄉㄞˋ　ㄩㄝˋ　ㄆㄧ　ㄒㄧㄥ,,,,,非主條成語
2495,繞梁之音,ㄖㄠˋ　ㄌㄧㄤˊ　ㄓ　ㄧㄣ,,,,,非主條成語
2496,咫尺萬里,ㄓˇ　ㄔˇ　ㄨㄢˋ　ㄌㄧˇ,,,,,非主條成語
2497,罷於奔命,ㄆㄧˊ　ㄩˊ　ㄅㄣ　ㄇㄧㄥˋ,,,,,非主條成語
2498,流血漂鹵,ㄌㄧㄡˊ　ㄒㄧㄝˇ　ㄆㄧㄠ　ㄌㄨˇ,,,,,非主條成語
2499,秣馬利兵,ㄇㄛˋ　ㄇㄚˇ　ㄌㄧˋ　ㄅㄧㄥ,,,,,非主條成語
2500,漸至佳境,ㄐㄧㄢˋ　ㄓˋ　ㄐㄧㄚ　ㄐㄧㄥˋ,,,,,非主條成語
2501,藍田出玉,ㄌㄢˊ　ㄊㄧㄢˊ　ㄔㄨ　ㄩˋ,,,,,非主條成語
2502,暴躁如雷,ㄅㄠˋ　ㄗㄠˋ　ㄖㄨˊ　ㄌㄟˊ,,,,,非主條成語
2503,爆燥如雷,ㄅㄠˋ　ㄗㄠˋ　ㄖㄨˊ　ㄌㄟˊ,,,,,非主條成語
2504,七張八嘴,ㄑㄧ　ㄓㄤ　ㄅㄚ　ㄗㄨㄟˇ,,,,,非主條成語
2505,披肝露膽,ㄆㄧ　ㄍㄢ　ㄌㄡˋ　ㄉㄢˇ,,,,,非主條成語
2506,冷言諷語,ㄌㄥˇ　ㄧㄢˊ　ㄈㄥˋ　ㄩˇ,,,,,非主條成語
2507,指鹿道馬,ㄓˇ　ㄌㄨˋ　ㄉㄠˋ　ㄇㄚˇ,,,,,非主條成語
2508,飛黃騰踏,ㄈㄟ　ㄏㄨㄤˊ　ㄊㄥˊ　ㄊㄚˋ,,,,,非主條成語
2509,狽因狼突,ㄅㄟˋ　ㄧㄣ　ㄌㄤˊ　ㄊㄨˊ,,,,,非主條成語
2510,殫精極慮,ㄉㄢ　ㄐㄧㄥ　ㄐㄧˊ　ㄌㄩˋ,,,,,非主條成語
2511,塗不拾遺,ㄊㄨˊ　ㄅㄨˋ　ㄕˊ　ㄧˊ,,,,,非主條成語
2512,戮力壹心,ㄌㄨˋ　ㄌㄧˋ　ㄧ　ㄒㄧㄣ,,,,,非主條成語
2513,方以類聚,ㄈㄤ　ㄧˇ　ㄌㄟˋ　ㄐㄩˋ,,,,,非主條成語
2514,啣環結草,ㄒㄧㄢˊ　ㄏㄨㄢˊ　ㄐㄧㄝˊ　ㄘㄠˇ,,,,,非主條成語
2515,叱?風雲,ㄔˋ　ㄓㄚˋ　ㄈㄥ　ㄩㄣˊ,,,,,非主條成語
2516,腹便便,ㄈㄨˋ　ㄆㄧㄢˊ　ㄆㄧㄢˊ,,,,,非主條成語
2517,打草蛇驚,ㄉㄚˇ　ㄘㄠˇ　ㄕㄜˊ　ㄐㄧㄥ,,,,,非主條成語
2518,絕韋編,ㄐㄩㄝˊ　ㄨㄟˊ　ㄅㄧㄢ,,,,,非主條成語
2519,為法自斃,ㄨㄟˊ　ㄈㄚˇ　ㄗˋ　ㄅㄧˋ,,,,,非主條成語
2520,五行並下,ㄨˇ　ㄏㄤˊ　ㄅㄧㄥˋ　ㄒㄧㄚˋ,,,,,非主條成語
2521,玉石同碎,ㄩˋ　ㄕˊ　ㄊㄨㄥˊ　ㄙㄨㄟˋ,,,,,非主條成語
2522,春花秋實,ㄔㄨㄣ　ㄏㄨㄚ　ㄑㄧㄡ　ㄕˊ,,,,,非主條成語
2523,杯盤狼籍,ㄅㄟ　ㄆㄢˊ　ㄌㄤˊ　ㄐㄧˊ,,,,,非主條成語
2524,廣益集思,ㄍㄨㄤˇ　ㄧˋ　ㄐㄧˊ　ㄙ,,,,,非主條成語
2525,亭亭而立,ㄊㄧㄥˊ　ㄊㄧㄥˊ　ㄦˊ　ㄌㄧˋ,,,,,非主條成語
2526,廣眾之庭,ㄍㄨㄤˇ　ㄓㄨㄥˋ　ㄓ　ㄊㄧㄥˊ,,,,,非主條成語
2527,痛減思痛,ㄊㄨㄥˋ　ㄐㄧㄢˇ　ㄙ　ㄊㄨㄥˋ,,,,,非主條成語
2528,疾入膏肓,ㄐㄧˊ　ㄖㄨˋ　ㄍㄠ　ㄏㄨㄤ,,,,,非主條成語
2529,靡靡之聲,ㄇㄧˇ　ㄇㄧˇ　ㄓ　ㄕㄥ,,,,,非主條成語
2530,靡微不周,ㄇㄧˊ　ㄨㄟˊ　ㄅㄨˋ　ㄓㄡ,,,,,非主條成語
2531,疾聲遽色,ㄐㄧˊ　ㄕㄥ　ㄐㄩˋ　ㄙㄜˋ,,,,,非主條成語
2532,應手從心,ㄧㄥˋ　ㄕㄡˇ　ㄘㄨㄥˊ　ㄒㄧㄣ,,,,,非主條成語
2533,廬山之真,ㄌㄨˊ　ㄕㄢ　ㄓ　ㄓㄣ,,,,,非主條成語
2534,廣大神通,ㄍㄨㄤˇ　ㄉㄚˋ　ㄕㄣˊ　ㄊㄨㄥ,,,,,非主條成語
2535,應風披靡,ㄧㄥˋ　ㄈㄥ　ㄆㄧ　ㄇㄧˇ,,,,,非主條成語
2536,廣思集益,ㄍㄨㄤˇ　ㄙ　ㄐㄧˊ　ㄧˋ,,,,,非主條成語
2537,應答如注,ㄧㄥˋ　ㄉㄚˊ　ㄖㄨˊ　ㄓㄨˋ,,,,,非主條成語
2538,靡靡之響,ㄇㄧˇ　ㄇㄧˇ　ㄓ　ㄒㄧㄤˇ,,,,,非主條成語
2539,亭亭獨立,ㄊㄧㄥˊ　ㄊㄧㄥˊ　ㄉㄨˊ　ㄌㄧˋ,,,,,非主條成語
2540,立馬萬言,ㄌㄧˋ　ㄇㄚˇ　ㄨㄢˋ　ㄧㄢˊ,,,,,非主條成語
2541,方昌未艾,ㄈㄤ　ㄔㄤ　ㄨㄟˋ　ㄞˋ,,,,,非主條成語
2542,病風喪心,ㄅㄧㄥˋ　ㄈㄥ　ㄙㄤˋ　ㄒㄧㄣ,,,,,非主條成語
2543,帝虎魯魚,ㄉㄧˋ　ㄏㄨˇ　ㄌㄨˇ　ㄩˊ,,,,,非主條成語
2544,充棟折軸,ㄔㄨㄥ　ㄉㄨㄥˋ　ㄓㄜˊ　ㄓㄡˊ,,,,,非主條成語
2545,方剛血氣,ㄈㄤ　ㄍㄤ　ㄒㄧㄝˇ　ㄑㄧˋ,,,,,非主條成語
2546,慾令智昏,ㄩˋ　ㄌㄧㄥˋ　ㄓˋ　ㄏㄨㄣ,,,,,非主條成語
2547,亮節高風,ㄌㄧㄤˋ　ㄐㄧㄝˊ　ㄍㄠ　ㄈㄥ,,,,,非主條成語
2548,應病與藥,ㄧㄥˋ　ㄅㄧㄥˋ　ㄩˇ　ㄧㄠˋ,,,,,非主條成語
2549,應變隨機,ㄧㄥˋ　ㄅㄧㄢˋ　ㄙㄨㄟˊ　ㄐㄧ,,,,,非主條成語
2550,高風大節,ㄍㄠ　ㄈㄥ　ㄉㄚˋ　ㄐㄧㄝˊ,,,,,非主條成語
2551,高懸明鏡,ㄍㄠ　ㄒㄩㄢˊ　ㄇㄧㄥˊ　ㄐㄧㄥˋ,,,,,非主條成語
2552,離鄉別井,ㄌㄧˊ　ㄒㄧㄤ　ㄅㄧㄝˊ　ㄐㄧㄥˇ,,,,,非主條成語
2553,廓落晨星,ㄎㄨㄛˋ　ㄌㄨㄛˋ　ㄔㄣˊ　ㄒㄧㄥ,,,,,非主條成語
2554,意回心轉,ㄧˋ　ㄏㄨㄟˊ　ㄒㄧㄣ　ㄓㄨㄢˇ,,,,,非主條成語
2555,意同情合,ㄧˋ　ㄊㄨㄥˊ　ㄑㄧㄥˊ　ㄏㄜˊ,,,,,非主條成語
2556,度外置之,ㄉㄨˋ　ㄨㄞˋ　ㄓˋ　ㄓ,,,,,非主條成語
2557,摩肩繼踵,ㄇㄛˊ　ㄐㄧㄢ　ㄐㄧˋ　ㄓㄨㄥˇ,,,,,非主條成語
2558,方盛未艾,ㄈㄤ　ㄕㄥˋ　ㄨㄟˋ　ㄞˋ,,,,,非主條成語
2559,康莊之衢,ㄎㄤ　ㄓㄨㄤ　ㄓ　ㄑㄩˊ,,,,,非主條成語
2560,康莊大逵,ㄎㄤ　ㄓㄨㄤ　ㄉㄚˋ　ㄎㄨㄟˊ,,,,,非主條成語
2561,文人人殊,ㄨㄣˊ　ㄖㄣˊ　ㄖㄣˊ　ㄕㄨ,,,,,非主條成語
2562,忘年之契,ㄨㄤˋ　ㄋㄧㄢˊ　ㄓ　ㄑㄧˋ,,,,,非主條成語
2563,衣帶一江,ㄧ　ㄉㄞˋ　ㄧ　ㄐㄧㄤ　（變）　ㄧ　ㄉㄞˋ　ㄧˋ　ㄐㄧㄤ,,,,,非主條成語
2564,衣帶水,ㄧ　ㄉㄞˋ　ㄕㄨㄟˇ,,,,,非主條成語
2565,言簡意足,ㄧㄢˊ　ㄐㄧㄢˇ　ㄧˋ　ㄗㄨˊ,,,,,非主條成語
2566,忘形得意,ㄨㄤˋ　ㄒㄧㄥˊ　ㄉㄜˊ　ㄧˋ,,,,,非主條成語
2567,忘筌得魚,ㄨㄤˋ　ㄑㄩㄢˊ　ㄉㄜˊ　ㄩˊ,,,,,非主條成語
2568,齊量等觀,ㄑㄧˊ　ㄌㄧㄤˋ　ㄉㄥˇ　ㄍㄨㄢ,,,,,非主條成語
2569,言笑不苟,ㄧㄢˊ　ㄒㄧㄠˋ　ㄅㄨˋ　ㄍㄡˇ,,,,,非主條成語
2570,康莊之路,ㄎㄤ　ㄓㄨㄤ　ㄓ　ㄌㄨˋ,,,,,非主條成語
2571,忘年交好,ㄨㄤˋ　ㄋㄧㄢˊ　ㄐㄧㄠ　ㄏㄠˇ,,,,,非主條成語
2572,庋之高閣,ㄐㄧˇ　ㄓ　ㄍㄠ　ㄍㄜˊ,,,,,非主條成語
2573,言簡意深,ㄧㄢˊ　ㄐㄧㄢˇ　ㄧˋ　ㄕㄣ,,,,,非主條成語
2574,刻骨銘肌,ㄎㄜˋ　ㄍㄨˇ　ㄇㄧㄥˊ　ㄐㄧ,,,,,非主條成語
2575,交融水乳,ㄐㄧㄠ　ㄖㄨㄥˊ　ㄕㄨㄟˇ　ㄖㄨˇ,,,,,非主條成語
2576,就輕避重,ㄐㄧㄡˋ　ㄑㄧㄥ　ㄅㄧˋ　ㄓㄨㄥˋ,,,,,非主條成語
2577,望之卻步,ㄨㄤˋ　ㄓ　ㄑㄩㄝˋ　ㄅㄨˋ,,,,,非主條成語
2578,言淚俱下,ㄧㄢˊ　ㄌㄟˋ　ㄐㄩˋ　ㄒㄧㄚˋ,,,,,非主條成語
2579,率由舊典,ㄕㄨㄞˋ　ㄧㄡˊ　ㄐㄧㄡˋ　ㄉㄧㄢˇ,,,,,非主條成語
2580,望洋而嘆,ㄨㄤˋ　ㄧㄤˊ　ㄦˊ　ㄊㄢˋ,,,,,非主條成語
2581,望洋之嘆,ㄨㄤˋ　ㄧㄤˊ　ㄓ　ㄊㄢˋ,,,,,非主條成語
2582,言何容易,ㄧㄢˊ　ㄏㄜˊ　ㄖㄨㄥˊ　ㄧˋ,,,,,非主條成語
2583,望眼穿,ㄨㄤˋ　ㄧㄢˇ　ㄔㄨㄢ,,,,,非主條成語
2584,望眼應穿,ㄨㄤˋ　ㄧㄢˇ　ㄧㄥ　ㄔㄨㄢ,,,,,非主條成語
2585,言無倫次,ㄧㄢˊ　ㄨˊ　ㄌㄨㄣˊ　ㄘˋ,,,,,非主條成語
2586,施教因材,ㄕ　ㄐㄧㄠˋ　ㄧㄣ　ㄘㄞˊ,,,,,非主條成語
2587,妄尊自大,ㄨㄤˋ　ㄗㄨㄣ　ㄗˋ　ㄉㄚˋ,,,,,非主條成語
2588,放虎遺患,ㄈㄤˋ　ㄏㄨˇ　ㄧˊ　ㄏㄨㄢˋ,,,,,非主條成語
2589,妄指鹿馬,ㄨㄤˋ　ㄓˇ　ㄌㄨˋ　ㄇㄚˇ,,,,,非主條成語
2590,京師紙貴,ㄐㄧㄥ　ㄕ　ㄓˇ　ㄍㄨㄟˋ,,,,,非主條成語
2591,一齊眾楚,ㄧ　ㄑㄧˊ　ㄓㄨㄥˋ　ㄔㄨˇ　（變）　ㄧˋ　ㄑㄧˊ　ㄓㄨㄥˋ　ㄔㄨˇ,,,,,非主條成語
2592,放達不羈,ㄈㄤˋ　ㄉㄚˊ　ㄅㄨˋ　ㄐㄧ,,,,,非主條成語
2593,棄筆從戎,ㄑㄧˋ　ㄅㄧˇ　ㄘㄨㄥˊ　ㄖㄨㄥˊ,,,,,非主條成語
2594,棄本就末,ㄑㄧˋ　ㄅㄣˇ　ㄐㄧㄡˋ　ㄇㄛˋ,,,,,非主條成語
2595,端本澄源,ㄉㄨㄢ　ㄅㄣˇ　ㄔㄥˊ　ㄩㄢˊ,,,,,非主條成語
2596,敦本正源,ㄉㄨㄣ　ㄅㄣˇ　ㄓㄥˋ　ㄩㄢˊ,,,,,非主條成語
2597,端然無恙,ㄉㄨㄢ　ㄖㄢˊ　ㄨˊ　ㄧㄤˋ,,,,,非主條成語
2598,剖腹藏寶,ㄆㄡˇ　ㄈㄨˋ　ㄘㄤˊ　ㄅㄠˇ,,,,,非主條成語
2599,一毫不苟,ㄧ　ㄏㄠˊ　ㄅㄨˋ　ㄍㄡˇ　（變）　ㄧˋ　ㄏㄠˊ　ㄅㄨˋ　ㄍㄡˇ,,,,,非主條成語
2600,一齊眾咻,ㄧ　ㄑㄧˊ　ㄓㄨㄥˋ　ㄒㄧㄡ　（變）　ㄧˋ　ㄑㄧˊ　ㄓㄨㄥˋ　ㄒㄧㄡ,,,,,非主條成語
2601,妄作胡為,ㄨㄤˋ　ㄗㄨㄛˋ　ㄏㄨˊ　ㄨㄟˊ,,,,,非主條成語
2602,刻船求劍,ㄎㄜˋ　ㄔㄨㄢˊ　ㄑㄧㄡˊ　ㄐㄧㄢˋ,,,,,非主條成語
2603,妄稱尊大,ㄨㄤˋ　ㄔㄥ　ㄗㄨㄣ　ㄉㄚˋ,,,,,非主條成語
2604,一現曇花,ㄧ　ㄒㄧㄢˋ　ㄊㄢˊ　ㄏㄨㄚ　（變）　ㄧˊ　ㄒㄧㄢˋ　ㄊㄢˊ　ㄏㄨㄚ,,,,,非主條成語
2605,妄自尊,ㄨㄤˋ　ㄗˋ　ㄗㄨㄣ,,,,,非主條成語
2606,一刀見血,ㄧ　ㄉㄠ　ㄐㄧㄢˋ　ㄒㄧㄝˇ　（變）　ㄧˋ　ㄉㄠ　ㄐㄧㄢˋ　ㄒㄧㄝˇ,,,,,非主條成語
2607,一毫不拔,ㄧ　ㄏㄠˊ　ㄅㄨˋ　ㄅㄚˊ　（變）　ㄧˋ　ㄏㄠˊ　ㄅㄨˋ　ㄅㄚˊ,,,,,非主條成語
2608,一新耳目,ㄧ　ㄒㄧㄣ　ㄦˇ　ㄇㄨˋ　（變）　ㄧˋ　ㄒㄧㄣ　ㄦˇ　ㄇㄨˋ,,,,,非主條成語
2609,妄畫蛇足,ㄨㄤˋ　ㄏㄨㄚˋ　ㄕㄜˊ　ㄗㄨˊ,,,,,非主條成語
2610,辯如懸河,ㄅㄧㄢˋ　ㄖㄨˊ　ㄒㄩㄢˊ　ㄏㄜˊ,,,,,非主條成語
2611,一無事事,ㄧ　ㄨˊ　ㄕˋ　ㄕˋ　（變）　ㄧˋ　ㄨˊ　ㄕˋ　ㄕˋ,,,,,非主條成語
2612,享帚自珍,ㄒㄧㄤˇ　ㄓㄡˇ　ㄗˋ　ㄓㄣ,,,,,非主條成語
2613,一律千篇,ㄧ　ㄌㄩˋ　ㄑㄧㄢ　ㄆㄧㄢ　（變）　ㄧˊ　ㄌㄩˋ　ㄑㄧㄢ　ㄆㄧㄢ,,,,,非主條成語
2614,一覽了然,ㄧ　ㄌㄢˇ　ㄌㄧㄠˇ　ㄖㄢˊ　（變）　ㄧˋ　ㄌㄢˇ　ㄌㄧㄠˇ　ㄖㄢˊ,,,,,非主條成語
2615,一縷千鈞,ㄧ　ㄌㄩˇ　ㄑㄧㄢ　ㄐㄩㄣ　（變）　ㄧˋ　ㄌㄩˇ　ㄑㄧㄢ　ㄐㄩㄣ,,,,,非主條成語
2616,就熟駕輕,ㄐㄧㄡˋ　ㄕㄡˊ　ㄐㄧㄚˋ　ㄑㄧㄥ,,,,,非主條成語
2617,一字百金,ㄧ　ㄗˋ　ㄅㄞˇ　ㄐㄧㄣ　（變）　ㄧˊ　ㄗˋ　ㄅㄞˇ　ㄐㄧㄣ,,,,,非主條成語
2618,就毒攻毒,ㄐㄧㄡˋ　ㄉㄨˊ　ㄍㄨㄥ　ㄉㄨˊ,,,,,非主條成語
2619,一語九鼎,ㄧ　ㄩˇ　ㄐㄧㄡˇ　ㄉㄧㄥˇ　（變）　ㄧˋ　ㄩˇ　ㄐㄧㄡˇ　ㄉㄧㄥˇ,,,,,非主條成語
2620,妄動輕為,ㄨㄤˋ　ㄉㄨㄥˋ　ㄑㄧㄥ　ㄨㄟˊ,,,,,非主條成語
2621,一視之仁,ㄧ　ㄕˋ　ㄓ　ㄖㄣˊ　（變）　ㄧˊ　ㄕˋ　ㄓ　ㄖㄣˊ,,,,,非主條成語
2622,一十一五,ㄧ　ㄕˊ　ㄧ　ㄨˇ,,,,,非主條成語
2623,一手障天,ㄧ　ㄕㄡˇ　ㄓㄤˋ　ㄊㄧㄢ　（變）　ㄧˋ　ㄕㄡˇ　ㄓㄤˋ　ㄊㄧㄢ,,,,,非主條成語
2624,一籌不吐,ㄧ　ㄔㄡˊ　ㄅㄨˋ　ㄊㄨˇ　（變）　ㄧˋ　ㄔㄡˊ　ㄅㄨˋ　ㄊㄨˇ,,,,,非主條成語
2625,一念之誤,ㄧ　ㄋㄧㄢˋ　ㄓ　ㄨˋ　（變）　ㄧˊ　ㄋㄧㄢˋ　ㄓ　ㄨˋ,,,,,非主條成語
2626,一籌不畫,ㄧ　ㄔㄡˊ　ㄅㄨˋ　ㄏㄨㄚˋ　（變）　ㄧˋ　ㄔㄡˊ　ㄅㄨˊ　ㄏㄨㄚˋ,,,,,非主條成語
2627,一塵不受,ㄧ　ㄔㄣˊ　ㄅㄨˋ　ㄕㄡˋ　（變）　ㄧˋ　ㄔㄣˊ　ㄅㄨˊ　ㄕㄡˋ,,,,,非主條成語
2628,一跌不振,ㄧ　ㄉㄧㄝˊ　ㄅㄨˋ　ㄓㄣˋ　（變）　ㄧˋ　ㄉㄧㄝˊ　ㄅㄨˊ　ㄓㄣˋ,,,,,非主條成語
2629,一塵不到,ㄧ　ㄔㄣˊ　ㄅㄨˋ　ㄉㄠˋ　（變）　ㄧˋ　　ㄔㄣˊ　ㄅㄨˊ　ㄉㄠˋ,,,,,非主條成語
2630,一堂和氣,ㄧ　ㄊㄤˊ　ㄏㄜˊ　ㄑㄧˋ　（變）　ㄧˋ　ㄊㄤˊ　ㄏㄜˊ　ㄑㄧˋ,,,,,非主條成語
2631,一塵不涉,ㄧ　ㄔㄣˊ　ㄅㄨˋ　ㄕㄜˋ　（變）　ㄧˋ　ㄔㄣˊ　ㄅㄨˊ　ㄕㄜˋ,,,,,非主條成語
2632,一舉兩利,ㄧ　ㄐㄩˇ　ㄌㄧㄤˇ　ㄌㄧˋ　（變）　ㄧˋ　　ㄐㄩˇ　ㄌㄧㄤˇ　ㄌㄧˋ,,,,,非主條成語
2633,三面開網,ㄙㄢ　ㄇㄧㄢˋ　ㄎㄞ　ㄨㄤˇ,,,,,非主條成語
2634,三緘口,ㄙㄢ　ㄐㄧㄢ　ㄎㄡˇ,,,,,非主條成語
2635,一隙不通,ㄧ　ㄒㄧˋ　ㄅㄨˋ　ㄊㄨㄥ　（變）　ㄧˊ　ㄒㄧˋ　ㄅㄨˋ　ㄊㄨㄥ,,,,,非主條成語
2636,一呼再諾,ㄧ　ㄏㄨ　ㄗㄞˋ　ㄋㄨㄛˋ　（變）　ㄧˋ　ㄏㄨ　ㄗㄞˋ　ㄋㄨㄛˋ,,,,,非主條成語
2637,三絕韋編,ㄙㄢ　ㄐㄩㄝˊ　ㄨㄟˊ　ㄅㄧㄢ,,,,,非主條成語
2638,三眼一板,ㄙㄢ　ㄧㄢˇ　ㄧ　ㄅㄢˇ　（變）　ㄙㄢ　ㄧㄢˇ　ㄧˋ　ㄅㄢˇ,,,,,非主條成語
2639,一網無遺,ㄧ　ㄨㄤˇ　ㄨˊ　ㄧˊ　（變）　ㄧˋ　ㄨㄤˇ　ㄨˊ　ㄧˊ,,,,,非主條成語
2640,一隙之見,ㄧ　ㄒㄧˋ　ㄓ　ㄐㄧㄢˋ　（變）　ㄧˊ　ㄒㄧˋ　ㄓ　ㄐㄧㄢˋ,,,,,非主條成語
2641,三寸舌,ㄙㄢ　ㄘㄨㄣˋ　ㄕㄜˊ,,,,,非主條成語
2642,三秋一日,ㄙㄢ　ㄑㄧㄡ　ㄧ　ㄖˋ　（變）　ㄙㄢ　ㄑㄧㄡ　ㄧˊ　ㄖˋ,,,,,非主條成語
2643,三章約,ㄙㄢ　ㄓㄤ　ㄩㄝ,,,,,非主條成語
2644,一揮千金,ㄧ　ㄏㄨㄟ　ㄑㄧㄢ　ㄐㄧㄣ　（變）　ㄧˋ　ㄏㄨㄟ　ㄑㄧㄢ　ㄐㄧㄣ,,,,,非主條成語
2645,五十步,ㄨˇ　ㄕˊ　ㄅㄨˋ,,,,,非主條成語
2646,正中其懷,ㄓㄥˋ　ㄓㄨㄥˋ　ㄑㄧˊ　ㄏㄨㄞˊ,,,,,非主條成語
2647,五日尹,ㄨˇ　ㄖˋ　ㄧㄣˇ,,,,,非主條成語
2648,五十笑百,ㄨˇ　ㄕˊ　ㄒㄧㄠˋ　ㄅㄞˇ,,,,,非主條成語
2649,五裂四分,ㄨˇ　ㄌㄧㄝˋ　ㄙˋ　ㄈㄣ,,,,,非主條成語
2650,三盲摸象,ㄙㄢ　ㄇㄤˊ　ㄇㄛ　ㄒㄧㄤˋ,,,,,非主條成語
2651,一口道破,ㄧ　ㄎㄡˇ　ㄉㄠˋ　ㄆㄛˋ　（變）　ㄧˋ　ㄎㄡˇ　ㄉㄠˋ　ㄆㄛˋ,,,,,非主條成語
2652,一事未成,ㄧ　ㄕˋ　ㄨㄟˋ　ㄔㄥˊ　（變）　ㄧˊ　ㄕˋ　ㄨㄟˋ　ㄔㄥˊ,,,,,非主條成語
2653,五令三申,ㄨˇ　ㄌㄧㄥˋ　ㄙㄢ　ㄕㄣ,,,,,非主條成語
2654,三千世界,ㄙㄢ　ㄑㄧㄢ　ㄕˋ　ㄐㄧㄝˋ,,,,,非主條成語
2655,三編絕,ㄙㄢ　ㄅㄧㄢ　ㄐㄩㄝˊ,,,,,非主條成語
2656,玉映珠聯,ㄩˋ　ㄧㄥˋ　ㄓㄨ　ㄌㄧㄢˊ,,,,,非主條成語
2657,玉粒桂薪,ㄩˋ　ㄌㄧˋ　ㄍㄨㄟˋ　ㄒㄧㄣ,,,,,非主條成語
2658,三謁茅廬,ㄙㄢ　ㄧㄝˋ　ㄇㄠˊ　ㄌㄨˊ,,,,,非主條成語
2659,三長四短,ㄙㄢ　ㄔㄤˊ　ㄙˋ　ㄉㄨㄢˇ,,,,,非主條成語
2660,雪中之炭,ㄒㄩㄝˇ　ㄓㄨㄥ　ㄓ　ㄊㄢˋ,,,,,非主條成語
2661,一貧似水,ㄧ　ㄆㄧㄣˊ　ㄙˋ　ㄕㄨㄟˇ　（變）　ㄧˋ　　ㄆㄧㄣˊ　ㄙˋ　ㄕㄨㄟˇ,,,,,非主條成語
2662,駭人視聽,ㄏㄞˋ　ㄖㄣˊ　ㄕˋ　ㄊㄧㄥ,,,,,非主條成語
2663,嚴聲厲色,ㄧㄢˊ　ㄕㄥ　ㄌㄧˋ　ㄙㄜˋ,,,,,非主條成語
2664,一劍兩段,ㄧ　ㄐㄧㄢˋ　ㄌㄧㄤˇ　ㄉㄨㄢˋ　（變）　ㄧˊ　ㄐㄧㄢˋ　ㄌㄧㄤˇ　ㄉㄨㄢˋ,,,,,非主條成語
2665,三春寸草,ㄙㄢ　ㄔㄨㄣ　ㄘㄨㄣˋ　ㄘㄠˇ,,,,,非主條成語
2666,三夫成虎,ㄙㄢ　ㄈㄨ　ㄔㄥˊ　ㄏㄨˇ,,,,,非主條成語
2667,死有餘咎,ㄙˇ　ㄧㄡˇ　ㄩˊ　ㄐㄧㄡˋ,,,,,非主條成語
2668,一目即了,ㄧ　ㄇㄨˋ　ㄐㄧˊ　ㄌㄧㄠˇ　（變）　ㄧˊ　ㄇㄨˋ　ㄐㄧˊ　ㄌㄧㄠˇ,,,,,非主條成語
2669,死心落地,ㄙˇ　ㄒㄧㄣ　ㄌㄨㄛˋ　ㄉㄧˋ,,,,,非主條成語
2670,一目數行,ㄧ　ㄇㄨˋ　ㄕㄨˋ　ㄏㄤˊ　（變）　ㄧˊ　ㄇㄨˋ　ㄕㄨˋ　ㄏㄤˊ,,,,,非主條成語
2671,一目五行,ㄧ　ㄇㄨˋ　ㄨˇ　ㄏㄤˊ　（變）　ㄧˊ　ㄇㄨˋ　ㄨˇ　ㄏㄤˊ,,,,,非主條成語
2672,一枕槐安,ㄧ　ㄓㄣˇ　ㄏㄨㄞˊ　ㄢ　（變）　ㄧˋ　ㄓㄣˇ　ㄏㄨㄞˊ　ㄢ,,,,,非主條成語
2673,萬千氣象,ㄨㄢˋ　ㄑㄧㄢ　ㄑㄧˋ　ㄒㄧㄤˋ,,,,,非主條成語
2674,霽月光風,ㄐㄧˋ　ㄩㄝˋ　ㄍㄨㄤ　ㄈㄥ,,,,,非主條成語
2675,萬象新,ㄨㄢˋ　ㄒㄧㄤˋ　ㄒㄧㄣ,,,,,非主條成語
2676,萬紅千翠,ㄨㄢˋ　ㄏㄨㄥˊ　ㄑㄧㄢ　ㄘㄨㄟˋ,,,,,非主條成語
2677,萬頭千緒,ㄨㄢˋ　ㄊㄡˊ　ㄑㄧㄢ　ㄒㄩˋ,,,,,非主條成語
2678,萬化千變,ㄨㄢˋ　ㄏㄨㄚˋ　ㄑㄧㄢ　ㄅㄧㄢˋ,,,,,非主條成語
2679,萬里鵝毛,ㄨㄢˋ　ㄌㄧˇ　ㄜˊ　ㄇㄠˊ,,,,,非主條成語
2680,一夢南柯,ㄧ　ㄇㄥˋ　ㄋㄢˊ　ㄎㄜ　（變）　ㄧˊ　ㄇㄥˋ　ㄋㄢˊ　ㄎㄜ,,,,,非主條成語
2681,萬貫腰纏,ㄨㄢˋ　ㄍㄨㄢˋ　ㄧㄠ　ㄔㄢˊ,,,,,非主條成語
2682,萬年遺臭,ㄨㄢˋ　ㄋㄧㄢˊ　ㄧˊ　ㄔㄡˋ,,,,,非主條成語
2683,萬籟俱息,ㄨㄢˋ　ㄌㄞˋ　ㄐㄩˋ　ㄒㄧˊ,,,,,非主條成語
2684,萬籟俱空,ㄨㄢˋ　ㄌㄞˋ　ㄐㄩˋ　ㄎㄨㄥ,,,,,非主條成語
2685,雨覆雲翻,ㄩˇ　ㄈㄨˋ　ㄩㄣˊ　ㄈㄢ,,,,,非主條成語
2686,正義嚴辭,ㄓㄥˋ　ㄧˋ　ㄧㄢˊ　ㄘˊ,,,,,非主條成語
2687,萬事無成,ㄨㄢˋ　ㄕˋ　ㄨˊ　ㄔㄥˊ,,,,,非主條成語
2688,惡盈釁滿,ㄜˋ　ㄧㄥˊ　ㄒㄧㄣˋ　ㄇㄢˇ,,,,,非主條成語
2689,焉用牛刀,ㄧㄢ　ㄩㄥˋ　ㄋㄧㄡˊ　ㄉㄠ,,,,,非主條成語
2690,平步青天,ㄆㄧㄥˊ　ㄅㄨˋ　ㄑㄧㄥ　ㄊㄧㄢ,,,,,非主條成語
2691,平心定意,ㄆㄧㄥˊ　ㄒㄧㄣ　ㄉㄧㄥˋ　ㄧˋ,,,,,非主條成語
2692,於安思危,ㄩˊ　ㄢ　ㄙ　ㄨㄟˊ,,,,,非主條成語
2693,平地風濤,ㄆㄧㄥˊ　ㄉㄧˋ　ㄈㄥ　ㄊㄠˊ,,,,,非主條成語
2694,平風靜浪,ㄆㄧㄥˊ　ㄈㄥ　ㄐㄧㄥˋ　ㄌㄤˋ,,,,,非主條成語
2695,於事無濟,ㄩˊ　ㄕˋ　ㄨˊ　ㄐㄧˋ,,,,,非主條成語
2696,兩端首鼠,ㄌㄧㄤˇ　ㄉㄨㄢ　ㄕㄡˇ　ㄕㄨˇ,,,,,非主條成語
2697,無可奈,ㄨˊ　ㄎㄜˇ　ㄋㄞˋ,,,,,非主條成語
2698,兩小無嫌,ㄌㄧㄤˇ　ㄒㄧㄠˇ　ㄨˊ　ㄒㄧㄢˊ,,,,,非主條成語
2699,無忌憚,ㄨˊ　ㄐㄧˋ　ㄉㄢˋ,,,,,非主條成語
2700,耳目更新,ㄦˇ　ㄇㄨˋ　ㄍㄥ　ㄒㄧㄣ,,,,,非主條成語
2701,耳目濡染,ㄦˇ　ㄇㄨˋ　ㄖㄨˊ　ㄖㄢˇ,,,,,非主條成語
2702,無能為技,ㄨˊ　ㄋㄥˊ　ㄨㄟˊ　ㄐㄧˋ,,,,,非主條成語
2703,乾澤而漁,ㄍㄢ　ㄗㄜˊ　ㄦˊ　ㄩˊ,,,,,非主條成語
2704,無穴可入,ㄨˊ　ㄒㄩㄝˋ　ㄎㄜˇ　ㄖㄨˋ,,,,,非主條成語
2705,無適從,ㄨˊ　ㄕˋ　ㄘㄨㄥˊ,,,,,非主條成語
2706,無倫比,ㄨˊ　ㄌㄨㄣˊ　ㄅㄧˇ,,,,,非主條成語
2707,無縫天衣,ㄨˊ　ㄈㄥˋ　ㄊㄧㄢ　ㄧ,,,,,非主條成語
2708,難以枚舉,ㄋㄢˊ　ㄧˇ　ㄇㄟˊ　ㄐㄩˇ,,,,,非主條成語
2709,無足挂齒,ㄨˊ　ㄗㄨˊ　ㄍㄨㄚˋ　ㄔˇ,,,,,非主條成語
2710,無脛而至,ㄨˊ　ㄐㄧㄥˋ　ㄦˊ　ㄓˋ,,,,,非主條成語
2711,無類之教,ㄨˊ　ㄌㄟˋ　ㄓ　ㄐㄧㄠˋ,,,,,非主條成語
2712,無益於事,ㄨˊ　ㄧˋ　ㄩˊ　ㄕˋ,,,,,非主條成語
2713,兩短三長,ㄌㄧㄤˇ　ㄉㄨㄢˇ　ㄙㄢ　ㄔㄤˊ,,,,,非主條成語
2714,難弟難兄,ㄋㄢˊ　ㄉㄧˋ　ㄋㄢˊ　ㄒㄩㄥ,,,,,非主條成語
2715,無妄之愆,ㄨˊ　ㄨㄤˋ　ㄓ　ㄑㄧㄢ,,,,,非主條成語
2716,無全牛,ㄨˊ　ㄑㄩㄢˊ　ㄋㄧㄡˊ,,,,,非主條成語
2717,開門延盜,ㄎㄞ　ㄇㄣˊ　ㄧㄢˊ　ㄉㄠˋ,,,,,非主條成語
2718,開門納寇,ㄎㄞ　ㄇㄣˊ　ㄋㄚˋ　ㄎㄡˋ,,,,,非主條成語
2719,平心氣,ㄆㄧㄥˊ　ㄒㄧㄣ　ㄑㄧˋ,,,,,非主條成語
2720,平心易氣,ㄆㄧㄥˊ　ㄒㄧㄣ　ㄧˋ　ㄑㄧˋ,,,,,非主條成語
2721,開門納狼,ㄎㄞ　ㄇㄣˊ　ㄋㄚˋ　ㄌㄤˊ,,,,,非主條成語
2722,無所可否,ㄨˊ　ㄙㄨㄛˇ　ㄎㄜˇ　ㄈㄡˇ,,,,,非主條成語
2723,開門納賊,ㄎㄞ　ㄇㄣˊ　ㄋㄚˋ　ㄗㄟˊ,,,,,非主條成語
2724,弄孫含飴,ㄋㄨㄥˋ　ㄙㄨㄣ　ㄏㄢˊ　ㄧˊ,,,,,非主條成語
2725,弄沙成塔,ㄋㄨㄥˋ　ㄕㄚ　ㄔㄥˊ　ㄊㄚˇ,,,,,非主條成語
2726,無能為謀,ㄨˊ　ㄋㄥˊ　ㄨㄟˊ　ㄇㄡˊ,,,,,非主條成語
2727,再見天日,ㄗㄞˋ　ㄐㄧㄢˋ　ㄊㄧㄢ　ㄖˋ,,,,,非主條成語
2728,無出其上,ㄨˊ　ㄔㄨ　ㄑㄧˊ　ㄕㄤˋ,,,,,非主條成語
2729,霸道橫行,ㄅㄚˋ　ㄉㄠˋ　ㄏㄥˊ　ㄒㄧㄥˊ,,,,,非主條成語
2730,石爛江枯,ㄕˊ　ㄌㄢˋ　ㄐㄧㄤ　ㄎㄨ,,,,,非主條成語
2731,石點頭,ㄕˊ　ㄉㄧㄢˇ　ㄊㄡˊ,,,,,非主條成語
2732,無微不到,ㄨˊ　ㄨㄟˊ　ㄅㄨˋ　ㄉㄠˋ　（變）　ㄨˊ　ㄨㄟˊ　ㄅㄨˊ　ㄉㄠˋ,,,,,非主條成語
2733,百無忌憚,ㄅㄞˇ　ㄨˊ　ㄐㄧˋ　ㄉㄢˋ,,,,,非主條成語
2734,百發穿楊,ㄅㄞˇ　ㄈㄚ　ㄔㄨㄢ　ㄧㄤˊ,,,,,非主條成語
2735,百結鶉衣,ㄅㄞˇ　ㄐㄧㄝˊ　ㄔㄨㄣˊ　ㄧ,,,,,非主條成語
2736,百出不窮,ㄅㄞˇ　ㄔㄨ　ㄅㄨˋ　ㄑㄩㄥˊ,,,,,非主條成語
2737,無計所奈,ㄨˊ　ㄐㄧˋ　ㄙㄨㄛˇ　ㄋㄞˋ,,,,,非主條成語
2738,百金一諾,ㄅㄞˇ　ㄐㄧㄣ　ㄧ　ㄋㄨㄛˋ　（變）　ㄅㄞˇ　ㄐㄧㄣ　ㄧˊ　ㄋㄨㄛˋ,,,,,非主條成語
2739,百折不磨,ㄅㄞˇ　ㄓㄜˊ　ㄅㄨˋ　ㄇㄛˊ,,,,,非主條成語
2740,面面皆到,ㄇㄧㄢˋ　ㄇㄧㄢˋ　ㄐㄧㄝ　ㄉㄠˋ,,,,,非主條成語
2741,無地自厝,ㄨˊ　ㄉㄧˋ　ㄗˋ　ㄘㄨㄛˋ,,,,,非主條成語
2742,兩得益彰,ㄌㄧㄤˇ　ㄉㄜˊ　ㄧˋ　ㄓㄤ,,,,,非主條成語
2743,百挫不折,ㄅㄞˇ　ㄘㄨㄛˋ　ㄅㄨˋ　ㄓㄜˊ,,,,,非主條成語
2744,雲驥行空,ㄩㄣˊ　ㄐㄧˋ　ㄒㄧㄥˊ　ㄎㄨㄥ,,,,,非主條成語
2745,面紅過耳,ㄇㄧㄢˋ　ㄏㄨㄥˊ　ㄍㄨㄛˋ　ㄦˇ,,,,,非主條成語
2746,天空地闊,ㄊㄧㄢ　ㄎㄨㄥ　ㄉㄧˋ　ㄎㄨㄛˋ,,,,,非主條成語
2747,天涯地隅,ㄊㄧㄢ　ㄧㄚˊ　ㄉㄧˋ　ㄩˊ,,,,,非主條成語
2748,雷動風行,ㄌㄟˊ　ㄉㄨㄥˋ　ㄈㄥ　ㄒㄧㄥˊ,,,,,非主條成語
2749,磊落光明,ㄌㄟˇ　ㄌㄨㄛˋ　ㄍㄨㄤ　ㄇㄧㄥˊ,,,,,非主條成語
2750,不言而明,ㄅㄨˋ　ㄧㄢˊ　ㄦˊ　ㄇㄧㄥˊ,,,,,非主條成語
2751,不病而呻,ㄅㄨˋ　ㄅㄧㄥˋ　ㄦˊ　ㄕㄣ　（變）　ㄅㄨˊ　ㄅㄧㄥˋ　ㄦˊ　ㄕㄣ,,,,,非主條成語
2752,面紅頸赤,ㄇㄧㄢˋ　ㄏㄨㄥˊ　ㄐㄧㄥˇ　ㄔˋ,,,,,非主條成語
2753,面垢頭蓬,ㄇㄧㄢˋ　ㄍㄡˋ　ㄊㄡˊ　ㄆㄥˊ,,,,,非主條成語
2754,天生地設,ㄊㄧㄢ　ㄕㄥ　ㄉㄧˋ　ㄕㄜˋ,,,,,非主條成語
2755,西食東眠,ㄒㄧ　ㄕˊ　ㄉㄨㄥ　ㄇㄧㄢˊ,,,,,非主條成語
2756,不取一芥,ㄅㄨˋ　ㄑㄩˇ　ㄧ　ㄐㄧㄝˋ　（變）　ㄅㄨˋ　ㄑㄩˇ　ㄧˊ　ㄐㄧㄝˋ,,,,,非主條成語
2757,天地誅滅,ㄊㄧㄢ　ㄉㄧˋ　ㄓㄨ　ㄇㄧㄝˋ,,,,,非主條成語
2758,不能為力,ㄅㄨˋ　ㄋㄥˊ　ㄨㄟˊ　ㄌㄧˋ,,,,,非主條成語
2759,不發聲色,ㄅㄨˋ　ㄈㄚ　ㄕㄥ　ㄙㄜˋ,,,,,非主條成語
2760,不待思索,ㄅㄨˋ　ㄉㄞˋ　ㄙ　ㄙㄨㄛˇ　（變）　ㄅㄨˊ　ㄉㄞˋ　ㄙ　ㄙㄨㄛˇ,,,,,非主條成語
2761,不謀同辭,ㄅㄨˋ　ㄇㄡˊ　ㄊㄨㄥˊ　ㄘˊ,,,,,非主條成語
2762,不染一塵,ㄅㄨˋ　ㄖㄢˇ　ㄧ　ㄔㄣˊ　（變）　ㄅㄨˋ　ㄖㄢˇ　ㄧˋ　ㄔㄣˊ,,,,,非主條成語
2763,不假思量,ㄅㄨˋ　ㄐㄧㄚˇ　ㄙ　ㄌㄧㄤˊ,,,,,非主條成語
2764,不遺寸草,ㄅㄨˋ　ㄧˊ　ㄘㄨㄣˋ　ㄘㄠˇ,,,,,非主條成語
2765,不識丁,ㄅㄨˋ　ㄕˋ　ㄉㄧㄥ　（變）　ㄅㄨˊ　ㄕˋ　ㄉㄧㄥ,,,,,非主條成語
2766,不寒而冽,ㄅㄨˋ　ㄏㄢˊ　ㄦˊ　ㄌㄧㄝˋ,,,,,非主條成語
2767,不速客,ㄅㄨˋ　ㄙㄨˋ　ㄎㄜˋ　（變）　ㄅㄨˊ　ㄙㄨˋ　ㄎㄜˋ,,,,,非主條成語
2768,不通一竅,ㄅㄨˋ　ㄊㄨㄥ　ㄧ　ㄑㄧㄠˋ　（變）　ㄅㄨˋ　ㄊㄨㄥ　ㄧˊ　ㄑㄧㄠˋ,,,,,非主條成語
2769,不假思慮,ㄅㄨˋ　ㄐㄧㄚˇ　ㄙ　ㄌㄩˋ,,,,,非主條成語
2770,不飾邊幅,ㄅㄨˋ　ㄕˋ　ㄅㄧㄢ　ㄈㄨˊ　（變）　ㄅㄨˊ　ㄕˋ　ㄅㄧㄢ　ㄈㄨˊ,,,,,非主條成語
2771,面紅耳熱,ㄇㄧㄢˋ　ㄏㄨㄥˊ　ㄦˇ　ㄖㄜˋ,,,,,非主條成語
2772,不加可否,ㄅㄨˋ　ㄐㄧㄚ　ㄎㄜˇ　ㄈㄡˇ,,,,,非主條成語
2773,不事邊幅,ㄅㄨˋ　ㄕˋ　ㄅㄧㄢ　ㄈㄨˊ　（變）　ㄅㄨˊ　ㄕˋ　ㄅㄧㄢ　ㄈㄨˊ,,,,,非主條成語
2774,不犯秋毫,ㄅㄨˋ　ㄈㄢˋ　ㄑㄧㄡ　ㄏㄠˊ　（變）　ㄅㄨˊ　ㄈㄢˋ　ㄑㄧㄡ　ㄏㄠˊ,,,,,非主條成語
2775,不妄言笑,ㄅㄨˋ　ㄨㄤˋ　ㄧㄢˊ　ㄒㄧㄠˋ　（變）　ㄅㄨˊ　ㄨㄤˋ　ㄧㄢˊ　ㄒㄧㄠˋ,,,,,非主條成語
2776,不成一事,ㄅㄨˋ　ㄔㄥˊ　ㄧ　ㄕˋ　（變）　ㄅㄨˋ　ㄔㄥˊ　ㄧˊ　ㄕˋ,,,,,非主條成語
2777,不學無識,ㄅㄨˋ　ㄒㄩㄝˊ　ㄨˊ　ㄕˋ,,,,,非主條成語
2778,玩物溺志,ㄨㄢˋ　ㄨˋ　ㄋㄧˋ　ㄓˋ,,,,,非主條成語
2779,不學無文,ㄅㄨˋ　ㄒㄩㄝˊ　ㄨˊ　ㄨㄣˊ,,,,,非主條成語
2780,不慚大言,ㄅㄨˋ　ㄘㄢˊ　ㄉㄚˋ　ㄧㄢˊ,,,,,非主條成語
2781,不屑一世,ㄅㄨˋ　ㄒㄩㄝˋ　ㄧ　ㄕˋ　（變）　ㄅㄨˊ　ㄒㄩㄝˋ　ㄧˊ　ㄕˋ,,,,,非主條成語
2782,不同凡調,ㄅㄨˋ　ㄊㄨㄥˊ　ㄈㄢˊ　ㄉㄧㄠˋ,,,,,非主條成語
2783,玩兵黷武,ㄨㄢˊ　ㄅㄧㄥ　ㄉㄨˊ　ㄨˇ,,,,,非主條成語
2784,不屈撓,ㄅㄨˋ　ㄑㄩ　ㄋㄠˊ,,,,,非主條成語
2785,不展愁眉,ㄅㄨˋ　ㄓㄢˇ　ㄔㄡˊ　ㄇㄟˊ,,,,,非主條成語
2786,不留餘力,ㄅㄨˋ　ㄌㄧㄡˊ　ㄩˊ　ㄌㄧˋ,,,,,非主條成語
2787,不息自強,ㄅㄨˋ　ㄒㄧˊ　ㄗˋ　ㄑㄧㄤˊ,,,,,非主條成語
2788,巧取強奪,ㄑㄧㄠˇ　ㄑㄩˇ　ㄑㄧㄤˊ　ㄉㄨㄛˊ,,,,,非主條成語
2789,頑冥不靈,ㄨㄢˊ　ㄇㄧㄥˊ　ㄅㄨˋ　ㄌㄧㄥˊ,,,,,非主條成語
2790,巧逾造化,ㄑㄧㄠˇ　ㄩˊ　ㄗㄠˋ　ㄏㄨㄚˋ,,,,,非主條成語
2791,巧奪造化,ㄑㄧㄠˇ　ㄉㄨㄛˊ　ㄗㄠˋ　ㄏㄨㄚˋ,,,,,非主條成語
2792,不阿不撓,ㄅㄨˋ　ㄜ　ㄅㄨˋ　ㄋㄠˊ,,,,,非主條成語
2793,不同凡流,ㄅㄨˋ　ㄊㄨㄥˊ　ㄈㄢˊ　ㄌㄧㄡˊ,,,,,非主條成語
2794,巧絕天工,ㄑㄧㄠˇ　ㄐㄩㄝˊ　ㄊㄧㄢ　ㄍㄨㄥ,,,,,非主條成語
2795,不同天地,ㄅㄨˋ　ㄊㄨㄥˊ　ㄊㄧㄢ　ㄉㄧˋ,,,,,非主條成語
2796,北轅適越,ㄅㄟˇ　ㄩㄢˊ　ㄕˋ　ㄩㄝˋ,,,,,非主條成語
2797,不墮箕裘,ㄅㄨˋ　ㄉㄨㄛˋ　ㄐㄧ　ㄑㄧㄡˊ　（變）　ㄅㄨˊ　ㄉㄨㄛˋ　ㄐㄧ　ㄑㄧㄡˊ,,,,,非主條成語
2798,引玉拋磚,ㄧㄣˇ　ㄩˋ　ㄆㄠ　ㄓㄨㄢ,,,,,非主條成語
2799,班門取罪,ㄅㄢ　ㄇㄣˊ　ㄑㄩˇ　ㄗㄨㄟˋ,,,,,非主條成語
2800,不暇暖席,ㄅㄨˋ　ㄒㄧㄚˊ　ㄋㄨㄢˇ　ㄒㄧˊ,,,,,非主條成語
2801,引經據禮,ㄧㄣˇ　ㄐㄧㄥ　ㄐㄩˋ　ㄌㄧˇ,,,,,非主條成語
2802,引經據義,ㄧㄣˇ　ㄐㄧㄥ　ㄐㄩˋ　ㄧˋ,,,,,非主條成語
2803,引盜入闥,ㄧㄣˇ　ㄉㄠˋ　ㄖㄨˋ　ㄊㄚˋ,,,,,非主條成語
2804,不探虎穴，安得虎子,ㄅㄨˋ　ㄊㄢˋ　ㄏㄨˇ　ㄒㄩㄝˋ　ㄢ　ㄉㄜˊ　ㄏㄨˇ　ㄗˇ　（變）　ㄅㄨˊ　ㄊㄢˋ　ㄏㄨˇ　ㄒㄩㄝˋ　ㄢ　ㄉㄜˊ　ㄏㄨˇ　ㄗˇ,,,,,非主條成語
2805,北轅南轍,ㄅㄟˇ　ㄩㄢˊ　ㄋㄢˊ　ㄔㄜˋ,,,,,非主條成語
2806,背馳於道,ㄅㄟˋ　ㄔˊ　ㄩˊ　ㄉㄠˋ,,,,,非主條成語
2807,背道而行,ㄅㄟˋ　ㄉㄠˋ　ㄦˊ　ㄒㄧㄥˊ,,,,,非主條成語
2808,背本逐末,ㄅㄟˋ　ㄅㄣˇ　ㄓㄨˊ　ㄇㄛˋ,,,,,非主條成語
2809,驥伏櫪,ㄐㄧˋ　ㄈㄨˊ　ㄌㄧˋ,,,,,非主條成語
2810,蜚流之言,ㄈㄟ　ㄌㄧㄡˊ　ㄓ　ㄧㄢˊ,,,,,非主條成語
2811,不脛而馳,ㄅㄨˋ　ㄐㄧㄥˋ　ㄦˊ　ㄔˊ　（變）　ㄅㄨˊ　ㄐㄧㄥˋ　ㄦˊ　ㄔˊ,,,,,非主條成語
2812,引虎入室,ㄧㄣˇ　ㄏㄨˇ　ㄖㄨˋ　ㄕˋ,,,,,非主條成語
2813,背邪向正,ㄅㄟˋ　ㄒㄧㄝˊ　ㄒㄧㄤˋ　ㄓㄥˋ,,,,,非主條成語
2814,張膽明目,ㄓㄤ　ㄉㄢˇ　ㄇㄧㄥˊ　ㄇㄨˋ,,,,,非主條成語
2815,巧舌花脣,ㄑㄧㄠˇ　ㄕㄜˊ　ㄏㄨㄚ　ㄔㄨㄣˊ,,,,,非主條成語
2816,巧侔造化,ㄑㄧㄠˇ　ㄇㄡˊ　ㄗㄠˋ　ㄏㄨㄚˋ,,,,,非主條成語
2817,刊陳出新,ㄎㄢ　ㄔㄣˊ　ㄔㄨ　ㄒㄧㄣ,,,,,非主條成語
2818,形槁心灰,ㄒㄧㄥˊ　ㄍㄠˇ　ㄒㄧㄣ　ㄏㄨㄟ,,,,,非主條成語
2819,引賊入家,ㄧㄣˇ　ㄗㄟˊ　ㄖㄨˋ　ㄐㄧㄚ,,,,,非主條成語
2820,引人勝地,ㄧㄣˇ　ㄖㄣˊ　ㄕㄥˋ　ㄉㄧˋ,,,,,非主條成語
2821,孤行一意,ㄍㄨ　ㄒㄧㄥˊ　ㄧ　ㄧˋ　（變）　ㄍㄨ　ㄒㄧㄥˊ　ㄧˊ　ㄧˋ,,,,,非主條成語
2822,孤詣苦心,ㄍㄨ　ㄧˋ　ㄎㄨˇ　ㄒㄧㄣ,,,,,非主條成語
2823,孤標峻節,ㄍㄨ　ㄅㄧㄠ　ㄐㄩㄣˋ　ㄐㄧㄝˊ,,,,,非主條成語
2824,孤芳自愛,ㄍㄨ　ㄈㄤ　ㄗˋ　ㄞˋ,,,,,非主條成語
2825,不暇應接,ㄅㄨˋ　ㄒㄧㄚˊ　ㄧㄥˋ　ㄐㄧㄝ,,,,,非主條成語
2826,水乳之合,ㄕㄨㄟˇ　ㄖㄨˇ　ㄓ　ㄏㄜˊ,,,,,非主條成語
2827,水乳相和,ㄕㄨㄟˇ　ㄖㄨˇ　ㄒㄧㄤ　ㄏㄜˊ,,,,,非主條成語
2828,水息不通,ㄕㄨㄟˇ　ㄒㄧˊ　ㄅㄨˋ　ㄊㄨㄥ,,,,,非主條成語
2829,水闊天空,ㄕㄨㄟˇ　ㄎㄨㄛˋ　ㄊㄧㄢ　ㄎㄨㄥ,,,,,非主條成語
2830,水淺長流,ㄕㄨㄟˇ　ㄑㄧㄢˇ　ㄔㄤˊ　ㄌㄧㄡˊ,,,,,非主條成語
2831,水清石出,ㄕㄨㄟˇ　ㄑㄧㄥ　ㄕˊ　ㄔㄨ,,,,,非主條成語
2832,水涸石出,ㄕㄨㄟˇ　ㄏㄜˊ　ㄕˊ　ㄔㄨ,,,,,非主條成語
2833,水深火烈,ㄕㄨㄟˇ　ㄕㄣ　ㄏㄨㄛˇ　ㄌㄧㄝˋ,,,,,非主條成語
2834,殘息奄奄,ㄘㄢˊ　ㄒㄧˊ　ㄧㄢ　ㄧㄢ,,,,,非主條成語
2835,武陵世外,ㄨˇ　ㄌㄧㄥˊ　ㄕˋ　ㄨㄞˋ,,,,,非主條成語
2836,戮力一意,ㄌㄨˋ　ㄌㄧˋ　ㄧ　ㄧˋ　（變）　ㄌㄨˋ　ㄌㄧˋ　ㄧˊ　ㄧˋ,,,,,非主條成語
2837,戮力同德,ㄌㄨˋ　ㄌㄧˋ　ㄊㄨㄥˊ　ㄉㄜˊ,,,,,非主條成語
2838,駿馬加鞭,ㄐㄩㄣˋ　ㄇㄚˇ　ㄐㄧㄚ　ㄅㄧㄢ,,,,,非主條成語
2839,馳驥過欞,ㄔˊ　ㄐㄧˋ　ㄍㄨㄛˋ　ㄌㄧㄥˊ,,,,,非主條成語
2840,馳風掣電,ㄔˊ　ㄈㄥ　ㄔㄜˋ　ㄉㄧㄢˋ,,,,,非主條成語
2841,珠璧相映,ㄓㄨ　ㄅㄧˋ　ㄒㄧㄤ　ㄧㄥˋ,,,,,非主條成語
2842,珠遺滄海,ㄓㄨ　ㄧˊ　ㄘㄤ　ㄏㄞˇ,,,,,非主條成語
2843,珠米桂薪,ㄓㄨ　ㄇㄧˇ　ㄍㄨㄟˋ　ㄒㄧㄣ,,,,,非主條成語
2844,殊轍同歸,ㄕㄨ　ㄔㄜˋ　ㄊㄨㄥˊ　ㄍㄨㄟ,,,,,非主條成語
2845,勁節高風,ㄐㄧㄥˋ　ㄐㄧㄝˊ　ㄍㄠ　ㄈㄥ,,,,,非主條成語
2846,孤恩負義,ㄍㄨ　ㄣ　ㄈㄨˋ　ㄧˋ,,,,,非主條成語
2847,珠生老蚌,ㄓㄨ　ㄕㄥ　ㄌㄠˇ　ㄅㄤˋ,,,,,非主條成語
2848,理足氣壯,ㄌㄧˇ　ㄗㄨˊ　ㄑㄧˋ　ㄓㄨㄤˋ,,,,,非主條成語
2849,強食弱肉,ㄑㄧㄤˊ　ㄕˊ　ㄖㄨㄛˋ　ㄖㄡˋ,,,,,非主條成語
2850,珠聯玉映,ㄓㄨ　ㄌㄧㄢˊ　ㄩˋ　ㄧㄥˋ,,,,,非主條成語
2851,強愎自用,ㄑㄧㄤˊ　ㄅㄧˋ　ㄗˋ　ㄩㄥˋ,,,,,非主條成語
2852,動常得咎,ㄉㄨㄥˋ　ㄔㄤˊ　ㄉㄜˊ　ㄐㄧㄡˋ,,,,,非主條成語
2853,強詞昧理,ㄑㄧㄤˇ　ㄘˊ　ㄇㄟˋ　ㄌㄧˇ,,,,,非主條成語
2854,對驢彈琴,ㄉㄨㄟˋ　ㄌㄩˊ　ㄊㄢˊ　ㄑㄧㄣˊ,,,,,非主條成語
2855,魂不著體,ㄏㄨㄣˊ　ㄅㄨˋ　ㄓㄨㄛˊ　ㄊㄧˇ,,,,,非主條成語
2856,動輒見咎,ㄉㄨㄥˋ　ㄓㄜˊ　ㄐㄧㄢˋ　ㄐㄧㄡˋ,,,,,非主條成語
2857,魂飛膽喪,ㄏㄨㄣˊ　ㄈㄟ　ㄉㄢˇ　ㄙㄤˋ,,,,,非主條成語
2858,破浪乘風,ㄆㄛˋ　ㄌㄤˋ　ㄔㄥˊ　ㄈㄥ,,,,,非主條成語
2859,弓開得勝,ㄍㄨㄥ　ㄎㄞ　ㄉㄜˊ　ㄕㄥˋ,,,,,非主條成語
2860,勁草疾風,ㄐㄧㄥˋ　ㄘㄠˇ　ㄐㄧˊ　ㄈㄥ,,,,,非主條成語
2861,理得心安,ㄌㄧˇ　ㄉㄜˊ　ㄒㄧㄣ　ㄢ,,,,,非主條成語
2862,對門當戶,ㄉㄨㄟˋ　ㄇㄣˊ　ㄉㄤ　ㄏㄨˋ,,,,,非主條成語
2863,馬耳射東風,ㄇㄚˇ　ㄦˇ　ㄕㄜˋ　ㄉㄨㄥ　ㄈㄥ,,,,,非主條成語
2864,馬跡蛛絲,ㄇㄚˇ　ㄐㄧ　ㄓㄨ　ㄙ,,,,,非主條成語
2865,強弩末,ㄑㄧㄤˊ　ㄋㄨˇ　ㄇㄛˋ,,,,,非主條成語
2866,馬首前瞻,ㄇㄚˇ　ㄕㄡˇ　ㄑㄧㄢˊ　ㄓㄢ,,,,,非主條成語
2867,對牛鼓簧,ㄉㄨㄟˋ　ㄋㄧㄡˊ　ㄍㄨˇ　ㄏㄨㄤˊ,,,,,非主條成語
2868,功墜垂成,ㄍㄨㄥ　ㄓㄨㄟˋ　ㄔㄨㄟˊ　ㄔㄥˊ,,,,,非主條成語
2869,強詞奪正,ㄑㄧㄤˇ　ㄘˊ　ㄉㄨㄛˊ　ㄓㄥˋ,,,,,非主條成語
2870,對證處方,ㄉㄨㄟˋ　ㄓㄥˋ　ㄔㄨˇ　ㄈㄤ,,,,,非主條成語
2871,功倍事半,ㄍㄨㄥ　ㄅㄟˋ　ㄕˋ　ㄅㄢˋ,,,,,非主條成語
2872,鷸蚌相持,ㄩˋ　ㄅㄤˋ　ㄒㄧㄤ　ㄔˊ,,,,,非主條成語
2873,北調南腔,ㄅㄟˇ　ㄉㄧㄠˋ　ㄋㄢˊ　ㄑㄧㄤ,,,,,非主條成語
2874,碧玉小家,ㄅㄧˋ　ㄩˋ　ㄒㄧㄠˇ　ㄐㄧㄚ,,,,,非主條成語
2875,功廢垂成,ㄍㄨㄥ　ㄈㄟˋ　ㄔㄨㄟˊ　ㄔㄥˊ,,,,,非主條成語
2876,聚沙為塔,ㄐㄩˋ　ㄕㄚ　ㄨㄟˊ　ㄊㄚˇ,,,,,非主條成語
2877,聚沙之塔,ㄐㄩˋ　ㄕㄚ　ㄓ　ㄊㄚˇ,,,,,非主條成語
2878,聚會精神,ㄐㄩˋ　ㄏㄨㄟˋ　ㄐㄧㄥ　ㄕㄣˊ,,,,,非主條成語
2879,弓藏鳥盡,ㄍㄨㄥ　ㄘㄤˊ　ㄋㄧㄠˇ　ㄐㄧㄣˋ,,,,,非主條成語
2880,忍不可忍,ㄖㄣˇ　ㄅㄨˋ　ㄎㄜˇ　ㄖㄣˇ,,,,,非主條成語
2881,觀止之嘆,ㄍㄨㄢ　ㄓˇ　ㄓ　ㄊㄢˋ,,,,,非主條成語
2882,馬牛風,ㄇㄚˇ　ㄋㄧㄡˊ　ㄈㄥ,,,,,非主條成語
2883,勇退急流,ㄩㄥˇ　ㄊㄨㄟˋ　ㄐㄧˊ　ㄌㄧㄡˊ,,,,,非主條成語
2884,雙瞳如豆,ㄕㄨㄤ　ㄊㄨㄥˊ　ㄖㄨˊ　ㄉㄡˋ,,,,,非主條成語
2885,異軫同歸,ㄧˋ　ㄓㄣˇ　ㄊㄨㄥˊ　ㄍㄨㄟ,,,,,非主條成語
2886,異趣同歸,ㄧˋ　ㄑㄩ　ㄊㄨㄥˊ　ㄍㄨㄟ,,,,,非主條成語
2887,司空慣見,ㄙ　ㄎㄨㄥ　ㄍㄨㄢˋ　ㄐㄧㄢˋ,,,,,非主條成語
2888,司空經慣,ㄙ　ㄎㄨㄥ　ㄐㄧㄥ　ㄍㄨㄢˋ,,,,,非主條成語
2889,歌遏行雲,ㄍㄜ　ㄜˋ　ㄒㄧㄥˊ　ㄩㄣˊ,,,,,非主條成語
2890,已精求精,ㄧˇ　ㄐㄧㄥ　ㄑㄧㄡˊ　ㄐㄧㄥ,,,,,非主條成語
2891,桑田滄海,ㄙㄤ　ㄊㄧㄢˊ　ㄘㄤ　ㄏㄞˇ,,,,,非主條成語
2892,飄風過耳,ㄆㄧㄠ　ㄈㄥ　ㄍㄨㄛˋ　ㄦˇ,,,,,非主條成語
2893,飄風吹馬耳,ㄆㄧㄠ　ㄈㄥ　ㄔㄨㄟ　ㄇㄚˇ　ㄦˇ,,,,,非主條成語
2894,歌頌功德,ㄍㄜ　ㄙㄨㄥˋ　ㄍㄨㄥ　ㄉㄜˊ,,,,,非主條成語
2895,信手拈出,ㄒㄧㄣˋ　ㄕㄡˇ　ㄋㄧㄢˊ　ㄔㄨ,,,,,非主條成語
2896,信手拈得,ㄒㄧㄣˋ　ㄕㄡˇ　ㄋㄧㄢˊ　ㄉㄜˊ,,,,,非主條成語
2897,雌黃信口,ㄘ　ㄏㄨㄤˊ　ㄒㄧㄣˋ　ㄎㄡˇ,,,,,非主條成語
2898,垂不朽,ㄔㄨㄟˊ　ㄅㄨˋ　ㄒㄧㄡˇ,,,,,非主條成語
2899,依然故吾,ㄧ　ㄖㄢˊ　ㄍㄨˋ　ㄨˊ,,,,,非主條成語
2900,殫精覃思,ㄉㄢ　ㄐㄧㄥ　ㄊㄢˊ　ㄙ,,,,,非主條成語
2901,刃有餘地,ㄖㄣˋ　ㄧㄡˇ　ㄩˊ　ㄉㄧˋ,,,,,非主條成語
2902,千手一律,ㄑㄧㄢ　ㄕㄡˇ　ㄧ　ㄌㄩˋ　（變）　ㄑㄧㄢ　ㄕㄡˇ　ㄧˊ　　ㄌㄩˋ,,,,,非主條成語
2903,重望碩德,ㄓㄨㄥˋ　ㄨㄤˋ　ㄕㄨㄛˋ　ㄉㄜˊ,,,,,非主條成語
2904,殫智畢精,ㄉㄢ　ㄓˋ　ㄅㄧˋ　ㄐㄧㄥ,,,,,非主條成語
2905,孫山名落,ㄙㄨㄣ　ㄕㄢ　ㄇㄧㄥˊ　ㄌㄨㄛˋ,,,,,非主條成語
2906,千謀百計,ㄑㄧㄢ　ㄇㄡˊ　ㄅㄞˇ　ㄐㄧˋ,,,,,非主條成語
2907,千幅一律,ㄑㄧㄢ　ㄈㄨˊ　ㄧ　ㄌㄩˋ　（變）　ㄑㄧㄢ　ㄈㄨˊ　ㄧˊ　ㄌㄩˋ,,,,,非主條成語
2908,殄天物,ㄊㄧㄢˇ　ㄊㄧㄢ　ㄨˋ,,,,,非主條成語
2909,千里赤,ㄑㄧㄢ　ㄌㄧˇ　ㄔˋ,,,,,非主條成語
2910,手忙足亂,ㄕㄡˇ　ㄇㄤˊ　ㄗㄨˊ　ㄌㄨㄢˋ,,,,,非主條成語
2911,看花走馬,ㄎㄢˋ　ㄏㄨㄚ　ㄗㄡˇ　ㄇㄚˇ,,,,,非主條成語
2912,千兵萬馬,ㄑㄧㄢ　ㄅㄧㄥ　ㄨㄢˋ　ㄇㄚˇ,,,,,非主條成語
2913,千金敝帚,ㄑㄧㄢ　ㄐㄧㄣ　ㄅㄧˋ　ㄓㄡˇ,,,,,非主條成語
2914,千籌百計,ㄑㄧㄢ　ㄔㄡˊ　ㄅㄞˇ　ㄐㄧˋ,,,,,非主條成語
2915,委曲保全,ㄨㄟˇ　ㄑㄩ　ㄅㄠˇ　ㄑㄩㄢˊ,,,,,非主條成語
2916,委曲存全,ㄨㄟˇ　ㄑㄩ　ㄘㄨㄣˊ　ㄑㄩㄢˊ,,,,,非主條成語
2917,辭淚俱下,ㄘˊ　ㄌㄟˋ　ㄐㄩˋ　ㄒㄧㄚˋ,,,,,非主條成語
2918,手無寸刃,ㄕㄡˇ　ㄨˊ　ㄘㄨㄣˋ　ㄖㄣˋ,,,,,非主條成語
2919,手無尺鐵,ㄕㄡˇ　ㄨˊ　ㄔˇ　ㄊㄧㄝˇ,,,,,非主條成語
2920,毛髮竦然,ㄇㄠˊ　ㄈㄚˇ　ㄙㄨㄥˇ　ㄖㄢˊ,,,,,非主條成語
2921,手足靡措,ㄕㄡˇ　ㄗㄨˊ　ㄇㄧˊ　ㄘㄨㄛˋ,,,,,非主條成語
2922,香憐玉惜,ㄒㄧㄤ　ㄌㄧㄢˊ　ㄩˋ　ㄒㄧˊ,,,,,非主條成語
2923,千變萬態,ㄑㄧㄢ　ㄅㄧㄢˋ　ㄨㄢˋ　ㄊㄞˋ,,,,,非主條成語
2924,辭色俱厲,ㄘˊ　ㄙㄜˋ　ㄐㄩˋ　ㄌㄧˋ,,,,,非主條成語
2925,手卷不釋,ㄕㄡˇ　ㄐㄩㄢˋ　ㄅㄨˋ　ㄕˋ　（變）　ㄕㄡˇ　ㄐㄩㄢˋ　ㄅㄨˊ　ㄕˋ,,,,,非主條成語
2926,毛骨俱竦,ㄇㄠˊ　ㄍㄨˇ　ㄐㄩˋ　ㄙㄨㄥˇ,,,,,非主條成語
2927,千頭百緒,ㄑㄧㄢ　ㄊㄡˊ　ㄅㄞˇ　ㄒㄩˋ,,,,,非主條成語
2928,信不由衷,ㄒㄧㄣˋ　ㄅㄨˋ　ㄧㄡˊ　ㄓㄨㄥ,,,,,非主條成語
2929,乘危下石,ㄔㄥˊ　ㄨㄟˊ　ㄒㄧㄚˋ　ㄕˊ,,,,,非主條成語
2930,千人一律,ㄑㄧㄢ　ㄖㄣˊ　ㄧ　ㄌㄩˋ　（變）　ㄑㄧㄢ　ㄖㄣˊ　ㄧˊ　ㄌㄩˋ,,,,,非主條成語
2931,千篇一體,ㄑㄧㄢ　ㄆㄧㄢ　ㄧ　ㄊㄧˇ　（變）　ㄑㄧㄢ　ㄆㄧㄢ　ㄧˋ　ㄊㄧˇ,,,,,非主條成語
2932,集翠成裘,ㄐㄧˊ　ㄘㄨㄟˋ　ㄔㄥˊ　ㄑㄧㄡˊ,,,,,非主條成語
2933,集腋為裘,ㄐㄧˊ　ㄧˋ　ㄨㄟˊ　ㄑㄧㄡˊ,,,,,非主條成語
2934,師心自任,ㄕ　ㄒㄧㄣ　ㄗˋ　ㄖㄣˋ,,,,,非主條成語
2935,玲瓏八面,ㄌㄧㄥˊ　ㄌㄨㄥˊ　ㄅㄚ　ㄇㄧㄢˋ,,,,,非主條成語
2936,順水流舟,ㄕㄨㄣˋ　ㄕㄨㄟˇ　ㄌㄧㄡˊ　ㄓㄡ,,,,,非主條成語
2937,集思廣議,ㄐㄧˊ　ㄙ　ㄍㄨㄤˇ　ㄧˋ,,,,,非主條成語
2938,上為下效,ㄕㄤˋ　ㄨㄟˊ　ㄒㄧㄚˋ　ㄒㄧㄠˋ,,,,,非主條成語
2939,順水放船,ㄕㄨㄣˋ　ㄕㄨㄟˇ　ㄈㄤˋ　ㄔㄨㄢˊ,,,,,非主條成語
2940,止渴望梅,ㄓˇ　ㄎㄜˇ　ㄨㄤˋ　ㄇㄟˊ,,,,,非主條成語
2941,止渴之梅,ㄓˇ　ㄎㄜˇ　ㄓ　ㄇㄟˊ,,,,,非主條成語
2942,上下手,ㄕㄤˋ　ㄒㄧㄚˋ　ㄕㄡˇ,,,,,非主條成語
2943,與狐議裘,ㄩˇ　ㄏㄨˊ　ㄧˋ　ㄑㄧㄡˊ,,,,,非主條成語
2944,千金諾,ㄑㄧㄢ　ㄐㄧㄣ　ㄋㄨㄛˋ,,,,,非主條成語
2945,千思百計,ㄑㄧㄢ　ㄙ　ㄅㄞˇ　ㄐㄧˋ,,,,,非主條成語
2946,徙日移天,ㄒㄧˇ　ㄖˋ　ㄧˊ　ㄊㄧㄢ,,,,,非主條成語
2947,虎踞龍蹲,ㄏㄨˇ　ㄐㄩˋ　ㄌㄨㄥˊ　ㄉㄨㄣ,,,,,非主條成語
2948,虎狼當路,ㄏㄨˇ　ㄌㄤˊ　ㄉㄤ　ㄌㄨˋ,,,,,非主條成語
2949,便便之腹,ㄆㄧㄢˊ　ㄆㄧㄢˊ　ㄓ　ㄈㄨˋ,,,,,非主條成語
2950,虎口殘生,ㄏㄨˇ　ㄎㄡˇ　ㄘㄢˊ　ㄕㄥ,,,,,非主條成語
2951,行空天馬,ㄒㄧㄥˊ　ㄎㄨㄥ　ㄊㄧㄢ　ㄇㄚˇ,,,,,非主條成語
2952,懲噎廢食,ㄔㄥˊ　ㄧㄝ　ㄈㄟˋ　ㄕˊ,,,,,非主條成語
2953,虎穴得子,ㄏㄨˇ　ㄒㄩㄝˋ　ㄉㄜˊ　ㄗˇ,,,,,非主條成語
2954,點龍睛,ㄉㄧㄢˇ　ㄌㄨㄥˊ　ㄐㄧㄥ,,,,,非主條成語
2955,銜泣吞聲,ㄒㄧㄢˊ　ㄑㄧˋ　ㄊㄨㄣ　ㄕㄥ,,,,,非主條成語
2956,拜下風,ㄅㄞˋ　ㄒㄧㄚˋ　ㄈㄥ,,,,,非主條成語
2957,虛作聲勢,ㄒㄩ　ㄗㄨㄛˋ　ㄕㄥ　ㄕˋ,,,,,非主條成語
2958,僵李代桃,ㄐㄧㄤ　ㄌㄧˇ　ㄉㄞˋ　ㄊㄠˊ,,,,,非主條成語
2959,銜聲茹氣,ㄒㄧㄢˊ　ㄕㄥ　ㄖㄨˊ　ㄑㄧˋ,,,,,非主條成語
2960,絲連藕斷,ㄙ　ㄌㄧㄢˊ　ㄡˇ　ㄉㄨㄢˋ,,,,,非主條成語
2961,虛張形勢,ㄒㄩ　ㄓㄤ　ㄒㄧㄥˊ　ㄕˋ,,,,,非主條成語
2962,衡陽紙貴,ㄏㄥˊ　ㄧㄤˊ　ㄓˇ　ㄍㄨㄟˋ,,,,,非主條成語
2963,紙上躍然,ㄓˇ　ㄕㄤˋ　ㄩㄝˋ　ㄖㄢˊ,,,,,非主條成語
2964,紙上兵,ㄓˇ　ㄕㄤˋ　ㄅㄧㄥ,,,,,非主條成語
2965,仁智之見,ㄖㄣˊ　ㄓˋ　ㄓ　ㄐㄧㄢˋ,,,,,非主條成語
2966,任勞怨,ㄖㄣˋ　ㄌㄠˊ　ㄩㄢˋ,,,,,非主條成語
2967,徙薪曲突,ㄒㄧˇ　ㄒㄧㄣ　ㄑㄩ　ㄊㄨˊ,,,,,非主條成語
2968,倒海排山,ㄉㄠˇ　ㄏㄞˇ　ㄆㄞˊ　ㄕㄢ,,,,,非主條成語
2969,歲月如梭,ㄙㄨㄟˋ　ㄩㄝˋ　ㄖㄨˊ　ㄙㄨㄛ,,,,,非主條成語
2970,低心下氣,ㄉㄧ　ㄒㄧㄣ　ㄒㄧㄚˋ　ㄑㄧˋ,,,,,非主條成語
2971,循次漸進,ㄒㄩㄣˊ　ㄘˋ　ㄐㄧㄢˋ　ㄐㄧㄣˋ,,,,,非主條成語
2972,毖後懲前,ㄅㄧˋ　ㄏㄡˋ　ㄔㄥˊ　ㄑㄧㄢˊ,,,,,非主條成語
2973,畢精竭思,ㄅㄧˋ　ㄐㄧㄥ　ㄐㄧㄝˊ　ㄙ,,,,,非主條成語
2974,乳臭未除,ㄖㄨˇ　ㄒㄧㄡˋ　ㄨㄟˋ　ㄔㄨˊ,,,,,非主條成語
2975,卓錐之地,ㄓㄨㄛˊ　ㄓㄨㄟ　ㄓ　ㄉㄧˋ,,,,,非主條成語
2976,刮目視之,ㄍㄨㄚ　ㄇㄨˋ　ㄕˋ　ㄓ,,,,,非主條成語
2977,亂作胡為,ㄌㄨㄢˋ　ㄗㄨㄛˋ　ㄏㄨˊ　ㄨㄟˊ,,,,,非主條成語
2978,循蹈規矩,ㄒㄩㄣˊ　ㄉㄠˋ　ㄍㄨㄟ　ㄐㄩˇ,,,,,非主條成語
2979,畢力殫慮,ㄅㄧˋ　ㄌㄧˋ　ㄉㄢ　ㄌㄩˋ,,,,,非主條成語
2980,乳腥未退,ㄖㄨˇ　ㄒㄧㄥ　ㄨㄟˋ　ㄊㄨㄟˋ,,,,,非主條成語
2981,綽有餘,ㄔㄨㄛˋ　ㄧㄡˇ　ㄩˊ,,,,,非主條成語
2982,刮目相觀,ㄍㄨㄚ　ㄇㄨˋ　ㄒㄧㄤ　ㄍㄨㄢ,,,,,非主條成語
2983,亂想胡思,ㄌㄨㄢˋ　ㄒㄧㄤˇ　ㄏㄨˊ　ㄙ,,,,,非主條成語
2984,刮眼看,ㄍㄨㄚ　ㄧㄢˇ　ㄎㄢˋ,,,,,非主條成語
2985,飯玉炊桂,ㄈㄢˋ　ㄩˋ　ㄔㄨㄟ　ㄍㄨㄟˋ,,,,,非主條成語
2986,街談巷語,ㄐㄧㄝ　ㄊㄢˊ　ㄒㄧㄤˋ　ㄩˇ,,,,,非主條成語
2987,利鞅名韁,ㄌㄧˋ　ㄧㄤ　ㄇㄧㄥˊ　ㄐㄧㄤ,,,,,非主條成語
2988,外厲內荏,ㄨㄞˋ　ㄌㄧˋ　ㄋㄟˋ　ㄖㄣˇ,,,,,非主條成語
2989,利名韁鎖,ㄌㄧˋ　ㄇㄧㄥˊ　ㄐㄧㄤ　ㄙㄨㄛˇ,,,,,非主條成語
2990,外強中枯,ㄨㄞˋ　ㄑㄧㄤˊ　ㄓㄨㄥ　ㄎㄨ,,,,,非主條成語
2991,出鬼入神,ㄔㄨ　ㄍㄨㄟˇ　ㄖㄨˋ　ㄕㄣˊ,,,,,非主條成語
2992,傅會牽合,ㄈㄨˋ　ㄏㄨㄟˋ　ㄑㄧㄢ　ㄏㄜˊ,,,,,非主條成語
2993,傅粉登場,ㄈㄨˋ　ㄈㄣˇ　ㄉㄥ　ㄔㄤˇ,,,,,非主條成語
2994,代李僵桃,ㄉㄞˋ　ㄌㄧˇ　ㄐㄧㄤ　ㄊㄠˊ,,,,,非主條成語
2995,傅會穿鑿,ㄈㄨˋ　ㄏㄨㄟˋ　ㄔㄨㄢ　ㄗㄨㄛˋ,,,,,非主條成語
2996,外澤中乾,ㄨㄞˋ　ㄗㄜˊ　ㄓㄨㄥ　ㄍㄢ,,,,,非主條成語
2997,外腴中乾,ㄨㄞˋ　ㄩˊ　ㄓㄨㄥ　ㄍㄢ,,,,,非主條成語
2998,出奇取勝,ㄔㄨ　ㄑㄧˊ　ㄑㄩˇ　ㄕㄥˋ,,,,,非主條成語
2999,參殺人,ㄕㄣ　ㄕㄚ　ㄖㄣˊ,,,,,非主條成語
3000,出神入妙,ㄔㄨ　ㄕㄣˊ　ㄖㄨˋ　ㄇㄧㄠˋ,,,,,非主條成語
3001,參差不一,ㄘㄣ　ㄘ　ㄅㄨˋ　ㄧ,,,,,非主條成語
3002,咎皆自貽,ㄐㄧㄡˋ　ㄐㄧㄝ　ㄗˋ　ㄧˊ,,,,,非主條成語
3003,優游少斷,ㄧㄡ　ㄧㄡˊ　ㄕㄠˇ　ㄉㄨㄢˋ,,,,,非主條成語
3004,代庖越俎,ㄉㄞˋ　ㄆㄠˊ　ㄩㄝˋ　ㄗㄨˇ,,,,,非主條成語
3005,出於一轍,ㄔㄨ　ㄩˊ　ㄧ　ㄔㄜˋ　（變）　ㄔㄨ　ㄩˊ　ㄧˊ　ㄔㄜˋ,,,,,非主條成語
3006,優游不斷,ㄧㄡ　ㄧㄡˊ　ㄅㄨˋ　ㄉㄨㄢˋ　（變）　ㄧㄡ　ㄧㄡˊ　ㄅㄨˊ　ㄉㄨㄢˋ,,,,,非主條成語
3007,出言有章,ㄔㄨ　ㄧㄢˊ　ㄧㄡˇ　ㄓㄤ,,,,,非主條成語
3008,付與一笑,ㄈㄨˋ　ㄩˇ　ㄧ　ㄒㄧㄠˋ　（變）　ㄈㄨˋ　ㄩˇ　ㄧˊ　ㄒㄧㄠˋ,,,,,非主條成語
3009,代越庖俎,ㄉㄞˋ　ㄩㄝˋ　ㄆㄠˊ　ㄗㄨˇ,,,,,非主條成語
3010,付與一炬,ㄈㄨˋ　ㄩˇ　ㄧ　ㄐㄩˋ　（變）　ㄈㄨˋ　ㄩˇ　ㄧˊ　ㄐㄩˋ,,,,,非主條成語
3011,付之度外,ㄈㄨˋ　ㄓ　ㄉㄨˋ　ㄨㄞˋ,,,,,非主條成語
3012,他無長物,ㄊㄚ　ㄨˊ　ㄓㄤˋ　ㄨˋ,,,,,非主條成語
3013,付之罔聞,ㄈㄨˋ　ㄓ　ㄨㄤˇ　ㄨㄣˊ,,,,,非主條成語
3014,出乎反乎,ㄔㄨ　ㄏㄨ　ㄈㄢˇ　ㄏㄨ,,,,,非主條成語
3015,佳境漸入,ㄐㄧㄚ　ㄐㄧㄥˋ　ㄐㄧㄢˋ　ㄖㄨˋ,,,,,非主條成語
3016,佳兵黷武,ㄐㄧㄚ　ㄅㄧㄥ　ㄉㄨˊ　ㄨˇ,,,,,非主條成語
3017,豺狼當塗,ㄔㄞˊ　ㄌㄤˊ　ㄉㄤ　ㄊㄨˊ,,,,,非主條成語
3018,發兵問罪,ㄈㄚ　ㄅㄧㄥ　ㄨㄣˋ　ㄗㄨㄟˋ,,,,,非主條成語
3019,待兔守株,ㄉㄞˋ　ㄊㄨˋ　ㄕㄡˇ　ㄓㄨ,,,,,非主條成語
3020,華而少實,ㄏㄨㄚˊ　ㄦˊ　ㄕㄠˇ　ㄕˊ,,,,,非主條成語
3021,待勞以逸,ㄉㄞˋ　ㄌㄠˊ　ㄧˇ　ㄧˋ,,,,,非主條成語
3022,射影含沙,ㄕㄜˋ　ㄧㄥˇ　ㄏㄢˊ　ㄕㄚ,,,,,非主條成語
3023,休戚共之,ㄒㄧㄡ　ㄑㄧ　ㄍㄨㄥˋ　ㄓ,,,,,非主條成語
3024,特開生面,ㄊㄜˋ　ㄎㄞ　ㄕㄥ　ㄇㄧㄢˋ,,,,,非主條成語
3025,特書大書,ㄊㄜˋ　ㄕㄨ　ㄉㄚˋ　ㄕㄨ,,,,,非主條成語
3026,借劍殺人,ㄐㄧㄝˋ　ㄐㄧㄢˋ　ㄕㄚ　ㄖㄣˊ,,,,,非主條成語
3027,倚馬立成,ㄧˇ　ㄇㄚˇ　ㄌㄧˋ　ㄔㄥˊ,,,,,非主條成語
3028,儲精蓄銳,ㄔㄨˊ　ㄐㄧㄥ　ㄒㄩˋ　ㄖㄨㄟˋ,,,,,非主條成語
3029,借水推船,ㄐㄧㄝˋ　ㄕㄨㄟˇ　ㄊㄨㄟ　ㄔㄨㄢˊ,,,,,非主條成語
3030,山窮水絕,ㄕㄢ　ㄑㄩㄥˊ　ㄕㄨㄟˇ　ㄐㄩㄝˊ,,,,,非主條成語
3031,山窮水斷,ㄕㄢ　ㄑㄩㄥˊ　ㄕㄨㄟˇ　ㄉㄨㄢˋ,,,,,非主條成語
3032,偽張聲勢,ㄨㄟˋ　ㄓㄤ　ㄕㄥ　ㄕˋ,,,,,非主條成語
3033,倚馬才,ㄧˇ　ㄇㄚˇ　ㄘㄞˊ,,,,,非主條成語
3034,牛馬風,ㄋㄧㄡˊ　ㄇㄚˇ　ㄈㄥ,,,,,非主條成語
3035,生齒塗炭,ㄕㄥ　ㄔˇ　ㄊㄨˊ　ㄊㄢˋ,,,,,非主條成語
3036,山海之盟,ㄕㄢ　ㄏㄞˇ　ㄓ　ㄇㄥˊ,,,,,非主條成語
3037,自保不暇,ㄗˋ　ㄅㄠˇ　ㄅㄨˋ　ㄒㄧㄚˊ,,,,,非主條成語
3038,生面獨開,ㄕㄥ　ㄇㄧㄢˋ　ㄉㄨˊ　ㄎㄞ,,,,,非主條成語
3039,觸類可通,ㄔㄨˋ　ㄌㄟˋ　ㄎㄜˇ　ㄊㄨㄥ,,,,,非主條成語
3040,納善如流,ㄋㄚˋ　ㄕㄢˋ　ㄖㄨˊ　ㄌㄧㄡˊ,,,,,非主條成語
3041,自起爐灶,ㄗˋ　ㄑㄧˇ　ㄌㄨˊ　ㄗㄠˋ,,,,,非主條成語
3042,自開生面,ㄗˋ　ㄎㄞ　ㄕㄥ　ㄇㄧㄢˋ,,,,,非主條成語
3043,白手空拳,ㄅㄞˊ　ㄕㄡˇ　ㄎㄨㄥ　ㄑㄩㄢˊ,,,,,非主條成語
3044,失魂蕩魄,ㄕ　ㄏㄨㄣˊ　ㄉㄤˋ　ㄆㄛˋ,,,,,非主條成語
3045,自命非凡,ㄗˋ　ㄇㄧㄥˋ　ㄈㄟ　ㄈㄢˊ,,,,,非主條成語
3046,自棄自暴,ㄗˋ　ㄑㄧˋ　ㄗˋ　ㄅㄠˋ,,,,,非主條成語
3047,自宵達旦,ㄗˋ　ㄒㄧㄠ　ㄉㄚˊ　ㄉㄢˋ,,,,,非主條成語
3048,失馬塞翁,ㄕ　ㄇㄚˇ　ㄙㄞˋ　ㄨㄥ,,,,,非主條成語
3049,自成機杼,ㄗˋ　ㄔㄥˊ　ㄐㄧ　ㄓㄨˋ,,,,,非主條成語
3050,伯仲間,ㄅㄛˊ　ㄓㄨㄥˋ　ㄐㄧㄢ,,,,,非主條成語
3051,自固不暇,ㄗˋ　ㄍㄨˋ　ㄅㄨˋ　ㄒㄧㄚˊ,,,,,非主條成語
3052,侃侃直談,ㄎㄢˇ　ㄎㄢˇ　ㄓˊ　ㄊㄢˊ,,,,,非主條成語
3053,自暴棄,ㄗˋ　ㄅㄠˋ　ㄑㄧˋ,,,,,非主條成語
3054,得此失彼,ㄉㄜˊ　ㄘˇ　ㄕ　ㄅㄧˇ,,,,,非主條成語
3055,得寸覷尺,ㄉㄜˊ　ㄘㄨㄣˋ　ㄑㄩˋ　ㄔˇ,,,,,非主條成語
3056,侃侃正論,ㄎㄢˇ　ㄎㄢˇ　ㄓㄥˋ　ㄌㄨㄣˋ,,,,,非主條成語
3057,失所流離,ㄕ　ㄙㄨㄛˇ　ㄌㄧㄡˊ　ㄌㄧˊ,,,,,非主條成語
3058,觸目崩心,ㄔㄨˋ　ㄇㄨˋ　ㄅㄥ　ㄒㄧㄣ,,,,,非主條成語
3059,和衷協濟,ㄏㄜˊ　ㄓㄨㄥ　ㄒㄧㄝˊ　ㄐㄧˋ,,,,,非主條成語
3060,觸而即發,ㄔㄨˋ　ㄦˊ　ㄐㄧˊ　ㄈㄚ,,,,,非主條成語
3061,堅城清野,ㄐㄧㄢ　ㄔㄥˊ　ㄑㄧㄥ　ㄧㄝˇ,,,,,非主條成語
3062,魚水相得,ㄩˊ　ㄕㄨㄟˇ　ㄒㄧㄤ　ㄉㄜˊ,,,,,非主條成語
3063,魚得忘筌,ㄩˊ　ㄉㄜˊ　ㄨㄤˋ　ㄑㄩㄢˊ,,,,,非主條成語
3064,魚目入珠,ㄩˊ　ㄇㄨˋ　ㄖㄨˋ　ㄓㄨ,,,,,非主條成語
3065,息鼓偃旗,ㄒㄧˊ　ㄍㄨˇ　ㄧㄢˇ　ㄑㄧˊ,,,,,非主條成語
3066,息心靜氣,ㄒㄧˊ　ㄒㄧㄣ　ㄐㄧㄥˋ　ㄑㄧˋ,,,,,非主條成語
3067,積薪居上,ㄐㄧ　ㄒㄧㄣ　ㄐㄩ　ㄕㄤˋ,,,,,非主條成語
3068,體貼入妙,ㄊㄧˇ　ㄊㄧㄝ　ㄖㄨˋ　ㄇㄧㄠˋ,,,,,非主條成語
3069,絕禍未萌,ㄐㄩㄝˊ　ㄏㄨㄛˋ　ㄨㄟˋ　ㄇㄥˊ,,,,,非主條成語
3070,綱提領挈,ㄍㄤ　ㄊㄧˊ　ㄌㄧㄥˇ　ㄑㄧㄝˋ,,,,,非主條成語
3071,綢繆未雨,ㄔㄡˊ　ㄇㄡˊ　ㄨㄟˋ　ㄩˇ,,,,,非主條成語
3072,得不償費,ㄉㄜˊ　ㄅㄨˋ　ㄔㄤˊ　ㄈㄟˋ,,,,,非主條成語
3073,絕後空前,ㄐㄩㄝˊ　ㄏㄡˋ　ㄎㄨㄥ　ㄑㄧㄢˊ,,,,,非主條成語
3074,絕類離倫,ㄐㄩㄝˊ　ㄌㄟˋ　ㄌㄧˊ　ㄌㄨㄣˊ,,,,,非主條成語
3075,體物入微,ㄊㄧˇ　ㄨˋ　ㄖㄨˋ　ㄨㄟˊ,,,,,非主條成語
3076,烏集之眾,ㄨ　ㄐㄧˊ　ㄓ　ㄓㄨㄥˋ,,,,,非主條成語
3077,體無完肌,ㄊㄧˇ　ㄨˊ　ㄨㄢˊ　ㄐㄧ,,,,,非主條成語
3078,體無完皮,ㄊㄧˇ　ㄨˊ　ㄨㄢˊ　ㄆㄧˊ,,,,,非主條成語
3079,烏有子虛,ㄨ　ㄧㄡˇ　ㄗˇ　ㄒㄩ,,,,,非主條成語
3080,得趣忘形,ㄉㄜˊ　ㄑㄩˋ　ㄨㄤˋ　ㄒㄧㄥˊ,,,,,非主條成語
3081,失魄亡魂,ㄕ　ㄆㄛˋ　ㄨㄤˊ　ㄏㄨㄣˊ,,,,,非主條成語
3082,緣木希魚,ㄩㄢˊ　ㄇㄨˋ　ㄒㄧ　ㄩˊ,,,,,非主條成語
3083,魚目亂珠,ㄩˊ　ㄇㄨˋ　ㄌㄨㄢˋ　ㄓㄨ,,,,,非主條成語
3084,紹往開來,ㄕㄠˋ　ㄨㄤˇ　ㄎㄞ　ㄌㄞˊ,,,,,非主條成語
3085,魚目為珠,ㄩˊ　ㄇㄨˋ　ㄨㄟˊ　ㄓㄨ,,,,,非主條成語
3086,魚目混珍,ㄩˊ　ㄇㄨˋ　ㄏㄨㄣˋ　ㄓㄣ,,,,,非主條成語
3087,體恤入微,ㄊㄧˇ　ㄒㄩˋ　ㄖㄨˋ　ㄨㄟˊ,,,,,非主條成語
3088,失馬翁,ㄕ　ㄇㄚˇ　ㄨㄥ,,,,,非主條成語
3089,危言駭世,ㄨㄟˊ　ㄧㄢˊ　ㄏㄞˋ　ㄕˋ,,,,,非主條成語
3090,危於重卵,ㄨㄟˊ　ㄩˊ　ㄔㄨㄥˊ　ㄌㄨㄢˇ,,,,,非主條成語
3091,向狐謀裘,ㄒㄧㄤˋ　ㄏㄨˊ　ㄇㄡˊ　ㄑㄧㄡˊ,,,,,非主條成語
3092,急於星火,ㄐㄧˊ　ㄩˊ　ㄒㄧㄥ　ㄏㄨㄛˇ,,,,,非主條成語
3093,急星火,ㄐㄧˊ　ㄒㄧㄥ　ㄏㄨㄛˇ,,,,,非主條成語
3094,憊於奔命,ㄅㄟˋ　ㄩˊ　ㄅㄣ　ㄇㄧㄥˋ,,,,,非主條成語
3095,兔三窟,ㄊㄨˋ　ㄙㄢ　ㄎㄨ,,,,,非主條成語
3096,鬼出神入,ㄍㄨㄟˇ　ㄔㄨ　ㄕㄣˊ　ㄖㄨˋ,,,,,非主條成語
3097,身無寸鐵,ㄕㄣ　ㄨˊ　ㄘㄨㄣˋ　ㄊㄧㄝˇ,,,,,非主條成語
3098,物至而反,ㄨˋ　ㄓˋ　ㄦˊ　ㄈㄢˇ,,,,,非主條成語
3099,俱傷兩敗,ㄐㄩˋ　ㄕㄤ　ㄌㄧㄤˇ　ㄅㄞˋ,,,,,非主條成語
3100,各千秋,ㄍㄜˋ　ㄑㄧㄢ　ㄑㄧㄡ,,,,,非主條成語
3101,貉一丘,ㄏㄜˊ　ㄧ　ㄑㄧㄡ　（變）　ㄏㄜˊ　ㄧˋ　ㄑㄧㄡ,,,,,非主條成語
3102,解紛排難,ㄐㄧㄝˇ　ㄈㄣ　ㄆㄞˊ　ㄋㄢˋ,,,,,非主條成語
3103,名實不副,ㄇㄧㄥˊ　ㄕˊ　ㄅㄨˋ　ㄈㄨˋ　（變）　ㄇㄧㄥˊ　ㄕˊ　ㄅㄨˊ　ㄈㄨˋ,,,,,非主條成語
3104,敻然不同,ㄒㄩㄥˋ　ㄖㄢˊ　ㄅㄨˋ　ㄊㄨㄥˊ,,,,,非主條成語
3105,各有千古,ㄍㄜˋ　ㄧㄡˇ　ㄑㄧㄢ　ㄍㄨˇ,,,,,非主條成語
3106,?盡盧烹,ㄐㄩㄣˋ　ㄐㄧㄣˋ　ㄌㄨˊ　ㄆㄥ,,,,,非主條成語
3107,翻天作地,ㄈㄢ　ㄊㄧㄢ　ㄗㄨㄛˋ　ㄉㄧˋ,,,,,非主條成語
3108,翻天攪地,ㄈㄢ　ㄊㄧㄢ　ㄐㄧㄠˇ　ㄉㄧˋ,,,,,非主條成語
3109,僅識之無,ㄐㄧㄣˇ　ㄕˋ　ㄓ　ㄨˊ,,,,,非主條成語
3110,色飛眉舞,ㄙㄜˋ　ㄈㄟ　ㄇㄟˊ　ㄨˇ,,,,,非主條成語
3111,色舞眉飛,ㄙㄜˋ　ㄨˇ　ㄇㄟˊ　ㄈㄟ,,,,,非主條成語
3112,飢寧擇食,ㄐㄧ　ㄋㄧㄥˊ　ㄗㄜˊ　ㄕˊ,,,,,非主條成語
3113,包藏禍胎,ㄅㄠ　ㄘㄤˊ　ㄏㄨㄛˋ　ㄊㄞ,,,,,非主條成語
3114,殷殷不倦,ㄧㄣ　ㄧㄣ　ㄅㄨˋ　ㄐㄩㄢˋ　（變）　ㄧㄣ　ㄧㄣ　ㄅㄨˊ　ㄐㄩㄢˋ,,,,,非主條成語
3115,飽食豐衣,ㄅㄠˇ　ㄕˊ　ㄈㄥ　ㄧ,,,,,非主條成語
3116,僅辨菽麥,ㄐㄧㄣˇ　ㄅㄧㄢˋ　ㄕㄨˊ　ㄇㄞˋ,,,,,非主條成語
3117,飲鴆救渴,ㄧㄣˇ　ㄓㄣˋ　ㄐㄧㄡˋ　ㄎㄜˇ,,,,,非主條成語
3118,包含萬象,ㄅㄠ　ㄏㄢˊ　ㄨㄢˋ　ㄒㄧㄤˋ,,,,,非主條成語
3119,負德忘恩,ㄈㄨˋ　ㄉㄜˊ　ㄨㄤˋ　ㄣ,,,,,非主條成語
3120,假人鼻息,ㄐㄧㄚˇ　ㄖㄣˊ　ㄅㄧˊ　ㄒㄧˊ,,,,,非主條成語
3121,假公營私,ㄐㄧㄚˇ　ㄍㄨㄥ　ㄧㄥˊ　ㄙ,,,,,非主條成語
3122,名不虛得,ㄇㄧㄥˊ　ㄅㄨˋ　ㄒㄩ　ㄉㄜˊ,,,,,非主條成語
3123,炙手之勢,ㄓˋ　ㄕㄡˇ　ㄓ　ㄕˋ,,,,,非主條成語
3124,移天換日,ㄧˊ　ㄊㄧㄢ　ㄏㄨㄢˋ　ㄖˋ,,,,,非主條成語
3125,移手上下,ㄧˊ　ㄕㄡˇ　ㄕㄤˋ　ㄒㄧㄚˋ,,,,,非主條成語
3126,釋生取義,ㄕˋ　ㄕㄥ　ㄑㄩˇ　ㄧˋ,,,,,非主條成語
3127,稱功頌德,ㄔㄥ　ㄍㄨㄥ　ㄙㄨㄥˋ　ㄉㄜˊ,,,,,非主條成語
3128,臨淵履冰,ㄌㄧㄣˊ　ㄩㄢ　ㄌㄩˇ　ㄅㄧㄥ,,,,,非主條成語
3129,臨渴之掘,ㄌㄧㄣˊ　ㄎㄜˇ　ㄓ　ㄐㄩㄝˊ,,,,,非主條成語
3130,縱過飾非,ㄗㄨㄥˋ　ㄍㄨㄛˋ　ㄕˋ　ㄈㄟ,,,,,非主條成語
3131,各自為謀,ㄍㄜˋ　ㄗˋ　ㄨㄟˊ　ㄇㄡˊ,,,,,非主條成語
3132,縱心所欲,ㄗㄨㄥˋ　ㄒㄧㄣ　ㄙㄨㄛˇ　ㄩˋ,,,,,非主條成語
3133,縱虎入室,ㄗㄨㄥˋ　ㄏㄨˇ　ㄖㄨˋ　ㄕˋ,,,,,非主條成語
3134,似漆如膠,ㄙˋ　ㄑㄧ　ㄖㄨˊ　ㄐㄧㄠ,,,,,非主條成語
3135,鮮得要領,ㄒㄧㄢˇ　ㄉㄜˊ　ㄧㄠˋ　ㄌㄧㄥˇ,,,,,非主條成語
3136,作模作樣,ㄗㄨㄛˋ　ㄇㄛˊ　ㄗㄨㄛˋ　ㄧㄤˋ,,,,,非主條成語
3137,鮮廉寡恥,ㄒㄧㄢˇ　ㄌㄧㄢˊ　ㄍㄨㄚˇ　ㄔˇ,,,,,非主條成語
3138,徹桑未雨,ㄔㄜˋ　ㄙㄤ　ㄨㄟˋ　ㄩˇ,,,,,非主條成語
3139,價等連城,ㄐㄧㄚˋ　ㄉㄥˇ　ㄌㄧㄢˊ　ㄔㄥˊ,,,,,非主條成語
3140,傷矢之禽,ㄕㄤ　ㄕˇ　ㄓ　ㄑㄧㄣˊ,,,,,非主條成語
3141,攸向靡披,ㄧㄡ　ㄒㄧㄤˋ　ㄇㄧˇ　ㄆㄧ,,,,,非主條成語
3142,偷世竊名,ㄊㄡ　ㄕˋ　ㄑㄧㄝˋ　ㄇㄧㄥˊ,,,,,非主條成語
3143,價比連城,ㄐㄧㄚˋ　ㄅㄧˇ　ㄌㄧㄢˊ　ㄔㄥˊ,,,,,非主條成語
3144,侮文弄法,ㄨˇ　ㄨㄣˊ　ㄋㄨㄥˋ　ㄈㄚˇ,,,,,非主條成語
3145,翻陳出新,ㄈㄢ　ㄔㄣˊ　ㄔㄨ　ㄒㄧㄣ,,,,,非主條成語
3146,僂指可數,ㄌㄡˊ　ㄓˇ　ㄎㄜˇ　ㄕㄨˇ,,,,,非主條成語
3147,徐步當車,ㄒㄩˊ　ㄅㄨˋ　ㄉㄤ　ㄐㄩ,,,,,非主條成語
3148,飾外絮內,ㄕˋ　ㄨㄞˋ　ㄒㄩˋ　ㄋㄟˋ,,,,,非主條成語
3149,秋毫不染,ㄑㄧㄡ　ㄏㄠˊ　ㄅㄨˋ　ㄖㄢˇ,,,,,非主條成語
3150,稍識之無,ㄕㄠ　ㄕˋ　ㄓ　ㄨˊ,,,,,非主條成語
3151,以逸擊勞,ㄧˇ　ㄧˋ　ㄐㄧˊ　ㄌㄠˊ,,,,,非主條成語
3152,空空妙手,ㄎㄨㄥ　ㄎㄨㄥ　ㄇㄧㄠˋ　ㄕㄡˇ,,,,,非主條成語
3153,空囊如洗,ㄎㄨㄥ　ㄋㄤˊ　ㄖㄨˊ　ㄒㄧˇ,,,,,非主條成語
3154,秋毫無擾,ㄑㄧㄡ　ㄏㄠˊ　ㄨˊ　ㄖㄠˇ,,,,,非主條成語
3155,流移失所,ㄌㄧㄡˊ　ㄧˊ　ㄕ　ㄙㄨㄛˇ,,,,,非主條成語
3156,空谷之音,ㄎㄨㄥ　ㄍㄨˇ　ㄓ　ㄧㄣ,,,,,非主條成語
3157,愁眉不開,ㄔㄡˊ　ㄇㄟˊ　ㄅㄨˋ　ㄎㄞ,,,,,非主條成語
3158,流寓失所,ㄌㄧㄡˊ　ㄩˋ　ㄕ　ㄙㄨㄛˇ,,,,,非主條成語
3159,流汗沾背,ㄌㄧㄡˊ　ㄏㄢˋ　ㄓㄢ　ㄅㄟˋ,,,,,非主條成語
3160,秋水芙蕖,ㄑㄧㄡ　ㄕㄨㄟˇ　ㄈㄨˊ　ㄑㄩˊ,,,,,非主條成語
3161,空囊羞澀,ㄎㄨㄥ　ㄋㄤˊ　ㄒㄧㄡ　ㄙㄜˋ,,,,,非主條成語
3162,以身試險,ㄧˇ　ㄕㄣ　ㄕˋ　ㄒㄧㄢˇ,,,,,非主條成語
3163,秋色平分,ㄑㄧㄡ　ㄙㄜˋ　ㄆㄧㄥˊ　ㄈㄣ,,,,,非主條成語
3164,空拳赤手,ㄎㄨㄥ　ㄑㄩㄢˊ　ㄔˋ　ㄕㄡˇ,,,,,非主條成語
3165,泣牛衣,ㄑㄧˋ　ㄋㄧㄡˊ　ㄧ,,,,,非主條成語
3166,沆瀣一襟,ㄏㄤˋ　ㄒㄧㄝˋ　ㄧ　ㄐㄧㄣ　（變）　ㄏㄤˋ　ㄒㄧㄝˋ　ㄧˋ　ㄐㄧㄣ,,,,,非主條成語
3167,空有其表,ㄎㄨㄥ　ㄧㄡˇ　ㄑㄧˊ　ㄅㄧㄠˇ,,,,,非主條成語
3168,泣對牛衣,ㄑㄧˋ　ㄉㄨㄟˋ　ㄋㄧㄡˊ　ㄧ,,,,,非主條成語
3169,以漆投膠,ㄧˇ　ㄑㄧ　ㄊㄡˊ　ㄐㄧㄠ,,,,,非主條成語
3170,沆瀣一脈,ㄏㄤˋ　ㄒㄧㄝˋ　ㄧ　ㄇㄞˋ　（變）　ㄏㄤˋ　ㄒㄧㄝˋ　ㄧˊ　ㄇㄞˋ,,,,,非主條成語
3171,滴水石穿,ㄉㄧ　ㄕㄨㄟˇ　ㄕˊ　ㄔㄨㄢ,,,,,非主條成語
3172,以逸制勞,ㄧˇ　ㄧˋ　ㄓˋ　ㄌㄠˊ,,,,,非主條成語
3173,侮由自取,ㄨˇ　ㄧㄡˊ　ㄗˋ　ㄑㄩˇ,,,,,非主條成語
3174,完歸趙璧,ㄨㄢˊ　ㄍㄨㄟ　ㄓㄠˋ　ㄅㄧˋ,,,,,非主條成語
3175,寡信輕諾,ㄍㄨㄚˇ　ㄒㄧㄣˋ　ㄑㄧㄥ　ㄋㄨㄛˋ,,,,,非主條成語
3176,肩摩袂屬,ㄐㄧㄢ　ㄇㄛˊ　ㄇㄟˋ　ㄓㄨˇ,,,,,非主條成語
3177,寡不勝眾,ㄍㄨㄚˇ　ㄅㄨˋ　ㄕㄥˋ　ㄓㄨㄥˋ　（變）　ㄍㄨㄚˇ　ㄅㄨˊ　ㄕㄥˋ　ㄓㄨㄥˋ,,,,,非主條成語
3178,肩勞任怨,ㄐㄧㄢ　ㄌㄠˊ　ㄖㄣˋ　ㄩㄢˋ,,,,,非主條成語
3179,寡聞陋見,ㄍㄨㄚˇ　ㄨㄣˊ　ㄌㄡˋ　ㄐㄧㄢˋ,,,,,非主條成語
3180,以沫相濡,ㄧˇ　ㄇㄛˋ　ㄒㄧㄤ　ㄖㄨˊ,,,,,非主條成語
3181,寥寥無多,ㄌㄧㄠˊ　ㄌㄧㄠˊ　ㄨˊ　ㄉㄨㄛ,,,,,非主條成語
3182,凜凜威風,ㄌㄧㄣˇ　ㄌㄧㄣˇ　ㄨㄟ　ㄈㄥ,,,,,非主條成語
3183,家無四壁,ㄐㄧㄚ　ㄨˊ　ㄙˋ　ㄅㄧˋ,,,,,非主條成語
3184,寶花亂墜,ㄅㄠˇ　ㄏㄨㄚ　ㄌㄨㄢˋ　ㄓㄨㄟˋ,,,,,非主條成語
3185,室無長物,ㄕˋ　ㄨˊ　ㄓㄤˋ　ㄨˋ,,,,,非主條成語
3186,安心塌地,ㄢ　ㄒㄧㄣ　ㄊㄚ　ㄉㄧˋ,,,,,非主條成語
3187,宣威耀武,ㄒㄩㄢ　ㄨㄟ　ㄧㄠˋ　ㄨˇ,,,,,非主條成語
3188,寒灰復燃,ㄏㄢˊ　ㄏㄨㄟ　ㄈㄨˋ　ㄖㄢˊ,,,,,非主條成語
3189,安分守拙,ㄢ　ㄈㄣˋ　ㄕㄡˇ　ㄓㄨㄛˊ,,,,,非主條成語
3190,流膾人口,ㄌㄧㄡˊ　ㄎㄨㄞˋ　ㄖㄣˊ　ㄎㄡˇ,,,,,非主條成語
3191,室徒四壁,ㄕˋ　ㄊㄨˊ　ㄙˋ　ㄅㄧˋ,,,,,非主條成語
3192,穿鑿傅會,ㄔㄨㄢ　ㄗㄨㄛˋ　ㄈㄨˋ　ㄏㄨㄟˋ,,,,,非主條成語
3193,以身試禍,ㄧˇ　ㄕㄣ　ㄕˋ　ㄏㄨㄛˋ,,,,,非主條成語
3194,守殘保缺,ㄕㄡˇ　ㄘㄢˊ　ㄅㄠˇ　ㄑㄩㄝ,,,,,非主條成語
3195,穿楊百步,ㄔㄨㄢ　ㄧㄤˊ　ㄅㄞˇ　ㄅㄨˋ,,,,,非主條成語
3196,守此失彼,ㄕㄡˇ　ㄘˇ　ㄕ　ㄅㄧˇ,,,,,非主條成語
3197,牢補羊亡,ㄌㄠˊ　ㄅㄨˇ　ㄧㄤˊ　ㄨㄤˊ,,,,,非主條成語
3198,客至如歸,ㄎㄜˋ　ㄓˋ　ㄖㄨˊ　ㄍㄨㄟ,,,,,非主條成語
3199,害理傷天,ㄏㄞˋ　ㄌㄧˇ　ㄕㄤ　ㄊㄧㄢ,,,,,非主條成語
3200,酒瓮飯囊,ㄐㄧㄡˇ　ㄨㄥˋ　ㄈㄢˋ　ㄋㄤˊ,,,,,非主條成語
3201,凜然起敬,ㄌㄧㄣˇ　ㄖㄢˊ　ㄑㄧˇ　ㄐㄧㄥˋ,,,,,非主條成語
3202,汗流浹體,ㄏㄢˋ　ㄌㄧㄡˊ　ㄐㄧㄚˊ　ㄊㄧˇ,,,,,非主條成語
3203,酒地花天,ㄐㄧㄡˇ　ㄉㄧˋ　ㄏㄨㄚ　ㄊㄧㄢ,,,,,非主條成語
3204,竊鈴掩耳,ㄑㄧㄝˋ　ㄌㄧㄥˊ　ㄧㄢˇ　ㄦˇ,,,,,非主條成語
3205,瀝肝呈膽,ㄌㄧˋ　ㄍㄢ　ㄔㄥˊ　ㄉㄢˇ,,,,,非主條成語
3206,案舉齊眉,ㄢˋ　ㄐㄩˇ　ㄑㄧˊ　ㄇㄟˊ,,,,,非主條成語
3207,逼人咄咄,ㄅㄧ　ㄖㄣˊ　ㄉㄨㄛˋ　ㄉㄨㄛˋ,,,,,非主條成語
3208,還童返老,ㄏㄨㄢˊ　ㄊㄨㄥˊ　ㄈㄢˇ　ㄌㄠˇ,,,,,非主條成語
3209,河盟山誓,ㄏㄜˊ　ㄇㄥˊ　ㄕㄢ　ㄕˋ,,,,,非主條成語
3210,遠慮深謀,ㄩㄢˇ　ㄌㄩˋ　ㄕㄣ　ㄇㄡˊ,,,,,非主條成語
3211,江淹才盡,ㄐㄧㄤ　ㄧㄢ　ㄘㄞˊ　ㄐㄧㄣˋ,,,,,非主條成語
3212,還珠買櫝,ㄏㄨㄢˊ　ㄓㄨ　ㄇㄞˇ　ㄉㄨˊ,,,,,非主條成語
3213,還魂起死,ㄏㄨㄢˊ　ㄏㄨㄣˊ　ㄑㄧˇ　ㄙˇ,,,,,非主條成語
3214,逐末遺本,ㄓㄨˊ　ㄇㄛˋ　ㄧˊ　ㄅㄣˇ,,,,,非主條成語
3215,禮有往來,ㄌㄧˇ　ㄧㄡˇ　ㄨㄤˇ　ㄌㄞˊ,,,,,非主條成語
3216,心爽神怡,ㄒㄧㄣ　ㄕㄨㄤˇ　ㄕㄣˊ　ㄧˊ,,,,,非主條成語
3217,心狂意亂,ㄒㄧㄣ　ㄎㄨㄤˊ　ㄧˋ　ㄌㄨㄢˋ,,,,,非主條成語
3218,割雞焉用,ㄍㄜ　ㄐㄧ　ㄧㄢ　ㄩㄥˋ,,,,,非主條成語
3219,心如刀切,ㄒㄧㄣ　ㄖㄨˊ　ㄉㄠ　ㄑㄧㄝ,,,,,非主條成語
3220,心平氣溫,ㄒㄧㄣ　ㄆㄧㄥˊ　ㄑㄧˋ　ㄨㄣ,,,,,非主條成語
3221,心如刀刺,ㄒㄧㄣ　ㄖㄨˊ　ㄉㄠ　ㄘˋ,,,,,非主條成語
3222,心搖膽戰,ㄒㄧㄣ　ㄧㄠˊ　ㄉㄢˇ　ㄓㄢˋ,,,,,非主條成語
3223,心飛肉跳,ㄒㄧㄣ　ㄈㄟ　ㄖㄡˋ　ㄊㄧㄠˋ,,,,,非主條成語
3224,心戰膽栗,ㄒㄧㄣ　ㄓㄢˋ　ㄉㄢˇ　ㄌㄧˋ,,,,,非主條成語
3225,心腸鐵石,ㄒㄧㄣ　ㄔㄤˊ　ㄊㄧㄝˇ　ㄕˊ,,,,,非主條成語
3226,心腹相照,ㄒㄧㄣ　ㄈㄨˋ　ㄒㄧㄤ　ㄓㄠˋ,,,,,非主條成語
3227,心宰理得,ㄒㄧㄣ　ㄗㄞˇ　ㄌㄧˇ　ㄉㄜˊ,,,,,非主條成語
3228,心定理得,ㄒㄧㄣ　ㄉㄧㄥˋ　ㄌㄧˇ　ㄉㄜˊ,,,,,非主條成語
3229,心滿意愜,ㄒㄧㄣ　ㄇㄢˇ　ㄧˋ　ㄑㄧㄝˋ,,,,,非主條成語
3230,心愜意滿,ㄒㄧㄣ　ㄑㄧㄝˋ　ㄧˋ　ㄇㄢˇ,,,,,非主條成語
3231,心煩意悶,ㄒㄧㄣ　ㄈㄢˊ　ㄧˋ　ㄇㄣ,,,,,非主條成語
3232,心平德和,ㄒㄧㄣ　ㄆㄧㄥˊ　ㄉㄜˊ　ㄏㄜˊ,,,,,非主條成語
3233,心平氣舒,ㄒㄧㄣ　ㄆㄧㄥˊ　ㄑㄧˋ　ㄕㄨ,,,,,非主條成語
3234,業業兢兢,ㄧㄝˋ　ㄧㄝˋ　ㄐㄧㄥ　ㄐㄧㄥ,,,,,非主條成語
3235,心煩意躁,ㄒㄧㄣ　ㄈㄢˊ　ㄧˋ　ㄗㄠˋ,,,,,非主條成語
3236,心安理當,ㄒㄧㄣ　ㄢ　ㄌㄧˇ　ㄉㄤ,,,,,非主條成語
3237,浪靜風平,ㄌㄤˋ　ㄐㄧㄥˋ　ㄈㄥ　ㄆㄧㄥˊ,,,,,非主條成語
3238,心靈福至,ㄒㄧㄣ　ㄌㄧㄥˊ　ㄈㄨˊ　ㄓˋ,,,,,非主條成語
3239,活虎生龍,ㄏㄨㄛˊ　ㄏㄨˇ　ㄕㄥ　ㄌㄨㄥˊ,,,,,非主條成語
3240,心非口是,ㄒㄧㄣ　ㄈㄟ　ㄎㄡˇ　ㄕˋ,,,,,非主條成語
3241,心移神曠,ㄒㄧㄣ　ㄧˊ　ㄕㄣˊ　ㄎㄨㄤˋ,,,,,非主條成語
3242,試牛刀,ㄕˋ　ㄋㄧㄡˊ　ㄉㄠ,,,,,非主條成語
3243,壯氣橫秋,ㄓㄨㄤˋ　ㄑㄧˋ　ㄏㄥˊ　ㄑㄧㄡ,,,,,非主條成語
3244,連宵達旦,ㄌㄧㄢˊ　ㄒㄧㄠ　ㄉㄚˊ　ㄉㄢˋ,,,,,非主條成語
3245,為山止簣,ㄨㄟˊ　ㄕㄢ　ㄓˇ　ㄎㄨㄟˋ,,,,,非主條成語
3246,連城之價,ㄌㄧㄢˊ　ㄔㄥˊ　ㄓ　ㄐㄧㄚˋ,,,,,非主條成語
3247,邊幅不修,ㄅㄧㄢ　ㄈㄨˊ　ㄅㄨˋ　ㄒㄧㄡ,,,,,非主條成語
3248,為小妨大,ㄨㄟˋ　ㄒㄧㄠˇ　ㄈㄤˊ　ㄉㄚˋ,,,,,非主條成語
3249,過自菲薄,ㄍㄨㄛˋ　ㄗˋ　ㄈㄟˇ　ㄅㄛˊ,,,,,非主條成語
3250,計較錙銖,ㄐㄧˋ　ㄐㄧㄠˋ　ㄗ　ㄓㄨ,,,,,非主條成語
3251,為之奈何,ㄨㄟˋ　ㄓ　ㄋㄞˋ　ㄏㄜˊ,,,,,非主條成語
3252,造車合轍,ㄗㄠˋ　ㄐㄩ　ㄏㄜˊ　ㄓㄜˊ,,,,,非主條成語
3253,漠不關情,ㄇㄛˋ　ㄅㄨˋ　ㄍㄨㄢ　ㄑㄧㄥˊ,,,,,非主條成語
3254,洪濤駭浪,ㄏㄨㄥˊ　ㄊㄠˊ　ㄏㄞˋ　ㄌㄤˋ,,,,,非主條成語
3255,過市招搖,ㄍㄨㄛˋ　ㄕˋ　ㄓㄠ　ㄧㄠˊ,,,,,非主條成語
3256,襟捉肘露,ㄐㄧㄣ　ㄓㄨㄛ　ㄓㄡˇ　ㄌㄨˋ,,,,,非主條成語
3257,達旦通宵,ㄉㄚˊ　ㄉㄢˋ　ㄊㄨㄥ　ㄒㄧㄠ,,,,,非主條成語
3258,頭蓬面垢,ㄊㄡˊ　ㄆㄥˊ　ㄇㄧㄢˋ　ㄍㄡˋ,,,,,非主條成語
3259,婆心苦口,ㄆㄛˊ　ㄒㄧㄣ　ㄎㄨˇ　ㄎㄡˇ,,,,,非主條成語
3260,凌雲意氣,ㄌㄧㄥˊ　ㄩㄣˊ　ㄧˋ　ㄑㄧˋ,,,,,非主條成語
3261,過望之喜,ㄍㄨㄛˋ　ㄨㄤˋ　ㄓ　ㄒㄧˇ,,,,,非主條成語
3262,淋漓透徹,ㄌㄧㄣˊ　ㄌㄧˊ　ㄊㄡˋ　ㄔㄜˋ,,,,,非主條成語
3263,沐猴冠,ㄇㄨˋ　ㄏㄡˊ　ㄍㄨㄢ,,,,,非主條成語
3264,滿面生春,ㄇㄢˇ　ㄇㄧㄢˋ　ㄕㄥ　ㄔㄨㄣ,,,,,非主條成語
3265,訛以傳訛,ㄜˊ　ㄧˇ　ㄔㄨㄢˊ　ㄜˊ,,,,,非主條成語
3266,潛心積慮,ㄑㄧㄢˊ　ㄒㄧㄣ　ㄐㄧ　ㄌㄩˋ,,,,,非主條成語
3267,淋漓痛快,ㄌㄧㄣˊ　ㄌㄧˊ　ㄊㄨㄥˋ　ㄎㄨㄞˋ,,,,,非主條成語
3268,計深慮遠,ㄐㄧˋ　ㄕㄣ　ㄌㄩˋ　ㄩㄢˇ,,,,,非主條成語
3269,謀深慮遠,ㄇㄡˊ　ㄕㄣ　ㄌㄩˋ　ㄩㄢˇ,,,,,非主條成語
3270,神光陸離,ㄕㄣˊ　ㄍㄨㄤ　ㄌㄨˋ　ㄌㄧˊ,,,,,非主條成語
3271,袖手無策,ㄒㄧㄡˋ　ㄕㄡˇ　ㄨˊ　ㄘㄜˋ,,,,,非主條成語
3272,遺珠滄海,ㄧˊ　ㄓㄨ　ㄘㄤ　ㄏㄞˇ,,,,,非主條成語
3273,遺臭萬世,ㄧˊ　ㄔㄡˋ　ㄨㄢˋ　ㄕˋ,,,,,非主條成語
3274,凌風知勁節,ㄌㄧㄥˊ　ㄈㄥ　ㄓ　ㄐㄧㄥˋ　ㄐㄧㄝˊ,,,,,非主條成語
3275,神鏡高懸,ㄕㄣˊ　ㄐㄧㄥˋ　ㄍㄠ　ㄒㄩㄢˊ,,,,,非主條成語
3276,神沒鬼出,ㄕㄣˊ　ㄇㄛˋ　ㄍㄨㄟˇ　ㄔㄨ,,,,,非主條成語
3277,頭焦額爛,ㄊㄡˊ　ㄐㄧㄠ　ㄜˊ　ㄌㄢˋ,,,,,非主條成語
3278,混融貫通,ㄏㄨㄣˊ　ㄖㄨㄥˊ　ㄍㄨㄢˋ　ㄊㄨㄥ,,,,,非主條成語
3279,漫不加意,ㄇㄢˋ　ㄅㄨˋ　ㄐㄧㄚ　ㄧˋ,,,,,非主條成語
3280,渴而穿井,ㄎㄜˇ　ㄦˊ　ㄔㄨㄢ　ㄐㄧㄥˇ,,,,,非主條成語
3281,禍由自取,ㄏㄨㄛˋ　ㄧㄡˊ　ㄗˋ　ㄑㄩˇ,,,,,非主條成語
3282,馮河暴虎,ㄆㄧㄥˊ　ㄏㄜˊ　ㄅㄠˋ　ㄏㄨˇ,,,,,非主條成語
3283,瀉水懸河,ㄒㄧㄝˋ　ㄕㄨㄟˇ　ㄒㄩㄢˊ　ㄏㄜˊ,,,,,非主條成語
3284,識之無,ㄕˋ　ㄓ　ㄨˊ,,,,,非主條成語
3285,鴻泥雪爪,ㄏㄨㄥˊ　ㄋㄧˊ　ㄒㄩㄝˇ　ㄓㄠˇ,,,,,非主條成語
3286,泥雪鴻跡,ㄋㄧˊ　ㄒㄩㄝˇ　ㄏㄨㄥˊ　ㄐㄧ,,,,,非主條成語
3287,泥牛下水,ㄋㄧˊ　ㄋㄧㄡˊ　ㄒㄧㄚˋ　ㄕㄨㄟˇ,,,,,非主條成語
3288,洗心回面,ㄒㄧˇ　ㄒㄧㄣ　ㄏㄨㄟˊ　ㄇㄧㄢˋ,,,,,非主條成語
3289,涇渭了然,ㄐㄧㄥ　ㄨㄟˋ　ㄌㄧㄠˇ　ㄖㄢˊ,,,,,非主條成語
3290,涇渭不雜,ㄐㄧㄥ　ㄨㄟˋ　ㄅㄨˋ　ㄗㄚˊ,,,,,非主條成語
3291,清源正本,ㄑㄧㄥ　ㄩㄢˊ　ㄓㄥˋ　ㄅㄣˇ,,,,,非主條成語
3292,深居罕出,ㄕㄣ　ㄐㄩ　ㄏㄢˇ　ㄔㄨ,,,,,非主條成語
3293,清談高論,ㄑㄧㄥ　ㄊㄢˊ　ㄍㄠ　ㄌㄨㄣˋ,,,,,非主條成語
3294,清野堅壁,ㄑㄧㄥ　ㄧㄝˇ　ㄐㄧㄢ　ㄅㄧˋ,,,,,非主條成語
3295,將陋就簡,ㄐㄧㄤ　ㄌㄡˋ　ㄐㄧㄡˋ　ㄐㄧㄢˇ,,,,,非主條成語
3296,門戶匹敵,ㄇㄣˊ　ㄏㄨˋ　ㄆㄧˇ　ㄉㄧˊ,,,,,非主條成語
3297,深藏簡出,ㄕㄣ　ㄘㄤˊ　ㄐㄧㄢˇ　ㄔㄨ,,,,,非主條成語
3298,深謀遠計,ㄕㄣ　ㄇㄡˊ　ㄩㄢˇ　ㄐㄧˋ,,,,,非主條成語
3299,深計大慮,ㄕㄣ　ㄐㄧˋ　ㄉㄚˋ　ㄌㄩˋ,,,,,非主條成語
3300,深計遠慮,ㄕㄣ　ㄐㄧˋ　ㄩㄢˇ　ㄌㄩˋ,,,,,非主條成語
3301,迫如星火,ㄆㄛˋ　ㄖㄨˊ　ㄒㄧㄥ　ㄏㄨㄛˇ,,,,,非主條成語
3302,閉口無言,ㄅㄧˋ　ㄎㄡˇ　ㄨˊ　ㄧㄢˊ,,,,,非主條成語
3303,洞如指掌,ㄉㄨㄥˋ　ㄖㄨˊ　ㄓˇ　ㄓㄤˇ,,,,,非主條成語
3304,冠前絕後,ㄍㄨㄢˋ　ㄑㄧㄢˊ　ㄐㄩㄝˊ　ㄏㄡˋ,,,,,非主條成語
3305,渾無所有,ㄏㄨㄣˊ　ㄨˊ　ㄙㄨㄛˇ　ㄧㄡˇ,,,,,非主條成語
3306,通宵徹晝,ㄊㄨㄥ　ㄒㄧㄠ　ㄔㄜˋ　ㄓㄡˋ,,,,,非主條成語
3307,渾崙吞棗,ㄏㄨㄣˊ　ㄌㄨㄣˊ　ㄊㄨㄣ　ㄗㄠˇ,,,,,非主條成語
3308,聞風披靡,ㄨㄣˊ　ㄈㄥ　ㄆㄧ　ㄇㄧˇ,,,,,非主條成語
3309,將無作有,ㄐㄧㄤ　ㄨˊ　ㄗㄨㄛˋ　ㄧㄡˇ,,,,,非主條成語
3310,閉造出合,ㄅㄧˋ　ㄗㄠˋ　ㄔㄨ　ㄏㄜˊ,,,,,非主條成語
3311,詞嚴理正,ㄘˊ　ㄧㄢˊ　ㄌㄧˇ　ㄓㄥˋ,,,,,非主條成語
3312,問罪興師,ㄨㄣˋ　ㄗㄨㄟˋ　ㄒㄧㄥ　ㄕ,,,,,非主條成語
3313,詞簡意備,ㄘˊ　ㄐㄧㄢˇ　ㄧˋ　ㄅㄟˋ,,,,,非主條成語
3314,門前如市,ㄇㄣˊ　ㄑㄧㄢˊ　ㄖㄨˊ　ㄕˋ,,,,,非主條成語
3315,調高和寡,ㄉㄧㄠˋ　ㄍㄠ　ㄏㄜˋ　ㄍㄨㄚˇ,,,,,非主條成語
3316,朗然若揭,ㄌㄤˇ　ㄖㄢˊ　ㄖㄨㄛˋ　ㄐㄧㄝ,,,,,非主條成語
3317,閉戶斲輪,ㄅㄧˋ　ㄏㄨˋ　ㄓㄨㄛˊ　ㄌㄨㄣˊ,,,,,非主條成語
3318,設心積慮,ㄕㄜˋ　ㄒㄧㄣ　ㄐㄧ　ㄌㄩˋ,,,,,非主條成語
3319,迎刃而判,ㄧㄥˊ　ㄖㄣˋ　ㄦˊ　ㄆㄢˋ,,,,,非主條成語
3320,冷言酸語,ㄌㄥˇ　ㄧㄢˊ　ㄙㄨㄢ　ㄩˇ,,,,,非主條成語
3321,迎刃冰解,ㄧㄥˊ　ㄖㄣˋ　ㄅㄧㄥ　ㄐㄧㄝˇ,,,,,非主條成語
3322,游刃皆虛,ㄧㄡˊ　ㄖㄣˋ　ㄐㄧㄝ　ㄒㄩ,,,,,非主條成語
3323,游刃餘地,ㄧㄡˊ　ㄖㄣˋ　ㄩˊ　ㄉㄧˋ,,,,,非主條成語
3324,游刃恢恢,ㄧㄡˊ　ㄖㄣˋ　ㄏㄨㄟ　ㄏㄨㄟ,,,,,非主條成語
3325,游思妄想,ㄧㄡˊ　ㄙ　ㄨㄤˋ　ㄒㄧㄤˇ,,,,,非主條成語
3326,濫廁其間,ㄌㄢˋ　ㄘˋ　ㄑㄧˊ　ㄐㄧㄢ,,,,,非主條成語
3327,游光掠影,ㄧㄡˊ　ㄍㄨㄤ　ㄌㄩㄝˋ　ㄧㄥˇ,,,,,非主條成語
3328,海覆天翻,ㄏㄞˇ　ㄈㄨˋ　ㄊㄧㄢ　ㄈㄢ,,,,,非主條成語
3329,海闊天高,ㄏㄞˇ　ㄎㄨㄛˋ　ㄊㄧㄢ　ㄍㄠ,,,,,非主條成語
3330,海約山盟,ㄏㄞˇ　ㄩㄝ　ㄕㄢ　ㄇㄥˊ,,,,,非主條成語
3331,海內尋針,ㄏㄞˇ　ㄋㄟˋ　ㄒㄩㄣˊ　ㄓㄣ,,,,,非主條成語
3332,通宵徹夜,ㄊㄨㄥ　ㄒㄧㄠ　ㄔㄜˋ　ㄧㄝˋ,,,,,非主條成語
3333,逆施倒行,ㄋㄧˋ　ㄕ　ㄉㄠˋ　ㄒㄧㄥˊ,,,,,非主條成語
3334,逆境順受,ㄋㄧˋ　ㄐㄧㄥˋ　ㄕㄨㄣˋ　ㄕㄡˋ,,,,,非主條成語
3335,道不由衷,ㄉㄠˋ　ㄅㄨˋ　ㄧㄡˊ　ㄓㄨㄥ,,,,,非主條成語
3336,道貌凜然,ㄉㄠˋ　ㄇㄠˋ　ㄌㄧㄣˇ　ㄖㄢˊ,,,,,非主條成語
3337,游釜之魚,ㄧㄡˊ　ㄈㄨˇ　ㄓ　ㄩˊ,,,,,非主條成語
3338,鴻爪雪泥,ㄏㄨㄥˊ　ㄓㄠˇ　ㄒㄩㄝˇ　ㄋㄧˊ,,,,,非主條成語
3339,聞雞舞,ㄨㄣˊ　ㄐㄧ　ㄨˇ,,,,,非主條成語
3340,力爭上流,ㄌㄧˋ　ㄓㄥ　ㄕㄤˋ　ㄌㄧㄡˊ,,,,,非主條成語
3341,力省功倍,ㄌㄧˋ　ㄕㄥˇ　ㄍㄨㄥ　ㄅㄟˋ,,,,,非主條成語
3342,力半功倍,ㄌㄧˋ　ㄅㄢˋ　ㄍㄨㄥ　ㄅㄟˋ,,,,,非主條成語
3343,十寒一暴,ㄕˊ　ㄏㄢˊ　ㄧ　ㄆㄨˋ　（變）　ㄕˊ　ㄏㄢˊ　ㄧˊ　ㄆㄨˋ,,,,,非主條成語
3344,力不逮心,ㄌㄧˋ　ㄅㄨˋ　ㄉㄞˋ　ㄒㄧㄣ　（變）　ㄌㄧˋ　ㄅㄨˊ　ㄉㄞˋ　ㄒㄧㄣ,,,,,非主條成語
3345,道聽途傳,ㄉㄠˋ　ㄊㄧㄥ　ㄊㄨˊ　ㄔㄨㄢˊ,,,,,非主條成語
3346,壺漿簞食,ㄏㄨˊ　ㄐㄧㄤ　ㄉㄢ　ㄙˋ,,,,,非主條成語
3347,境與心違,ㄐㄧㄥˋ　ㄩˇ　ㄒㄧㄣ　ㄨㄟˊ,,,,,非主條成語
3348,九層雲外,ㄐㄧㄡˇ　ㄘㄥˊ　ㄩㄣˊ　ㄨㄞˋ,,,,,非主條成語
3349,力與願違,ㄌㄧˋ　ㄩˇ　ㄩㄢˋ　ㄨㄟˊ,,,,,非主條成語
3350,力不及心,ㄌㄧˋ　ㄅㄨˋ　ㄐㄧˊ　ㄒㄧㄣ,,,,,非主條成語
3351,九仞一簣,ㄐㄧㄡˇ　ㄖㄣˋ　ㄧ　ㄎㄨㄟˋ　（變）　ㄐㄧㄡˇ　ㄖㄣˋ　ㄧˊ　ㄎㄨㄟˋ,,,,,非主條成語
3352,九死餘生,ㄐㄧㄡˇ　ㄙˇ　ㄩˊ　ㄕㄥ,,,,,非主條成語
3353,才盡江淹,ㄘㄞˊ　ㄐㄧㄣˋ　ㄐㄧㄤ　ㄧㄢ,,,,,非主條成語
3354,聲淚俱咽,ㄕㄥ　ㄌㄟˋ　ㄐㄩˋ　ㄧㄝˋ,,,,,非主條成語
3355,聲遏行雲,ㄕㄥ　ㄜˋ　ㄒㄧㄥˊ　ㄩㄣˊ,,,,,非主條成語
3356,義盡仁至,ㄧˋ　ㄐㄧㄣˋ　ㄖㄣˊ　ㄓˋ,,,,,非主條成語
3357,談過其實,ㄊㄢˊ　ㄍㄨㄛˋ　ㄑㄧˊ　ㄕˊ,,,,,非主條成語
3358,十成九穩,ㄕˊ　ㄔㄥˊ　ㄐㄧㄡˇ　ㄨㄣˇ,,,,,非主條成語
3359,九霄雲路,ㄐㄧㄡˇ　ㄒㄧㄠ　ㄩㄣˊ　ㄌㄨˋ,,,,,非主條成語
3360,九鼎一言,ㄐㄧㄡˇ　ㄉㄧㄥˇ　ㄧ　ㄧㄢˊ　（變）　ㄐㄧㄡˇ　ㄉㄧㄥˇ　ㄧˋ　ㄧㄢˊ,,,,,非主條成語
3361,義切辭嚴,ㄧˋ　ㄑㄧㄝˋ　ㄘˊ　ㄧㄢˊ,,,,,非主條成語
3362,直言厲色,ㄓˊ　ㄧㄢˊ　ㄌㄧˋ　ㄙㄜˋ,,,,,非主條成語
3363,有色有聲,ㄧㄡˇ　ㄙㄜˋ　ㄧㄡˇ　ㄕㄥ,,,,,非主條成語
3364,義不得辭,ㄧˋ　ㄅㄨˋ　ㄉㄜˊ　ㄘˊ,,,,,非主條成語
3365,義無所辭,ㄧˋ　ㄨˊ　ㄙㄨㄛˇ　ㄘˊ,,,,,非主條成語
3366,十行一目,ㄕˊ　ㄏㄤˊ　ㄧ　ㄇㄨˋ　（變）　ㄕˊ　ㄏㄤˊ　ㄧˊ　ㄇㄨˋ,,,,,非主條成語
3367,內荏外剛,ㄋㄟˋ　ㄖㄣˇ　ㄨㄞˋ　ㄍㄤ,,,,,非主條成語
3368,有觸即發,ㄧㄡˇ　ㄔㄨˋ　ㄐㄧˊ　ㄈㄚ,,,,,非主條成語
3369,才傾八斗,ㄘㄞˊ　ㄑㄧㄥ　ㄅㄚ　ㄉㄡˇ,,,,,非主條成語
3370,才富八斗,ㄘㄞˊ　ㄈㄨˋ　ㄅㄚ　ㄉㄡˇ,,,,,非主條成語
3371,有恃不恐,ㄧㄡˇ　ㄕˋ　ㄅㄨˋ　ㄎㄨㄥˇ,,,,,非主條成語
3372,有目咸睹,ㄧㄡˇ　ㄇㄨˋ　ㄒㄧㄢˊ　ㄉㄨˇ,,,,,非主條成語
3373,南山之壽,ㄋㄢˊ　ㄕㄢ　ㄓ　ㄕㄡˋ,,,,,非主條成語
3374,南山捷徑,ㄋㄢˊ　ㄕㄢ　ㄐㄧㄝˊ　ㄐㄧㄥˋ,,,,,非主條成語
3375,直口無言,ㄓˊ　ㄎㄡˇ　ㄨˊ　ㄧㄢˊ,,,,,非主條成語
3376,聲西擊東,ㄕㄥ　ㄒㄧ　ㄐㄧˊ　ㄉㄨㄥ,,,,,非主條成語
3377,寸草無遺,ㄘㄨㄣˋ　ㄘㄠˇ　ㄨˊ　ㄧˊ,,,,,非主條成語
3378,志與願違,ㄓˋ　ㄩˇ　ㄩㄢˋ　ㄨㄟˊ,,,,,非主條成語
3379,聲色不動,ㄕㄥ　ㄙㄜˋ　ㄅㄨˋ　ㄉㄨㄥˋ　（變）　ㄕㄥ　ㄙㄜˋ　ㄅㄨˊ　ㄉㄨㄥˋ,,,,,非主條成語
3380,志陵雲霓,ㄓˋ　ㄌㄧㄥˊ　ㄩㄣˊ　ㄋㄧˊ,,,,,非主條成語
3381,聲淚俱發,ㄕㄥ　ㄌㄟˋ　ㄐㄩˋ　ㄈㄚ,,,,,非主條成語
3382,李戴張帽,ㄌㄧˇ　ㄉㄞˋ　ㄓㄤ　ㄇㄠˋ,,,,,非主條成語
3383,李代桃,ㄌㄧˇ　ㄉㄞˋ　ㄊㄠˊ,,,,,非主條成語
3384,牽湊附會,ㄑㄧㄢ　ㄘㄡˋ　ㄈㄨˋ　ㄏㄨㄟˋ,,,,,非主條成語
3385,十家九空,ㄕˊ　ㄐㄧㄚ　ㄐㄧㄡˇ　ㄎㄨㄥ,,,,,非主條成語
3386,古香古色,ㄍㄨˇ　ㄒㄧㄤ　ㄍㄨˇ　ㄙㄜˋ,,,,,非主條成語
3387,十色五光,ㄕˊ　ㄙㄜˋ　ㄨˇ　ㄍㄨㄤ,,,,,非主條成語
3388,喜動顏開,ㄒㄧˇ　ㄉㄨㄥˋ　ㄧㄢˊ　ㄎㄞ,,,,,非主條成語
3389,右盼左顧,ㄧㄡˋ　ㄆㄢˋ　ㄗㄨㄛˇ　ㄍㄨˋ,,,,,非主條成語
3390,喜容可掬,ㄒㄧˇ　ㄖㄨㄥˊ　ㄎㄜˇ　ㄐㄩˊ,,,,,非主條成語
3391,較量錙銖,ㄐㄧㄠˋ　ㄌㄧㄤˋ　ㄗ　ㄓㄨ,,,,,非主條成語
3392,志合意同,ㄓˋ　ㄏㄜˊ　ㄧˋ　ㄊㄨㄥˊ,,,,,非主條成語
3393,奮不慮身,ㄈㄣˋ　ㄅㄨˋ　ㄌㄩˋ　ㄕㄣ　（變）　ㄈㄣˋ　ㄅㄨˊ　ㄌㄩˋ　ㄕㄣ,,,,,非主條成語
3394,奮不顧命,ㄈㄣˋ　ㄅㄨˋ　ㄍㄨˋ　ㄇㄧㄥˋ　（變）　ㄈㄣˋ　ㄅㄨˊ　ㄍㄨˋ　ㄇㄧㄥˋ,,,,,非主條成語
3395,奮身不顧,ㄈㄣˋ　ㄕㄣ　ㄅㄨˋ　ㄍㄨˋ　（變）　ㄈㄣˋ　ㄕㄣ　ㄅㄨˊ　ㄍㄨˋ,,,,,非主條成語
3396,帷幄運籌,ㄨㄟˊ　ㄨㄛˋ　ㄩㄣˋ　ㄔㄡˊ,,,,,非主條成語
3397,喜出意外,ㄒㄧˇ　ㄔㄨ　ㄧˋ　ㄨㄞˋ,,,,,非主條成語
3398,喜出非望,ㄒㄧˇ　ㄔㄨ　ㄈㄟ　ㄨㄤˋ,,,,,非主條成語
3399,吉人天佑,ㄐㄧˊ　ㄖㄣˊ　ㄊㄧㄢ　ㄧㄡˋ,,,,,非主條成語
3400,志人人殊,ㄓˋ　ㄖㄣˊ　ㄖㄣˊ　ㄕㄨ,,,,,非主條成語
3401,七行俱下,ㄑㄧ　ㄏㄤˊ　ㄐㄩˋ　ㄒㄧㄚˋ,,,,,非主條成語
3402,大言聳聽,ㄉㄚˋ　ㄧㄢˊ　ㄙㄨㄥˇ　ㄊㄧㄥ,,,,,非主條成語
3403,大敗塗地,ㄉㄚˋ　ㄅㄞˋ　ㄊㄨˊ　ㄉㄧˋ,,,,,非主條成語
3404,大才晚成,ㄉㄚˋ　ㄘㄞˊ　ㄨㄢˇ　ㄔㄥˊ,,,,,非主條成語
3405,走馬觀花,ㄗㄡˇ　ㄇㄚˇ　ㄍㄨㄢ　ㄏㄨㄚ,,,,,非主條成語
3406,木直自寇,ㄇㄨˋ　ㄓˊ　ㄗˋ　ㄎㄡˋ,,,,,非主條成語
3407,木槁灰寒,ㄇㄨˋ　ㄍㄠˇ　ㄏㄨㄟ　ㄏㄢˊ,,,,,非主條成語
3408,奈如之何,ㄋㄞˋ　ㄖㄨˊ　ㄓ　ㄏㄜˊ,,,,,非主條成語
3409,大道康莊,ㄉㄚˋ　ㄉㄠˋ　ㄎㄤ　ㄓㄨㄤ,,,,,非主條成語
3410,大海一粟,ㄉㄚˋ　ㄏㄞˇ　ㄧ　ㄙㄨˋ　（變）　ㄉㄚˋ　ㄏㄞˇ　ㄧˊ　ㄙㄨˋ,,,,,非主條成語
3411,東海桑田,ㄉㄨㄥ　ㄏㄞˇ　ㄙㄤ　ㄊㄧㄢˊ,,,,,非主條成語
3412,東風馬耳,ㄉㄨㄥ　ㄈㄥ　ㄇㄚˇ　ㄦˇ,,,,,非主條成語
3413,奄奄餘息,ㄧㄢ　ㄧㄢ　ㄩˊ　ㄒㄧˊ,,,,,非主條成語
3414,枉費心神,ㄨㄤˇ　ㄈㄟˋ　ㄒㄧㄣ　ㄕㄣˊ,,,,,非主條成語
3415,喪氣垂頭,ㄙㄤˋ　ㄑㄧˋ　ㄔㄨㄟˊ　ㄊㄡˊ,,,,,非主條成語
3416,杯蛇弓影,ㄅㄟ　ㄕㄜˊ　ㄍㄨㄥ　ㄧㄥˇ,,,,,非主條成語
3417,刈草除根,ㄧˋ　ㄘㄠˇ　ㄔㄨˊ　ㄍㄣ,,,,,非主條成語
3418,垢面蓬頭,ㄍㄡˋ　ㄇㄧㄢˋ　ㄆㄥˊ　ㄊㄡˊ,,,,,非主條成語
3419,桃僵李代,ㄊㄠˊ　ㄐㄧㄤ　ㄌㄧˇ　ㄉㄞˋ,,,,,非主條成語
3420,去事之戒，來事之師,ㄑㄩˋ　ㄕˋ　ㄓ　ㄐㄧㄝˋ　ㄌㄞˊ　ㄕˋ　ㄓ　ㄕ,,,,,非主條成語
3421,去草絕根,ㄑㄩˋ　ㄘㄠˇ　ㄐㄩㄝˊ　ㄍㄣ,,,,,非主條成語
3422,長驅深入,ㄔㄤˊ　ㄑㄩ　ㄕㄣ　ㄖㄨˋ,,,,,非主條成語
3423,喪馬之翁,ㄙㄤˋ　ㄇㄚˇ　ㄓ　ㄨㄥ,,,,,非主條成語
3424,龍馬行天,ㄌㄨㄥˊ　ㄇㄚˇ　ㄒㄧㄥˊ　ㄊㄧㄢ,,,,,非主條成語
3425,嬌生貴養,ㄐㄧㄠ　ㄕㄥ　ㄍㄨㄟˋ　ㄧㄤˇ,,,,,非主條成語
3426,東施捧心,ㄉㄨㄥ　ㄕ　ㄆㄥˇ　ㄒㄧㄣ,,,,,非主條成語
3427,龍蟠鳳舞,ㄌㄨㄥˊ　ㄆㄢˊ　ㄈㄥˋ　ㄨˇ,,,,,非主條成語
3428,奄奄殘息,ㄧㄢ　ㄧㄢ　ㄘㄢˊ　ㄒㄧˊ,,,,,非主條成語
3429,長驅直突,ㄔㄤˊ　ㄑㄩ　ㄓˊ　ㄊㄨˊ,,,,,非主條成語
3430,龍翔鳳舞,ㄌㄨㄥˊ　ㄒㄧㄤˊ　ㄈㄥˋ　ㄨˇ,,,,,非主條成語
3431,槁木寒灰,ㄍㄠˇ　ㄇㄨˋ　ㄏㄢˊ　ㄏㄨㄟ,,,,,非主條成語
3432,狼心狗意,ㄌㄤˊ　ㄒㄧㄣ　ㄍㄡˇ　ㄧˋ,,,,,非主條成語
3433,城下盟,ㄔㄥˊ　ㄒㄧㄚˋ　ㄇㄥˊ,,,,,非主條成語
3434,截鐵斬釘,ㄐㄧㄝˊ　ㄊㄧㄝˇ　ㄓㄢˇ　ㄉㄧㄥ,,,,,非主條成語
3435,地窮山盡,ㄉㄧˋ　ㄑㄩㄥˊ　ㄕㄢ　ㄐㄧㄣˋ,,,,,非主條成語
3436,鼓旗相當,ㄍㄨˇ　ㄑㄧˊ　ㄒㄧㄤ　ㄉㄤ,,,,,非主條成語
3437,花嘴花舌,ㄏㄨㄚ　ㄗㄨㄟˇ　ㄏㄨㄚ　ㄕㄜˊ,,,,,非主條成語
3438,萍水相交,ㄆㄧㄥˊ　ㄕㄨㄟˇ　ㄒㄧㄤ　ㄐㄧㄠ,,,,,非主條成語
3439,萍水相值,ㄆㄧㄥˊ　ㄕㄨㄟˇ　ㄒㄧㄤ　ㄓˊ,,,,,非主條成語
3440,鼓舞歡欣,ㄍㄨˇ　ㄨˇ　ㄏㄨㄢ　ㄒㄧㄣ,,,,,非主條成語
3441,考終正寢,ㄎㄠˇ　ㄓㄨㄥ　ㄓㄥˋ　ㄑㄧㄣˇ,,,,,非主條成語
3442,越庖代俎,ㄩㄝˋ　ㄆㄠˊ　ㄉㄞˋ　ㄗㄨˇ,,,,,非主條成語
3443,獵心復萌,ㄌㄧㄝˋ　ㄒㄧㄣ　ㄈㄨˋ　ㄇㄥˊ,,,,,非主條成語
3444,落筆成章,ㄌㄨㄛˋ　ㄅㄧˇ　ㄔㄥˊ　ㄓㄤ,,,,,非主條成語
3445,節縮衣食,ㄐㄧㄝˊ　ㄙㄨㄛ　ㄧ　ㄕˊ,,,,,非主條成語
3446,蒸蒸日盛,ㄓㄥ　ㄓㄥ　ㄖˋ　ㄕㄥˋ,,,,,非主條成語
3447,地滅天誅,ㄉㄧˋ　ㄇㄧㄝˋ　ㄊㄧㄢ　ㄓㄨ,,,,,非主條成語
3448,赴難如歸,ㄈㄨˋ　ㄋㄢˋ　ㄖㄨˊ　ㄍㄨㄟ,,,,,非主條成語
3449,花移木接,ㄏㄨㄚ　ㄧˊ　ㄇㄨˋ　ㄐㄧㄝ,,,,,非主條成語
3450,草率了事,ㄘㄠˇ　ㄕㄨㄞˋ　ㄌㄧㄠˇ　ㄕˋ,,,,,非主條成語
3451,花添錦上,ㄏㄨㄚ　ㄊㄧㄢ　ㄐㄧㄣˇ　ㄕㄤˋ,,,,,非主條成語
3452,襲人牙後,ㄒㄧˊ　ㄖㄣˊ　ㄧㄚˊ　ㄏㄡˋ,,,,,非主條成語
3453,節外生事,ㄐㄧㄝˊ　ㄨㄞˋ　ㄕㄥ　ㄕˋ,,,,,非主條成語
3454,攀炎附熱,ㄆㄢ　ㄧㄢˊ　ㄈㄨˋ　ㄖㄜˋ,,,,,非主條成語
3455,勞燕西東,ㄌㄠˊ　ㄧㄢˋ　ㄒㄧ　ㄉㄨㄥ,,,,,非主條成語
3456,節流開源,ㄐㄧㄝˊ　ㄌㄧㄡˊ　ㄎㄞ　ㄩㄢˊ,,,,,非主條成語
3457,蓄精養銳,ㄒㄩˋ　ㄐㄧㄥ　ㄧㄤˇ　ㄖㄨㄟˋ,,,,,非主條成語
3458,苦心積慮,ㄎㄨˇ　ㄒㄧㄣ　ㄐㄧ　ㄌㄩˋ,,,,,非主條成語
3459,苦節高標,ㄎㄨˇ　ㄐㄧㄝˊ　ㄍㄠ　ㄅㄧㄠ,,,,,非主條成語
3460,茅塞頓啟,ㄇㄠˊ　ㄙㄜˋ　ㄉㄨㄣˋ　ㄑㄧˇ,,,,,非主條成語
3461,載量車斗,ㄗㄞˋ　ㄌㄧㄤˊ　ㄔㄜ　ㄉㄡˇ,,,,,非主條成語
3462,孽由自取,ㄋㄧㄝˋ　ㄧㄡˊ　ㄗˋ　ㄑㄩˇ,,,,,非主條成語
3463,蒂固根深,ㄉㄧˋ　ㄍㄨˋ　ㄍㄣ　ㄕㄣ,,,,,非主條成語
3464,暮鼓朝鐘,ㄇㄨˋ　ㄍㄨˇ　ㄓㄠ　ㄓㄨㄥ,,,,,非主條成語
3465,黃梁一枕,ㄏㄨㄤˊ　ㄌㄧㄤˊ　ㄧ　ㄓㄣˇ　（變）　ㄏㄨㄤˊ　ㄌㄧㄤˊ　ㄧˋ　ㄓㄣˇ,,,,,非主條成語
3466,黃花明日,ㄏㄨㄤˊ　ㄏㄨㄚ　ㄇㄧㄥˊ　ㄖˋ,,,,,非主條成語
3467,莫逆友,ㄇㄛˋ　ㄋㄧˋ　ㄧㄡˇ,,,,,非主條成語
3468,櫛沐風雨,ㄐㄧㄝˊ　ㄇㄨˋ　ㄈㄥ　ㄩˇ,,,,,非主條成語
3469,莫適所從,ㄇㄛˋ　ㄕˋ　ㄙㄨㄛˇ　ㄘㄨㄥˊ,,,,,非主條成語
3470,莫能為力,ㄇㄛˋ　ㄋㄥˊ　ㄨㄟˊ　ㄌㄧˋ,,,,,非主條成語
3471,老羞變怒,ㄌㄠˇ　ㄒㄧㄡ　ㄅㄧㄢˋ　ㄋㄨˋ,,,,,非主條成語
3472,老而彌壯,ㄌㄠˇ　ㄦˊ　ㄇㄧˊ　ㄓㄨㄤˋ,,,,,非主條成語
3473,枯腸搜索,ㄎㄨ　ㄔㄤˊ　ㄙㄡ　ㄙㄨㄛˇ,,,,,非主條成語
3474,莫知適從,ㄇㄛˋ　ㄓ　ㄕˋ　ㄘㄨㄥˊ,,,,,非主條成語
3475,莫可救藥,ㄇㄛˋ　ㄎㄜˇ　ㄐㄧㄡˋ　ㄧㄠˋ,,,,,非主條成語
3476,葫蘆依樣,ㄏㄨˊ　ㄌㄨˊ　ㄧ　ㄧㄤˋ,,,,,非主條成語
3477,巷語街談,ㄒㄧㄤˋ　ㄩˇ　ㄐㄧㄝ　ㄊㄢˊ,,,,,非主條成語
3478,橫逆順受,ㄏㄥˊ　ㄋㄧˋ　ㄕㄨㄣˋ　ㄕㄡˋ,,,,,非主條成語
3479,楚楚可人,ㄔㄨˇ　ㄔㄨˇ　ㄎㄜˇ　ㄖㄣˊ,,,,,非主條成語
3480,枕戈俟旦,ㄓㄣˋ　ㄍㄜ　ㄙˋ　ㄉㄢˋ,,,,,非主條成語
3481,獨出手眼,ㄉㄨˊ　ㄔㄨ　ㄕㄡˇ　ㄧㄢˇ,,,,,非主條成語
3482,轉意回心,ㄓㄨㄢˇ　ㄧˋ　ㄏㄨㄟˊ　ㄒㄧㄣ,,,,,非主條成語
3483,甘如飴,ㄍㄢ　ㄖㄨˊ　ㄧˊ,,,,,非主條成語
3484,桂薪珠米,ㄍㄨㄟˋ　ㄒㄧㄣ　ㄓㄨ　ㄇㄧˇ,,,,,非主條成語
3485,菽麥不分,ㄕㄨˊ　ㄇㄞˋ　ㄅㄨˋ　ㄈㄣ,,,,,非主條成語
3486,埋名隱姓,ㄇㄞˊ　ㄇㄧㄥˊ　ㄧㄣˇ　ㄒㄧㄥˋ,,,,,非主條成語
3487,老蚌出珠,ㄌㄠˇ　ㄅㄤˋ　ㄔㄨ　ㄓㄨ,,,,,非主條成語
3488,如雷在耳,ㄖㄨˊ　ㄌㄟˊ　ㄗㄞˋ　ㄦˇ,,,,,非主條成語
3489,如魚在釜,ㄖㄨˊ　ㄩˊ　ㄗㄞˋ　ㄈㄨˇ,,,,,非主條成語
3490,如循一軌,ㄖㄨˊ　ㄒㄩㄣˊ　ㄧ　ㄍㄨㄟˇ　（變）　ㄖㄨˊ　ㄒㄩㄣˊ　ㄧˋ　ㄍㄨㄟˇ,,,,,非主條成語
3491,如釋負擔,ㄖㄨˊ　ㄕˋ　ㄈㄨˋ　ㄉㄢ,,,,,非主條成語
3492,如釋負,ㄖㄨˊ　ㄕˋ　ㄈㄨˋ,,,,,非主條成語
3493,棋布星列,ㄑㄧˊ　ㄅㄨˋ　ㄒㄧㄥ　ㄌㄧㄝˋ,,,,,非主條成語
3494,棋布星陳,ㄑㄧˊ　ㄅㄨˋ　ㄒㄧㄥ　ㄔㄣˊ,,,,,非主條成語
3495,甘伏下風,ㄍㄢ　ㄈㄨˊ　ㄒㄧㄚˋ　ㄈㄥ,,,,,非主條成語
3496,蒼狗白衣,ㄘㄤ　ㄍㄡˇ　ㄅㄞˊ　ㄧ,,,,,非主條成語
3497,如山如海,ㄖㄨˊ　ㄕㄢ　ㄖㄨˊ　ㄏㄞˇ,,,,,非主條成語
3498,如魚在水,ㄖㄨˊ　ㄩˊ　ㄗㄞˋ　ㄕㄨㄟˇ,,,,,非主條成語
3499,老儒常語,ㄌㄠˇ　ㄖㄨˊ　ㄔㄤˊ　ㄩˇ,,,,,非主條成語
3500,如坐針氈,ㄖㄨˊ　ㄗㄨㄛˋ　ㄓㄣ　ㄓㄢ,比喻身心痛苦，惶恐難安。,坐立不安、芒刺在背、惴惴不安,心安神泰、行若無事、若無其事、氣定神閒、泰然自若,坐若針氈、日坐針氈,主條成語
3501,娛目賞心,ㄩˊ　ㄇㄨˋ　ㄕㄤˇ　ㄒㄧㄣ,,,,,非主條成語
3502,獨開生面,ㄉㄨˊ　ㄎㄞ　ㄕㄥ　ㄇㄧㄢˋ,,,,,非主條成語
3503,相憐同病,ㄒㄧㄤ　ㄌㄧㄢˊ　ㄊㄨㄥˊ　ㄅㄧㄥˋ,,,,,非主條成語
3504,相關休戚,ㄒㄧㄤ　ㄍㄨㄢ　ㄒㄧㄡ　ㄑㄧ,,,,,非主條成語
3505,幄中運籌,ㄨㄛˋ　ㄓㄨㄥ　ㄩㄣˋ　ㄔㄡˊ,,,,,非主條成語
3506,世俗炎涼,ㄕˋ　ㄙㄨˊ　ㄧㄢˊ　ㄌㄧㄤˊ,,,,,非主條成語
3507,狗尾聯貂,ㄍㄡˇ　ㄨㄟˇ　ㄌㄧㄢˊ　ㄉㄧㄠ,,,,,非主條成語
3508,加體黃袍,ㄐㄧㄚ　ㄊㄧˇ　ㄏㄨㄤˊ　ㄆㄠˊ,,,,,非主條成語
3509,起死回骸,ㄑㄧˇ　ㄙˇ　ㄏㄨㄟˊ　ㄏㄞˊ,,,,,非主條成語
3510,邯鄲步,ㄏㄢˊ　ㄉㄢ　ㄅㄨˋ,,,,,非主條成語
3511,根盤節錯,ㄍㄣ　ㄆㄢˊ　ㄐㄧㄝˊ　ㄘㄨㄛˋ,,,,,非主條成語
3512,權宜之術,ㄑㄩㄢˊ　ㄧˊ　ㄓ　ㄕㄨˋ,,,,,非主條成語
3513,極重難返,ㄐㄧˊ　ㄓㄨㄥˋ　ㄋㄢˊ　ㄈㄢˇ,,,,,非主條成語
3514,棒喝當頭,ㄅㄤˋ　ㄏㄜˋ　ㄉㄤ　ㄊㄡˊ,,,,,非主條成語
3515,格格不納,ㄍㄜˊ　ㄍㄜˊ　ㄅㄨˋ　ㄋㄚˋ　（變）　ㄍㄜˊ　ㄍㄜˊ　ㄅㄨˊ　ㄋㄚˋ,,,,,非主條成語
3516,輕描淡染,ㄑㄧㄥ　ㄇㄧㄠˊ　ㄉㄢˋ　ㄖㄢˇ,,,,,非主條成語
3517,邯鄲一枕,ㄏㄢˊ　ㄉㄢ　ㄧ　ㄓㄣˇ　（變）　ㄏㄢˊ　ㄉㄢ　ㄧˋ　ㄓㄣˇ,,,,,非主條成語
3518,超倫軼群,ㄔㄠ　ㄌㄨㄣˊ　ㄧˋ　ㄑㄩㄣˊ,,,,,非主條成語
3519,好利忘義,ㄏㄠˋ　ㄌㄧˋ　ㄨㄤˋ　ㄧˋ,,,,,非主條成語
3520,故步不離,ㄍㄨˋ　ㄅㄨˋ　ㄅㄨˋ　ㄌㄧˊ,,,,,非主條成語
3521,故我依然,ㄍㄨˋ　ㄨㄛˇ　ㄧ　ㄖㄢˊ,,,,,非主條成語
3522,切骨銘心,ㄑㄧㄝˋ　ㄍㄨˇ　ㄇㄧㄥˊ　ㄒㄧㄣ,,,,,非主條成語
3523,故態復還,ㄍㄨˋ　ㄊㄞˋ　ㄈㄨˋ　ㄏㄨㄢˊ,,,,,非主條成語
3524,胡為亂做,ㄏㄨˊ　ㄨㄟˊ　ㄌㄨㄢˋ　ㄗㄨㄛˋ,,,,,非主條成語
3525,起東山,ㄑㄧˇ　ㄉㄨㄥ　ㄕㄢ,,,,,非主條成語
3526,老馬知道,ㄌㄠˇ　ㄇㄚˇ　ㄓ　ㄉㄠˋ,,,,,非主條成語
3527,趨其所好,ㄑㄩ　ㄑㄧˊ　ㄙㄨㄛˇ　ㄏㄠˋ,,,,,非主條成語
3528,松枯石爛,ㄙㄨㄥ　ㄎㄨ　ㄕˊ　ㄌㄢˋ,,,,,非主條成語
3529,趨炎附灶,ㄑㄩ　ㄧㄢˊ　ㄈㄨˋ　ㄗㄠˋ,,,,,非主條成語
3530,好事多阻,ㄏㄠˇ　ㄕˋ　ㄉㄨㄛ　ㄗㄨˇ,,,,,非主條成語
3531,好道安貧,ㄏㄠˋ　ㄉㄠˋ　ㄢ　ㄆㄧㄣˊ,,,,,非主條成語
3532,事不兩立,ㄕˋ　ㄅㄨˋ　ㄌㄧㄤˇ　ㄌㄧˋ,,,,,非主條成語
3533,事事無成,ㄕˋ　ㄕˋ　ㄨˊ　ㄔㄥˊ,,,,,非主條成語
3534,推己況人,ㄊㄨㄟ　ㄐㄧˇ　ㄎㄨㄤˋ　ㄖㄣˊ,,,,,非主條成語
3535,事過情遷,ㄕˋ　ㄍㄨㄛˋ　ㄑㄧㄥˊ　ㄑㄧㄢ,,,,,非主條成語
3536,事與志違,ㄕˋ　ㄩˇ　ㄓˋ　ㄨㄟˊ,,,,,非主條成語
3537,撞騙招搖,ㄓㄨㄤˋ　ㄆㄧㄢˋ　ㄓㄠ　ㄧㄠˊ,,,,,非主條成語
3538,拉枯折朽,ㄌㄚ　ㄎㄨ　ㄓㄜˊ　ㄒㄧㄡˇ,,,,,非主條成語
3539,韋編屢絕,ㄨㄟˊ　ㄅㄧㄢ　ㄌㄩˇ　ㄐㄩㄝˊ,,,,,非主條成語
3540,摘句搜章,ㄓㄞ　ㄐㄩˋ　ㄙㄡ　ㄓㄤ,,,,,非主條成語
3541,故態復作,ㄍㄨˋ　ㄊㄞˋ　ㄈㄨˋ　ㄗㄨㄛˋ,,,,,非主條成語
3542,接踵摩肩,ㄐㄧㄝ　ㄓㄨㄥˇ　ㄇㄛˊ　ㄐㄧㄢ,,,,,非主條成語
3543,接木移花,ㄐㄧㄝ　ㄇㄨˋ　ㄧˊ　ㄏㄨㄚ,,,,,非主條成語
3544,接天烽火,ㄐㄧㄝ　ㄊㄧㄢ　ㄈㄥ　ㄏㄨㄛˇ,,,,,非主條成語
3545,輪奐之美,ㄌㄨㄣˊ　ㄏㄨㄢˋ　ㄓ　ㄇㄟˇ,,,,,非主條成語
3546,青黃未接,ㄑㄧㄥ　ㄏㄨㄤˊ　ㄨㄟˋ　ㄐㄧㄝ,,,,,非主條成語
3547,青雲平步,ㄑㄧㄥ　ㄩㄣˊ　ㄆㄧㄥˊ　ㄅㄨˋ,,,,,非主條成語
3548,青雲平地,ㄑㄧㄥ　ㄩㄣˊ　ㄆㄧㄥˊ　ㄉㄧˋ,,,,,非主條成語
3549,肅然生敬,ㄙㄨˋ　ㄖㄢˊ　ㄕㄥ　ㄐㄧㄥˋ,,,,,非主條成語
3550,肅襟危坐,ㄙㄨˋ　ㄐㄧㄣ　ㄨㄟˊ　ㄗㄨㄛˋ,,,,,非主條成語
3551,專思致慮,ㄓㄨㄢ　ㄙ　ㄓˋ　ㄌㄩˋ,,,,,非主條成語
3552,專當一面,ㄓㄨㄢ　ㄉㄤ　ㄧ　ㄇㄧㄢˋ　（變）　ㄓㄨㄢ　ㄉㄤ　ㄧˊ　　ㄇㄧㄢˋ,,,,,非主條成語
3553,專愎自用,ㄓㄨㄢ　ㄅㄧˋ　ㄗˋ　ㄩㄥˋ,,,,,非主條成語
3554,患得失,ㄏㄨㄢˋ　ㄉㄜˊ　ㄕ,,,,,非主條成語
3555,青黃不交,ㄑㄧㄥ　ㄏㄨㄤˊ　ㄅㄨˋ　ㄐㄧㄠ,,,,,非主條成語
3556,趁水推舟,ㄔㄣˋ　ㄕㄨㄟˇ　ㄊㄨㄟ　ㄓㄡ,,,,,非主條成語
3557,妙算神謀,ㄇㄧㄠˋ　ㄙㄨㄢˋ　ㄕㄣˊ　ㄇㄡˊ,,,,,非主條成語
3558,肅然增敬,ㄙㄨˋ　ㄖㄢˊ　ㄗㄥ　ㄐㄧㄥˋ,,,,,非主條成語
3559,春暉寸草,ㄔㄨㄣ　ㄏㄨㄟ　ㄘㄨㄣˋ　ㄘㄠˇ,,,,,非主條成語
3560,春夢一場,ㄔㄨㄣ　ㄇㄥˋ　ㄧ　ㄔㄤˇ　（變）　ㄔㄨㄣ　ㄇㄥˋ　ㄧˋ　ㄔㄤˇ,,,,,非主條成語
3561,囊橐如洗,ㄋㄤˊ　ㄊㄨㄛˊ　ㄖㄨˊ　ㄒㄧˇ,,,,,非主條成語
3562,囊羞澀,ㄋㄤˊ　ㄒㄧㄡ　ㄙㄜˋ,,,,,非主條成語
3563,豐衣美食,ㄈㄥ　ㄧ　ㄇㄟˇ　ㄕˊ,,,,,非主條成語
3564,排難解急,ㄆㄞˊ　ㄋㄢˋ　ㄐㄧㄝˇ　ㄐㄧˊ,,,,,非主條成語
3565,泰去否來,ㄊㄞˋ　ㄑㄩˋ　ㄆㄧˇ　ㄌㄞˊ,,,,,非主條成語
3566,來龍結脈,ㄌㄞˊ　ㄌㄨㄥˊ　ㄐㄧㄝˊ　ㄇㄞˋ,,,,,非主條成語
3567,束置高閣,ㄕㄨˋ　ㄓˋ　ㄍㄠ　ㄍㄜˊ,,,,,非主條成語
3568,末節繁文,ㄇㄛˋ　ㄐㄧㄝˊ　ㄈㄢˊ　ㄨㄣˊ,,,,,非主條成語
3569,束手無謀,ㄕㄨˋ　ㄕㄡˇ　ㄨˊ　ㄇㄡˊ,,,,,非主條成語
3570,束高閣,ㄕㄨˋ　ㄍㄠ　ㄍㄜˊ,,,,,非主條成語
3571,朝楚暮秦,ㄓㄠ　ㄔㄨˇ　ㄇㄨˋ　ㄑㄧㄣˊ,,,,,非主條成語
3572,援經據典,ㄩㄢˊ　ㄐㄧㄥ　ㄐㄩˋ　ㄉㄧㄢˇ,,,,,非主條成語
3573,指日而致,ㄓˇ　ㄖˋ　ㄦˊ　ㄓˋ,,,,,非主條成語
3574,指日可期,ㄓˇ　ㄖˋ　ㄎㄜˇ　ㄑㄧˊ,,,,,非主條成語
3575,書生常談,ㄕㄨ　ㄕㄥ　ㄔㄤˊ　ㄊㄢˊ,,,,,非主條成語
3576,未能枚舉,ㄨㄟˋ　ㄋㄥˊ　ㄇㄟˊ　ㄐㄩˇ,,,,,非主條成語
3577,未辨菽麥,ㄨㄟˋ　ㄅㄧㄢˋ　ㄕㄨˊ　ㄇㄞˋ,,,,,非主條成語
3578,按軍不動,ㄢˋ　ㄐㄩㄣ　ㄅㄨˋ　ㄉㄨㄥˋ　（變）　ㄢˋ　ㄐㄩㄣ　ㄅㄨˊ　ㄉㄨㄥˋ,,,,,非主條成語
3579,按甲不動,ㄢˋ　ㄐㄧㄚˇ　ㄅㄨˋ　ㄉㄨㄥˋ　（變）　ㄢˋ　ㄐㄧㄚˇ　ㄅㄨˊ　ㄉㄨㄥˋ,,,,,非主條成語
3580,拔刃張弩,ㄅㄚˊ　ㄖㄣˋ　ㄓㄤ　ㄋㄨˇ,,,,,非主條成語
3581,拔群出萃,ㄅㄚˊ　ㄑㄩㄣˊ　ㄔㄨ　ㄘㄨㄟˋ,,,,,非主條成語
3582,貴手高抬,ㄍㄨㄟˋ　ㄕㄡˇ　ㄍㄠ　ㄊㄞˊ,,,,,非主條成語
3583,護疾忌醫,ㄏㄨˋ　ㄐㄧˊ　ㄐㄧˋ　ㄧ,,,,,非主條成語
3584,蟠龍踞虎,ㄆㄢˊ　ㄌㄨㄥˊ　ㄐㄩˋ　ㄏㄨˇ,,,,,非主條成語
3585,未知適從,ㄨㄟˋ　ㄓ　ㄕˋ　ㄘㄨㄥˊ,,,,,非主條成語
3586,盛氣加人,ㄕㄥˋ　ㄑㄧˋ　ㄐㄧㄚ　ㄖㄣˊ,,,,,非主條成語
3587,責備求全,ㄗㄜˊ　ㄅㄟˋ　ㄑㄧㄡˊ　ㄑㄩㄢˊ,,,,,非主條成語
3588,挺鹿走險,ㄊㄧㄥˇ　ㄌㄨˋ　ㄗㄡˇ　ㄒㄧㄢˇ,,,,,非主條成語
3589,拊心泣血,ㄈㄨˇ　ㄒㄧㄣ　ㄑㄧˋ　ㄒㄧㄝˇ,,,,,非主條成語
3590,掩過揚善,ㄧㄢˇ　ㄍㄨㄛˋ　ㄧㄤˊ　ㄕㄢˋ,,,,,非主條成語
3591,掩耳盜鐘,ㄧㄢˇ　ㄦˇ　ㄉㄠˋ　ㄓㄨㄥ,,,,,非主條成語
3592,掩月羞花,ㄧㄢˇ　ㄩㄝˋ　ㄒㄧㄡ　ㄏㄨㄚ,,,,,非主條成語
3593,掩前絕後,ㄧㄢˇ　ㄑㄧㄢˊ　ㄐㄩㄝˊ　ㄏㄡˋ,,,,,非主條成語
3594,持重老成,ㄔˊ　ㄓㄨㄥˋ　ㄌㄠˇ　ㄔㄥˊ,,,,,非主條成語
3595,持管窺天,ㄔˊ　ㄍㄨㄢˇ　ㄎㄨㄟ　ㄊㄧㄢ,,,,,非主條成語
3596,指日可俟,ㄓˇ　ㄖˋ　ㄎㄜˇ　ㄙˋ,,,,,非主條成語
3597,披毛求瑕,ㄆㄧ　ㄇㄠˊ　ㄑㄧㄡˊ　ㄒㄧㄚˊ,,,,,非主條成語
3598,披荊棘,ㄆㄧ　ㄐㄧㄥ　ㄐㄧˊ,,,,,非主條成語
3599,措心積慮,ㄘㄨㄛˋ　ㄒㄧㄣ　ㄐㄧ　ㄌㄩˋ,,,,,非主條成語
3600,披肝瀝血,ㄆㄧ　ㄍㄢ　ㄌㄧˋ　ㄒㄧㄝˇ,,,,,非主條成語
3601,拱手無措,ㄍㄨㄥˇ　ㄕㄡˇ　ㄨˊ　ㄘㄨㄛˋ,,,,,非主條成語
3602,攢花簇錦,ㄘㄨㄢˊ　ㄏㄨㄚ　ㄘㄨˋ　ㄐㄧㄣˇ,,,,,非主條成語
3603,井中蛙,ㄐㄧㄥˇ　ㄓㄨㄥ　ㄨㄚ,,,,,非主條成語
3604,井井有方,ㄐㄧㄥˇ　ㄐㄧㄥˇ　ㄧㄡˇ　ㄈㄤ,,,,,非主條成語
3605,執迷不改,ㄓˊ　ㄇㄧˊ　ㄅㄨˋ　ㄍㄞˇ,,,,,非主條成語
3606,執迷不化,ㄓˊ　ㄇㄧˊ　ㄅㄨˋ　ㄏㄨㄚˋ　（變）　ㄓˊ　ㄇㄧˊ　ㄅㄨˊ　ㄏㄨㄚˋ,,,,,非主條成語
3607,井井不亂,ㄐㄧㄥˇ　ㄐㄧㄥˇ　ㄅㄨˋ　ㄌㄨㄢˋ　（變）　ㄐㄧㄥˇ　ㄐㄧㄥˇ　ㄅㄨˊ　ㄌㄨㄢˋ,,,,,非主條成語
3608,執迷不省,ㄓˊ　ㄇㄧˊ　ㄅㄨˋ　ㄒㄧㄥˇ,,,,,非主條成語
3609,費半功倍,ㄈㄟˋ　ㄅㄢˋ　ㄍㄨㄥ　ㄅㄟˋ,,,,,非主條成語
3610,勢極必反,ㄕˋ　ㄐㄧˊ　ㄅㄧˋ　ㄈㄢˇ,,,,,非主條成語
3611,抱獨守殘,ㄅㄠˋ　ㄉㄨˊ　ㄕㄡˇ　ㄘㄢˊ,,,,,非主條成語
3612,勢不可遏,ㄕˋ　ㄅㄨˋ　ㄎㄜˇ　ㄜˋ,,,,,非主條成語
3613,搖搖欲墮,ㄧㄠˊ　ㄧㄠˊ　ㄩˋ　ㄉㄨㄛˋ,,,,,非主條成語
3614,揚旗吶喊,ㄧㄤˊ　ㄑㄧˊ　ㄋㄚˋ　ㄏㄢˇ,,,,,非主條成語
3615,揚眉伸氣,ㄧㄤˊ　ㄇㄟˊ　ㄕㄣ　ㄑㄧˋ,,,,,非主條成語
3616,捷徑終南,ㄐㄧㄝˊ　ㄐㄧㄥˋ　ㄓㄨㄥ　ㄋㄢˊ,,,,,非主條成語
3617,勢如劈竹,ㄕˋ　ㄖㄨˊ　ㄆㄧ　ㄓㄨˊ,,,,,非主條成語
3618,抱才不遇,ㄅㄠˋ　ㄘㄞˊ　ㄅㄨˋ　ㄩˋ　（變）　ㄅㄠˋ　ㄘㄞˊ　ㄅㄨˊ　ㄩˋ,,,,,非主條成語
3619,熱可炙手,ㄖㄜˋ　ㄎㄜˇ　ㄓˋ　ㄕㄡˇ,,,,,非主條成語
3620,投其所喜,ㄊㄡˊ　ㄑㄧˊ　ㄙㄨㄛˇ　ㄒㄧˇ,,,,,非主條成語
3621,勢不可抑,ㄕˋ　ㄅㄨˋ　ㄎㄜˇ　ㄧˋ,,,,,非主條成語
3622,握綱提領,ㄨㄛˋ　ㄍㄤ　ㄊㄧˊ　ㄌㄧㄥˇ,,,,,非主條成語
3623,報李投桃,ㄅㄠˋ　ㄌㄧˇ　ㄊㄡˊ　ㄊㄠˊ,,,,,非主條成語
3624,慧中秀外,ㄏㄨㄟˋ　ㄓㄨㄥ　ㄒㄧㄡˋ　ㄨㄞˋ,,,,,非主條成語
3625,搜索空腹,ㄙㄡ　ㄙㄨㄛˇ　ㄎㄨㄥ　ㄈㄨˋ,,,,,非主條成語
3626,搜枯腸,ㄙㄡ　ㄎㄨ　ㄔㄤˊ,,,,,非主條成語
3627,勢可炙手,ㄕˋ　ㄎㄜˇ　ㄓˋ　ㄕㄡˇ,,,,,非主條成語
3628,搜腸刮肚,ㄙㄡ　ㄔㄤˊ　ㄍㄨㄚ　ㄉㄨˋ,,,,,非主條成語
3629,搜剔枯腸,ㄙㄡ　ㄊㄧˋ　ㄎㄨ　ㄔㄤˊ,,,,,非主條成語
3630,擇輕避重,ㄗㄜˊ　ㄑㄧㄥ　ㄅㄧˋ　ㄓㄨㄥˋ,,,,,非主條成語
3631,熱腸古道,ㄖㄜˋ　ㄔㄤˊ　ㄍㄨˇ　ㄉㄠˋ,,,,,非主條成語
3632,摸象眾盲,ㄇㄛ　ㄒㄧㄤˋ　ㄓㄨㄥˋ　ㄇㄤˊ,,,,,非主條成語
3633,據經引傳,ㄐㄩˋ　ㄐㄧㄥ　ㄧㄣˇ　ㄓㄨㄢˋ,,,,,非主條成語
3634,探湯赴火,ㄊㄢˋ　ㄊㄤ　ㄈㄨˋ　ㄏㄨㄛˇ,,,,,非主條成語
3635,換柳移花,ㄏㄨㄢˋ　ㄌㄧㄡˇ　ㄧˊ　ㄏㄨㄚ,,,,,非主條成語
3636,靜氣平心,ㄐㄧㄥˋ　ㄑㄧˋ　ㄆㄧㄥˊ　ㄒㄧㄣ,,,,,非主條成語
3637,挈領提綱,ㄑㄧㄝˋ　ㄌㄧㄥˇ　ㄊㄧˊ　ㄍㄤ,,,,,非主條成語
3638,契船求劍,ㄑㄧˋ　ㄔㄨㄢˊ　ㄑㄧㄡˊ　ㄐㄧㄢˋ,,,,,非主條成語
3639,拾人牙後,ㄕˊ　ㄖㄣˊ　ㄧㄚˊ　ㄏㄡˋ,,,,,非主條成語
3640,螳螂黃雀,ㄊㄤˊ　ㄌㄤˊ　ㄏㄨㄤˊ　ㄑㄩㄝˋ,,,,,非主條成語
3641,投珠報玉,ㄊㄡˊ　ㄓㄨ　ㄅㄠˋ　ㄩˋ,,,,,非主條成語
3642,口乳未乾,ㄎㄡˇ　ㄖㄨˇ　ㄨㄟˋ　ㄍㄢ,,,,,非主條成語
3643,口伐舌擊,ㄎㄡˇ　ㄈㄚ　ㄕㄜˊ　ㄐㄧˊ,,,,,非主條成語
3644,投礫引珠,ㄊㄡˊ　ㄌㄧˋ　ㄧㄣˇ　ㄓㄨ,,,,,非主條成語
3645,口呆目瞪,ㄎㄡˇ　ㄉㄞ　ㄇㄨˋ　ㄉㄥˋ,,,,,非主條成語
3646,捷足先占,ㄐㄧㄝˊ　ㄗㄨˊ　ㄒㄧㄢ　ㄓㄢˋ,,,,,非主條成語
3647,置腹推心,ㄓˋ　ㄈㄨˋ　ㄊㄨㄟ　ㄒㄧㄣ,,,,,非主條成語
3648,置若勿聞,ㄓˋ　ㄖㄨㄛˋ　ㄨˋ　ㄨㄣˊ,,,,,非主條成語
3649,投刃皆虛,ㄊㄡˊ　ㄖㄣˋ　ㄐㄧㄝ　ㄒㄩ,,,,,非主條成語
3650,國豔天香,ㄍㄨㄛˊ　ㄧㄢˋ　ㄊㄧㄢ　ㄒㄧㄤ,,,,,非主條成語
3651,置之身外,ㄓˋ　ㄓ　ㄕㄣ　ㄨㄞˋ,,,,,非主條成語
3652,墨守舊法,ㄇㄛˋ　ㄕㄡˇ　ㄐㄧㄡˋ　ㄈㄚˇ,,,,,非主條成語
3653,目睜口開,ㄇㄨˋ　ㄓㄥ　ㄎㄡˇ　ㄎㄞ,,,,,非主條成語
3654,罪逆不道,ㄗㄨㄟˋ　ㄋㄧˋ　ㄅㄨˋ　ㄉㄠˋ　（變）　ㄗㄨㄟˋ　ㄋㄧˋ　ㄅㄨˊ　ㄉㄠˋ,,,,,非主條成語
3655,星移斗換,ㄒㄧㄥ　ㄧˊ　ㄉㄡˇ　ㄏㄨㄢˋ,,,,,非主條成語
3656,踣不復振,ㄅㄛˊ　ㄅㄨˋ　ㄈㄨˋ　ㄓㄣˋ　（變）　ㄅㄛˊ　ㄅㄨˊ　ㄈㄨˋ　ㄓㄣˋ,,,,,非主條成語
3657,目瞪口噤,ㄇㄨˋ　ㄉㄥˋ　ㄎㄡˇ　ㄐㄧㄣˋ,,,,,非主條成語
3658,星火急,ㄒㄧㄥ　ㄏㄨㄛˇ　ㄐㄧˊ,,,,,非主條成語
3659,晨鐘暮磬,ㄔㄣˊ　ㄓㄨㄥ　ㄇㄨˋ　ㄑㄧㄥˋ,,,,,非主條成語
3660,日三秋,ㄖˋ　ㄙㄢ　ㄑㄧㄡ,,,,,非主條成語
3661,罪不容宥,ㄗㄨㄟˋ　ㄅㄨˋ　ㄖㄨㄥˊ　ㄧㄡˋ,,,,,非主條成語
3662,目不定睫,ㄇㄨˋ　ㄅㄨˋ　ㄉㄧㄥˋ　ㄐㄧㄝˊ　（變）　ㄇㄨˋ　ㄅㄨˊ　ㄉㄧㄥˋ　ㄐㄧㄝˊ,,,,,非主條成語
3663,日薄西隅,ㄖˋ　ㄅㄛˊ　ㄒㄧ　ㄩˊ,,,,,非主條成語
3664,罪不容恕,ㄗㄨㄟˋ　ㄅㄨˋ　ㄖㄨㄥˊ　ㄕㄨˋ,,,,,非主條成語
3665,罪豈容誅,ㄗㄨㄟˋ　ㄑㄧˇ　ㄖㄨㄥˊ　ㄓㄨ,,,,,非主條成語
3666,罪惡貫盈,ㄗㄨㄟˋ　ㄜˋ　ㄍㄨㄢˋ　ㄧㄥˊ,,,,,非主條成語
3667,羅雀門庭,ㄌㄨㄛˊ　ㄑㄩㄝˋ　ㄇㄣˊ　ㄊㄧㄥˊ,,,,,非主條成語
3668,回心易慮,ㄏㄨㄟˊ　ㄒㄧㄣ　ㄧˋ　ㄌㄩˋ,,,,,非主條成語
3669,回春妙手,ㄏㄨㄟˊ　ㄔㄨㄣ　ㄇㄧㄠˋ　ㄕㄡˇ,,,,,非主條成語
3670,回骸起死,ㄏㄨㄟˊ　ㄏㄞˊ　ㄑㄧˇ　ㄙˇ,,,,,非主條成語
3671,暗器傷人,ㄢˋ　ㄑㄧˋ　ㄕㄤ　ㄖㄣˊ,,,,,非主條成語
3672,因名思義,ㄧㄣ　ㄇㄧㄥˊ　ㄙ　ㄧˋ,,,,,非主條成語
3673,足踏實地,ㄗㄨˊ　ㄊㄚˋ　ㄕˊ　ㄉㄧˋ,,,,,非主條成語
3674,足履實地,ㄗㄨˊ　ㄌㄩˇ　ㄕˊ　ㄉㄧˋ,,,,,非主條成語
3675,因勢順導,ㄧㄣ　ㄕˋ　ㄕㄨㄣˋ　ㄉㄠˇ,,,,,非主條成語
3676,因變制宜,ㄧㄣ　ㄅㄧㄢˋ　ㄓˋ　ㄧˊ,,,,,非主條成語
3677,因陋就寡,ㄧㄣ　ㄌㄡˋ　ㄐㄧㄡˋ　ㄍㄨㄚˇ,,,,,非主條成語
3678,因陋就隘,ㄧㄣ　ㄌㄡˋ　ㄐㄧㄡˋ　ㄞˋ,,,,,非主條成語
3679,足蹈手舞,ㄗㄨˊ　ㄉㄠˋ　ㄕㄡˇ　ㄨˇ,,,,,非主條成語
3680,易於反手,ㄧˋ　ㄩˊ　ㄈㄢˇ　ㄕㄡˇ,,,,,非主條成語
3681,因病發藥,ㄧㄣ　ㄅㄧㄥˋ　ㄈㄚ　ㄧㄠˋ,,,,,非主條成語
3682,暴天物,ㄅㄠˋ　ㄊㄧㄢ　ㄨˋ,,,,,非主條成語
3683,固壁清野,ㄍㄨˋ　ㄅㄧˋ　ㄑㄧㄥ　ㄧㄝˇ,,,,,非主條成語
3684,趾昂氣粗,ㄓˇ　ㄤˊ　ㄑㄧˋ　ㄘㄨ,,,,,非主條成語
3685,另眼看承,ㄌㄧㄥˋ　ㄧㄢˇ　ㄎㄢˋ　ㄔㄥˊ,,,,,非主條成語
3686,躍躍紙上,ㄩㄝˋ　ㄩㄝˋ　ㄓˇ　ㄕㄤˋ,,,,,非主條成語
3687,睡多夢長,ㄕㄨㄟˋ　ㄉㄨㄛ　ㄇㄥˋ　ㄔㄤˊ,,,,,非主條成語
3688,別啟生面,ㄅㄧㄝˊ　ㄑㄧˇ　ㄕㄥ　ㄇㄧㄢˋ,,,,,非主條成語
3689,別有天,ㄅㄧㄝˊ　ㄧㄡˇ　ㄊㄧㄢ,,,,,非主條成語
3690,別有千秋,ㄅㄧㄝˊ　ㄧㄡˇ　ㄑㄧㄢ　ㄑㄧㄡ,,,,,非主條成語
3691,喘月吳牛,ㄔㄨㄢˇ　ㄩㄝˋ　ㄨˊ　ㄋㄧㄡˊ,,,,,非主條成語
3692,跳躍紙上,ㄊㄧㄠˋ　ㄩㄝˋ　ㄓˇ　ㄕㄤˋ,,,,,非主條成語
3693,喧客奪主,ㄒㄩㄢ　ㄎㄜˋ　ㄉㄨㄛˊ　ㄓㄨˇ,,,,,非主條成語
3694,題外生枝,ㄊㄧˊ　ㄨㄞˋ　ㄕㄥ　ㄓ,,,,,非主條成語
3695,喋喋不已,ㄉㄧㄝˊ　ㄉㄧㄝˊ　ㄅㄨˋ　ㄧˇ,,,,,非主條成語
3696,呼鹿為馬,ㄏㄨ　ㄌㄨˋ　ㄨㄟˊ　ㄇㄚˇ,,,,,非主條成語
3697,噤口不言,ㄐㄧㄣˋ　ㄎㄡˇ　ㄅㄨˋ　ㄧㄢˊ,,,,,非主條成語
3698,噤如秋蟬,ㄐㄧㄣˋ　ㄖㄨˊ　ㄑㄧㄡ　ㄔㄢˊ,,,,,非主條成語
3699,眈眈虎視,ㄉㄢ　ㄉㄢ　ㄏㄨˇ　ㄕˋ,,,,,非主條成語
3700,聽天所命,ㄊㄧㄥˋ　ㄊㄧㄢ　ㄙㄨㄛˇ　ㄇㄧㄥˋ,,,,,非主條成語
3701,瞋目張膽,ㄔㄣ　ㄇㄨˋ　ㄓㄤ　ㄉㄢˇ,,,,,非主條成語
3702,睫不得交,ㄐㄧㄝˊ　ㄅㄨˋ　ㄉㄜˊ　ㄐㄧㄠ,,,,,非主條成語
3703,嗜古不化,ㄕˋ　ㄍㄨˇ　ㄅㄨˋ　ㄏㄨㄚˋ　（變）　ㄕˋ　ㄍㄨˇ　ㄅㄨˊ　ㄏㄨㄚˋ,,,,,非主條成語
3704,吶喊搖旗,ㄋㄚˋ　ㄏㄢˇ　ㄧㄠˊ　ㄑㄧˊ,,,,,非主條成語
3705,明修暗度,ㄇㄧㄥˊ　ㄒㄧㄡ　ㄢˋ　ㄉㄨˋ,,,,,非主條成語
3706,昧利忘義,ㄇㄟˋ　ㄌㄧˋ　ㄨㄤˋ　ㄧˋ,,,,,非主條成語
3707,明珠掌上,ㄇㄧㄥˊ　ㄓㄨ　ㄓㄤˇ　ㄕㄤˋ,,,,,非主條成語
3708,跌而不振,ㄉㄧㄝˊ　ㄦˊ　ㄅㄨˋ　ㄓㄣˋ　（變）　ㄉㄧㄝˊ　ㄦˊ　ㄅㄨˊ　ㄓㄣˋ,,,,,非主條成語
3709,嘔出心肝,ㄡˇ　ㄔㄨ　ㄒㄧㄣ　ㄍㄢ,,,,,非主條成語
3710,眼無人,ㄧㄢˇ　ㄨˊ　ㄖㄣˊ,,,,,非主條成語
3711,眼不識丁,ㄧㄢˇ　ㄅㄨˋ　ㄕˋ　ㄉㄧㄥ　（變）　ㄧㄢˇ　ㄅㄨˊ　ㄕˋ　ㄉㄧㄥ,,,,,非主條成語
3712,唱高和寡,ㄔㄤˋ　ㄍㄠ　ㄏㄜˋ　ㄍㄨㄚˇ,,,,,非主條成語
3713,眼空宇宙,ㄧㄢˇ　ㄎㄨㄥ　ㄩˇ　ㄓㄡˋ,,,,,非主條成語
3714,略無忌憚,ㄌㄩㄝˋ　ㄨˊ　ㄐㄧˋ　ㄉㄢˋ,,,,,非主條成語
3715,躁動輕舉,ㄗㄠˋ　ㄉㄨㄥˋ　ㄑㄧㄥ　ㄐㄩˇ,,,,,非主條成語
3716,瞿然起敬,ㄐㄩˋ　ㄖㄢˊ　ㄑㄧˇ　ㄐㄧㄥˋ,,,,,非主條成語
3717,叩心泣血,ㄎㄡˋ　ㄒㄧㄣ　ㄑㄧˋ　ㄒㄧㄝˇ,,,,,非主條成語
3718,喚雨呼風,ㄏㄨㄢˋ　ㄩˇ　ㄏㄨ　ㄈㄥ,,,,,非主條成語
3719,照樣葫蘆,ㄓㄠˋ　ㄧㄤˋ　ㄏㄨˊ　ㄌㄨˊ,,,,,非主條成語
3720,明哲防身,ㄇㄧㄥˊ　ㄓㄜˊ　ㄈㄤˊ　ㄕㄣ,,,,,非主條成語
3721,嗣往開來,ㄙˋ　ㄨㄤˇ　ㄎㄞ　ㄌㄞˊ,,,,,非主條成語
3722,時與願違,ㄕˊ　ㄩˇ　ㄩㄢˋ　ㄨㄟˊ,,,,,非主條成語
3723,明若指掌,ㄇㄧㄥˊ　ㄖㄨㄛˋ　ㄓˇ　ㄓㄤˇ,,,,,非主條成語
3724,明知明犯,ㄇㄧㄥˊ　ㄓ　ㄇㄧㄥˊ　ㄈㄢˋ,,,,,非主條成語
3725,防禍未然,ㄈㄤˊ　ㄏㄨㄛˋ　ㄨㄟˋ　ㄖㄢˊ,,,,,非主條成語
3726,眼孔如豆,ㄧㄢˇ　ㄎㄨㄥˇ　ㄖㄨˊ　ㄉㄡˋ,,,,,非主條成語
3727,歷歷在眼,ㄌㄧˋ　ㄌㄧˋ　ㄗㄞˋ　ㄧㄢˇ,,,,,非主條成語
3728,厲色疾言,ㄌㄧˋ　ㄙㄜˋ　ㄐㄧˊ　ㄧㄢˊ,,,,,非主條成語
3729,防微慮萌,ㄈㄤˊ　ㄨㄟˊ　ㄌㄩˋ　ㄇㄥˊ,,,,,非主條成語
3730,隔靴之搔,ㄍㄜˊ　ㄒㄩㄝ　ㄓ　ㄙㄠ,,,,,非主條成語
3731,隔靴抓癢,ㄍㄜˊ　ㄒㄩㄝ　ㄓㄨㄚ　ㄧㄤˇ,,,,,非主條成語
3732,鳴鐘列鼎,ㄇㄧㄥˊ　ㄓㄨㄥ　ㄌㄧㄝˋ　ㄉㄧㄥˇ,,,,,非主條成語
3733,肝膽相見,ㄍㄢ　ㄉㄢˇ　ㄒㄧㄤ　ㄐㄧㄢˋ,,,,,非主條成語
3734,厭勞喜逸,ㄧㄢˋ　ㄌㄠˊ　ㄒㄧˇ　ㄧˋ,,,,,非主條成語
3735,葉歸根,ㄧㄝˋ　ㄍㄨㄟ　ㄍㄣ,,,,,非主條成語
3736,噀血噴人,ㄒㄩㄣˋ　ㄒㄧㄝˇ　ㄆㄣ　ㄖㄣˊ,,,,,非主條成語
3737,既往不追,ㄐㄧˋ　ㄨㄤˇ　ㄅㄨˋ　ㄓㄨㄟ,,,,,非主條成語
3738,匡亂反正,ㄎㄨㄤ　ㄌㄨㄢˋ　ㄈㄢˇ　ㄓㄥˋ,,,,,非主條成語
3739,匿病不醫,ㄋㄧˋ　ㄅㄧㄥˋ　ㄅㄨˋ　ㄧ,,,,,非主條成語
3740,匪懈夙宵,ㄈㄟˇ　ㄒㄧㄝˋ　ㄙㄨˋ　ㄒㄧㄠ,,,,,非主條成語
3741,巨猾老奸,ㄐㄩˋ　ㄏㄨㄚˊ　ㄌㄠˇ　ㄐㄧㄢ,,,,,非主條成語
3742,兵連眾結,ㄅㄧㄥ　ㄌㄧㄢˊ　ㄓㄨㄥˋ　ㄐㄧㄝˊ,,,,,非主條成語
3743,吹波助瀾,ㄔㄨㄟ　ㄅㄛ　ㄓㄨˋ　ㄌㄢˊ,,,,,非主條成語
3744,樂終而悲,ㄌㄜˋ　ㄓㄨㄥ　ㄦˊ　ㄅㄟ,,,,,非主條成語
3745,附勢趨權,ㄈㄨˋ　ㄕˋ　ㄑㄩ　ㄑㄩㄢˊ,,,,,非主條成語
3746,後起之英,ㄏㄡˋ　ㄑㄧˇ　ㄓ　ㄧㄥ,,,,,非主條成語
3747,兵厲馬秣,ㄅㄧㄥ　ㄌㄧˋ　ㄇㄚˇ　ㄇㄛˋ,,,,,非主條成語
3748,兵火連天,ㄅㄧㄥ　ㄏㄨㄛˇ　ㄌㄧㄢˊ　ㄊㄧㄢ,,,,,非主條成語
3749,隋珠暗投,ㄙㄨㄟˊ　ㄓㄨ　ㄢˋ　ㄊㄡˊ,,,,,非主條成語
3750,隨症用藥,ㄙㄨㄟˊ　ㄓㄥˋ　ㄩㄥˋ　ㄧㄠˋ,,,,,非主條成語
3751,隨寓隨安,ㄙㄨㄟˊ　ㄩˋ　ㄙㄨㄟˊ　ㄢ,,,,,非主條成語
3752,願拜下風,ㄩㄢˋ　ㄅㄞˋ　ㄒㄧㄚˋ　ㄈㄥ,,,,,非主條成語
3753,反正撥亂,ㄈㄢˇ　ㄓㄥˋ　ㄅㄛ　ㄌㄨㄢˋ,,,,,非主條成語
3754,後進之秀,ㄏㄡˋ　ㄐㄧㄣˋ　ㄓ　ㄒㄧㄡˋ,,,,,非主條成語
3755,反死回生,ㄈㄢˇ　ㄙˇ　ㄏㄨㄟˊ　ㄕㄥ,,,,,非主條成語
3756,後起之勁,ㄏㄡˋ　ㄑㄧˇ　ㄓ　ㄐㄧㄥˋ,,,,,非主條成語
3757,隨機制變,ㄙㄨㄟˊ　ㄐㄧ　ㄓˋ　ㄅㄧㄢˋ,,,,,非主條成語
3758,反老為少,ㄈㄢˇ　ㄌㄠˇ　ㄨㄟˊ　ㄕㄠˋ,,,,,非主條成語
3759,肘捉衿見,ㄓㄡˇ　ㄓㄨㄛ　ㄐㄧㄣ　ㄒㄧㄢˋ,,,,,非主條成語
3760,附翼攀鱗,ㄈㄨˋ　ㄧˋ　ㄆㄢ　ㄌㄧㄣˊ,,,,,非主條成語
3761,附和隨聲,ㄈㄨˋ　ㄏㄜˋ　ㄙㄨㄟˊ　ㄕㄥ,,,,,非主條成語
3762,陽奉陰忮,ㄧㄤˊ　ㄈㄥˋ　ㄧㄣ　ㄓˋ,,,,,非主條成語
3763,隨風而靡,ㄙㄨㄟˊ　ㄈㄥ　ㄦˊ　ㄇㄧˇ,,,,,非主條成語
3764,膽氣凌雲,ㄉㄢˇ　ㄑㄧˋ　ㄌㄧㄥˊ　ㄩㄣˊ,,,,,非主條成語
3765,膽氣橫秋,ㄉㄢˇ　ㄑㄧˋ　ㄏㄥˊ　ㄑㄧㄡ,,,,,非主條成語
3766,膽喪心驚,ㄉㄢˇ　ㄙㄤˋ　ㄒㄧㄣ　ㄐㄧㄥ,,,,,非主條成語
3767,膽戰魂驚,ㄉㄢˇ　ㄓㄢˋ　ㄏㄨㄣˊ　ㄐㄧㄥ,,,,,非主條成語
3768,幾無僅有,ㄐㄧ　ㄨˊ　ㄐㄧㄣˇ　ㄧㄡˇ,,,,,非主條成語
3769,反邪就正,ㄈㄢˇ　ㄒㄧㄝˊ　ㄐㄧㄡˋ　ㄓㄥˋ,,,,,非主條成語
3770,風雨調順,ㄈㄥ　ㄩˇ　ㄊㄧㄠˊ　ㄕㄨㄣˋ,,,,,非主條成語
3771,反脣相攻,ㄈㄢˇ　ㄔㄨㄣˊ　ㄒㄧㄤ　ㄍㄨㄥ,,,,,非主條成語
3772,隨波同流,ㄙㄨㄟˊ　ㄅㄛ　ㄊㄨㄥˊ　ㄌㄧㄡˊ,,,,,非主條成語
3773,風馳電擊,ㄈㄥ　ㄔˊ　ㄉㄧㄢˋ　ㄐㄧˊ,,,,,非主條成語
3774,風休浪靜,ㄈㄥ　ㄒㄧㄡ　ㄌㄤˋ　ㄐㄧㄥˋ,,,,,非主條成語
3775,風雨滿城,ㄈㄥ　ㄩˇ　ㄇㄢˇ　ㄔㄥˊ,,,,,非主條成語
3776,隨聲趨和,ㄙㄨㄟˊ　ㄕㄥ　ㄑㄩ　ㄏㄜˋ,,,,,非主條成語
3777,風飛雷厲,ㄈㄥ　ㄈㄟ　ㄌㄟˊ　ㄌㄧˋ,,,,,非主條成語
3778,風馳電赴,ㄈㄥ　ㄔˊ　ㄉㄧㄢˋ　ㄈㄨˋ,,,,,非主條成語
3779,隨聲響和,ㄙㄨㄟˊ　ㄕㄥ　ㄒㄧㄤˇ　ㄏㄜˋ,,,,,非主條成語
3780,風馳電邁,ㄈㄥ　ㄔˊ　ㄉㄧㄢˋ　ㄇㄞˋ,,,,,非主條成語
3781,風馳電掩,ㄈㄥ　ㄔˊ　ㄉㄧㄢˋ　ㄧㄢˇ,,,,,非主條成語
3782,風過耳,ㄈㄥ　ㄍㄨㄛˋ　ㄦˇ,,,,,非主條成語
3783,隨勢應變,ㄙㄨㄟˊ　ㄕˋ　ㄧㄥˋ　ㄅㄧㄢˋ,,,,,非主條成語
3784,風調雨節,ㄈㄥ　ㄊㄧㄠˊ　ㄩˇ　ㄐㄧㄝˊ,,,,,非主條成語
3785,風吹過耳,ㄈㄥ　ㄔㄨㄟ　ㄍㄨㄛˋ　ㄦˇ,,,,,非主條成語
3786,隨人步趨,ㄙㄨㄟˊ　ㄖㄣˊ　ㄅㄨˋ　ㄑㄩ,,,,,非主條成語
3787,風驚草動,ㄈㄥ　ㄐㄧㄥ　ㄘㄠˇ　ㄉㄨㄥˋ,,,,,非主條成語
3788,風光霽月,ㄈㄥ　ㄍㄨㄤ　ㄐㄧˋ　ㄩㄝˋ,,,,,非主條成語
3789,所向摧靡,ㄙㄨㄛˇ　ㄒㄧㄤˋ　ㄘㄨㄟ　ㄇㄧˇ,,,,,非主條成語
3790,鳳毛麟甲,ㄈㄥˋ　ㄇㄠˊ　ㄌㄧㄣˊ　ㄐㄧㄚˇ,,,,,非主條成語
3791,所向皆靡,ㄙㄨㄛˇ　ㄒㄧㄤˋ　ㄐㄧㄝ　ㄇㄧˇ,,,,,非主條成語
3792,見異而遷,ㄐㄧㄢˋ　ㄧˋ　ㄦˊ　ㄑㄧㄢ,,,,,非主條成語
3793,見義勇發,ㄐㄧㄢˋ　ㄧˋ　ㄩㄥˇ　ㄈㄚ,,,,,非主條成語
3794,見義勇往,ㄐㄧㄢˋ　ㄧˋ　ㄩㄥˇ　ㄨㄤˇ,,,,,非主條成語
3795,見利忘害,ㄐㄧㄢˋ　ㄌㄧˋ　ㄨㄤˋ　ㄏㄞˋ,,,,,非主條成語
3796,見義敢為,ㄐㄧㄢˋ　ㄧˋ　ㄍㄢˇ　ㄨㄟˊ,,,,,非主條成語
3797,反老成童,ㄈㄢˇ　ㄌㄠˇ　ㄔㄥˊ　ㄊㄨㄥˊ,,,,,非主條成語
3798,見少怪多,ㄐㄧㄢˋ　ㄕㄠˇ　ㄍㄨㄞˋ　ㄉㄨㄛ,,,,,非主條成語
3799,見義喜為,ㄐㄧㄢˋ　ㄧˋ　ㄒㄧˇ　ㄨㄟˊ,,,,,非主條成語
3800,肺肝相照,ㄈㄟˋ　ㄍㄢ　ㄒㄧㄤ　ㄓㄠˋ,,,,,非主條成語
3801,反求諸身,ㄈㄢˇ　ㄑㄧㄡˊ　ㄓㄨ　ㄕㄣ,,,,,非主條成語
3802,展卷有益,ㄓㄢˇ　ㄐㄩㄢˋ　ㄧㄡˇ　ㄧˋ,,,,,非主條成語
3803,隱名埋姓,ㄧㄣˇ　ㄇㄧㄥˊ　ㄇㄞˊ　ㄒㄧㄥˋ,,,,,非主條成語
3804,隱惡揚美,ㄧㄣˇ　ㄜˋ　ㄧㄤˊ　ㄇㄟˇ,,,,,非主條成語
3805,隱躍紙上,ㄧㄣˇ　ㄩㄝˋ　ㄓˇ　ㄕㄤˋ,,,,,非主條成語
3806,同歸一燼,ㄊㄨㄥˊ　ㄍㄨㄟ　ㄧ　ㄐㄧㄣˋ　（變）　ㄊㄨㄥˊ　ㄍㄨㄟ　ㄧˊ　ㄐㄧㄣˋ,,,,,非主條成語
3807,同聲附和,ㄊㄨㄥˊ　ㄕㄥ　ㄈㄨˋ　ㄏㄜˋ,,,,,非主條成語
3808,屈指而數,ㄑㄩ　ㄓˇ　ㄦˊ　ㄕㄨˇ,,,,,非主條成語
3809,盡所欲言,ㄐㄧㄣˋ　ㄙㄨㄛˇ　ㄩˋ　ㄧㄢˊ,,,,,非主條成語
3810,鵬霄萬里,ㄆㄥˊ　ㄒㄧㄠ　ㄨㄢˋ　ㄌㄧˇ,,,,,非主條成語
3811,同休等戚,ㄊㄨㄥˊ　ㄒㄧㄡ　ㄉㄥˇ　ㄑㄧ,,,,,非主條成語
3812,同工異巧,ㄊㄨㄥˊ　ㄍㄨㄥ　ㄧˋ　ㄑㄧㄠˇ,,,,,非主條成語
3813,骨如柴,ㄍㄨˇ　ㄖㄨˊ　ㄔㄞˊ,,,,,非主條成語
3814,居為奇貨,ㄐㄩ　ㄨㄟˊ　ㄑㄧˊ　ㄏㄨㄛˋ,,,,,非主條成語
3815,居逸思危,ㄐㄩ　ㄧˋ　ㄙ　ㄨㄟˊ,,,,,非主條成語
3816,丹心耿耿,ㄉㄢ　ㄒㄧㄣ　ㄍㄥˇ　ㄍㄥˇ,,,,,非主條成語
3817,民望所歸,ㄇㄧㄣˊ　ㄨㄤˋ　ㄙㄨㄛˇ　ㄍㄨㄟ,,,,,非主條成語
3818,眉飛目舞,ㄇㄟˊ　ㄈㄟ　ㄇㄨˋ　ㄨˇ,,,,,非主條成語
3819,貫通融會,ㄍㄨㄢˋ　ㄊㄨㄥ　ㄖㄨㄥˊ　ㄏㄨㄟˋ,,,,,非主條成語
3820,腹劍舌糖,ㄈㄨˋ　ㄐㄧㄢˋ　ㄕㄜˊ　ㄊㄤˊ,,,,,非主條成語
3821,腹劍口蜜,ㄈㄨˋ　ㄐㄧㄢˋ　ㄎㄡˇ　ㄇㄧˋ,,,,,非主條成語
3822,除患未然,ㄔㄨˊ　ㄏㄨㄢˋ　ㄨㄟˋ　ㄖㄢˊ,,,,,非主條成語
3823,膾炙一時,ㄎㄨㄞˋ　ㄓˋ　ㄧ　ㄕˊ　（變）　ㄎㄨㄞˋ　ㄓˋ　ㄧˋ　ㄕˊ,,,,,非主條成語
3824,膾炙天下,ㄎㄨㄞˋ　ㄓˋ　ㄊㄧㄢ　ㄒㄧㄚˋ,,,,,非主條成語
3825,膾炙海內,ㄎㄨㄞˋ　ㄓˋ　ㄏㄞˇ　ㄋㄟˋ,,,,,非主條成語
3826,腹無點墨,ㄈㄨˋ　ㄨˊ　ㄉㄧㄢˇ　ㄇㄛˋ,,,,,非主條成語
3827,騰踏飛黃,ㄊㄥˊ　ㄊㄚˋ　ㄈㄟ　ㄏㄨㄤˊ,,,,,非主條成語
3828,腹心相照,ㄈㄨˋ　ㄒㄧㄣ　ㄒㄧㄤ　ㄓㄠˋ,,,,,非主條成語
3829,腹載五車,ㄈㄨˋ　ㄗㄞˋ　ㄨˇ　ㄐㄩ,,,,,非主條成語
3830,隙過白駒,ㄒㄧˋ　ㄍㄨㄛˋ　ㄅㄞˊ　ㄐㄩ,,,,,非主條成語
3831,同歸盡,ㄊㄨㄥˊ　ㄍㄨㄟ　ㄐㄧㄣˋ,,,,,非主條成語
3832,腳忙手亂,ㄐㄧㄠˇ　ㄇㄤˊ　ㄕㄡˇ　ㄌㄨㄢˋ,,,,,非主條成語
3833,八拜至交,ㄅㄚ　ㄅㄞˋ　ㄓˋ　ㄐㄧㄠ,,,,,非主條成語
3834,八拜定交,ㄅㄚ　ㄅㄞˋ　ㄉㄧㄥˋ　ㄐㄧㄠ,,,,,非主條成語
3835,八窗玲瓏,ㄅㄚ　ㄔㄨㄤ　ㄌㄧㄥˊ　ㄌㄨㄥˊ,,,,,非主條成語
3836,八達四通,ㄅㄚ　ㄉㄚˊ　ㄙˋ　ㄊㄨㄥ,,,,,非主條成語
3837,臉紅耳赤,ㄌㄧㄢˇ　ㄏㄨㄥˊ　ㄦˇ　ㄔˋ,,,,,非主條成語
3838,人望所歸,ㄖㄣˊ　ㄨㄤˋ　ㄙㄨㄛˇ　ㄍㄨㄟ,,,,,非主條成語
3839,人強勝天,ㄖㄣˊ　ㄑㄧㄤˊ　ㄕㄥˋ　ㄊㄧㄢ,,,,,非主條成語
3840,同病相矜,ㄊㄨㄥˊ　ㄅㄧㄥˋ　ㄒㄧㄤ　ㄐㄧㄣ,,,,,非主條成語
3841,鼠心狼肺,ㄕㄨˇ　ㄒㄧㄣ　ㄌㄤˊ　ㄈㄟˋ,,,,,非主條成語
3842,人海人山,ㄖㄣˊ　ㄏㄞˇ　ㄖㄣˊ　ㄕㄢ,,,,,非主條成語
3843,氣息厭厭,ㄑㄧˋ　ㄒㄧˊ　ㄧㄢ　ㄧㄢ,,,,,非主條成語
3844,氣和心平,ㄑㄧˋ　ㄏㄜˊ　ㄒㄧㄣ　ㄆㄧㄥˊ,,,,,非主條成語
3845,入死出生,ㄖㄨˋ　ㄙˇ　ㄔㄨ　ㄕㄥ,,,,,非主條成語
3846,同歸於亡,ㄊㄨㄥˊ　ㄍㄨㄟ　ㄩˊ　ㄨㄤˊ,,,,,非主條成語
3847,入虎穴得虎子,ㄖㄨˋ　ㄏㄨˇ　ㄒㄩㄝˋ　ㄉㄜˊ　ㄏㄨˇ　ㄗˇ,,,,,非主條成語
3848,用管闚天,ㄩㄥˋ　ㄍㄨㄢˇ　ㄎㄨㄟ　ㄊㄧㄢ,,,,,非主條成語
3849,氣概凌雲,ㄑㄧˋ　ㄍㄞˋ　ㄌㄧㄥˊ　ㄩㄣˊ,,,,,非主條成語
3850,入石三分,ㄖㄨˋ　ㄕˊ　ㄙㄢ　ㄈㄣ,,,,,非主條成語
3851,氣合情投,ㄑㄧˋ　ㄏㄜˊ　ㄑㄧㄥˊ　ㄊㄡˊ,,,,,非主條成語
3852,氣憤填膺,ㄑㄧˋ　ㄈㄣˋ　ㄊㄧㄢˊ　ㄧㄥ,,,,,非主條成語
3853,前功盡廢,ㄑㄧㄢˊ　ㄍㄨㄥ　ㄐㄧㄣˋ　ㄈㄟˋ,,,,,非主條成語
3854,前勞盡棄,ㄑㄧㄢˊ　ㄌㄠˊ　ㄐㄧㄣˋ　ㄑㄧˋ,,,,,非主條成語
3855,金銷眾口,ㄐㄧㄣ　ㄒㄧㄠ　ㄓㄨㄥˋ　ㄎㄡˇ,,,,,非主條成語
3856,分崩蕩析,ㄈㄣ　ㄅㄥ　ㄉㄤˋ　ㄒㄧ,,,,,非主條成語
3857,前事不忘，後事之戒,ㄑㄧㄢˊ　ㄕˋ　ㄅㄨˋ　ㄨㄤˋ　ㄏㄡˋ　ㄕˋ　ㄓ　ㄐㄧㄝˋ　（變）　ㄑㄧㄢˊ　ㄕˋ　ㄅㄨˊ　ㄨㄤˋ　ㄏㄡˋ　ㄕˋ　ㄓ　ㄐㄧㄝˋ,,,,,非主條成語
3858,前瞻後慮,ㄑㄧㄢˊ　ㄓㄢ　ㄏㄡˋ　ㄌㄩˋ,,,,,非主條成語
3859,金迷粉醉,ㄐㄧㄣ　ㄇㄧˊ　ㄈㄣˇ　ㄗㄨㄟˋ,,,,,非主條成語
3860,前事不忘，後代之元龜,ㄑㄧㄢˊ　ㄕˋ　ㄅㄨˋ　ㄨㄤˋ　ㄏㄡˋ　ㄉㄞˋ　ㄓ　ㄩㄢˊ　ㄍㄨㄟ　（變）　ㄑㄧㄢˊ　ㄕˋ　ㄅㄨˊ　ㄨㄤˋ　ㄏㄡˋ　ㄉㄞˋ　ㄓ　ㄩㄢˊ　ㄍㄨㄟ,,,,,非主條成語
3861,前事之師,ㄑㄧㄢˊ　ㄕˋ　ㄓ　ㄕ,,,,,非主條成語
3862,舞弄文墨,ㄨˇ　ㄋㄨㄥˋ　ㄨㄣˊ　ㄇㄛˋ,,,,,非主條成語
3863,禽獸衣冠,ㄑㄧㄣˊ　ㄕㄡˋ　ㄧ　ㄍㄨㄢ,,,,,非主條成語
3864,羞共戴天,ㄒㄧㄡ　ㄍㄨㄥˋ　ㄉㄞˋ　ㄊㄧㄢ,,,,,非主條成語
3865,復為故態,ㄈㄨˋ　ㄨㄟˊ　ㄍㄨˋ　ㄊㄞˋ,,,,,非主條成語
3866,分路揚鑣,ㄈㄣ　ㄌㄨˋ　ㄧㄤˊ　ㄅㄧㄠ,,,,,非主條成語
3867,舞文巧法,ㄨˇ　ㄨㄣˊ　ㄑㄧㄠˇ　ㄈㄚˇ,,,,,非主條成語
3868,令色巧言,ㄌㄧㄥˋ　ㄙㄜˋ　ㄑㄧㄠˇ　ㄧㄢˊ,,,,,非主條成語
3869,拿班作勢,ㄋㄚˊ　ㄅㄢ　ㄗㄨㄛˋ　ㄕˋ,,,,,非主條成語
3870,善誘循循,ㄕㄢˋ　ㄧㄡˋ　ㄒㄩㄣˊ　ㄒㄩㄣˊ,,,,,非主條成語
3871,差強意,ㄔㄚ　ㄑㄧㄤˊ　ㄧˋ,,,,,非主條成語
3872,舞文玩法,ㄨˇ　ㄨㄣˊ　ㄨㄢˊ　ㄈㄚˇ,,,,,非主條成語
3873,舍生取誼,ㄕㄜˇ　ㄕㄥ　ㄑㄩˇ　ㄧˋ,,,,,非主條成語
3874,含糊兩可,ㄏㄢˊ　ㄏㄨˊ　ㄌㄧㄤˇ　ㄎㄜˇ,,,,,非主條成語
3875,舍本理末,ㄕㄜˇ　ㄅㄣˇ　ㄌㄧˇ　ㄇㄛˋ,,,,,非主條成語
3876,首屈指,ㄕㄡˇ　ㄑㄩ　ㄓˇ,,,,,非主條成語
3877,舍本務末,ㄕㄜˇ　ㄅㄣˇ　ㄨˋ　ㄇㄛˋ,,,,,非主條成語
3878,舍本即末,ㄕㄜˇ　ㄅㄣˇ　ㄐㄧˊ　ㄇㄛˋ,,,,,非主條成語
3879,首為屈指,ㄕㄡˇ　ㄨㄟˊ　ㄑㄩ　ㄓˇ,,,,,非主條成語
3880,命面提耳,ㄇㄧㄥˋ　ㄇㄧㄢˋ　ㄊㄧˊ　ㄦˇ,,,,,非主條成語
3881,乞憐搖尾,ㄑㄧˇ　ㄌㄧㄢˊ　ㄧㄠˊ　ㄨㄟˇ,,,,,非主條成語
3882,鏡像水月,ㄐㄧㄥˋ　ㄒㄧㄤˋ　ㄕㄨㄟˇ　ㄩㄝˋ,,,,,非主條成語
3883,復見天日,ㄈㄨˋ　ㄐㄧㄢˋ　ㄊㄧㄢ　ㄖˋ,,,,,非主條成語
3884,每變愈下,ㄇㄟˇ　ㄅㄧㄢˋ　ㄩˋ　ㄒㄧㄚˋ,,,,,非主條成語
3885,並驅齊駕,ㄅㄧㄥˋ　ㄑㄩ　ㄑㄧˊ　ㄐㄧㄚˋ,,,,,非主條成語
3886,食生不化,ㄕˊ　ㄕㄥ　ㄅㄨˋ　ㄏㄨㄚˋ　（變）　ㄕˊ　ㄕㄥ　ㄅㄨˊ　ㄏㄨㄚˋ,,,,,非主條成語
3887,食浮於人,ㄕˊ　ㄈㄨˊ　ㄩˊ　ㄖㄣˊ,,,,,非主條成語
3888,每下愈篤,ㄇㄟˇ　ㄒㄧㄚˋ　ㄩˋ　ㄉㄨˇ,,,,,非主條成語
3889,貪高務遠,ㄊㄢ　ㄍㄠ　ㄨˋ　ㄩㄢˇ,,,,,非主條成語
3890,羞澀囊空,ㄒㄧㄡ　ㄙㄜˋ　ㄋㄤˊ　ㄎㄨㄥ,,,,,非主條成語
3891,美不勝錄,ㄇㄟˇ　ㄅㄨˋ　ㄕㄥ　ㄌㄨˋ,,,,,非主條成語
3892,矯枉過甚,ㄐㄧㄠˇ　ㄨㄤˇ　ㄍㄨㄛˋ　ㄕㄣˋ,,,,,非主條成語
3893,矯枉過當,ㄐㄧㄠˇ　ㄨㄤˇ　ㄍㄨㄛˋ　ㄉㄤˋ,,,,,非主條成語
3894,鑠金眾口,ㄕㄨㄛˋ　ㄐㄧㄣ　ㄓㄨㄥˋ　ㄎㄡˇ,,,,,非主條成語
3895,美事多磨,ㄇㄟˇ　ㄕˋ　ㄉㄨㄛ　ㄇㄛˊ,,,,,非主條成語
3896,錦簇花團,ㄐㄧㄣˇ　ㄘㄨˋ　ㄏㄨㄚ　ㄊㄨㄢˊ,,,,,非主條成語
3897,知新溫故,ㄓ　ㄒㄧㄣ　ㄨㄣ　ㄍㄨˋ,,,,,非主條成語
3898,知而故犯,ㄓ　ㄦˊ　ㄍㄨˋ　ㄈㄢˋ,,,,,非主條成語
3899,針鋒相投,ㄓㄣ　ㄈㄥ　ㄒㄧㄤ　ㄊㄡˊ,,,,,非主條成語
3900,銖銖較量,ㄓㄨ　ㄓㄨ　ㄐㄧㄠˋ　ㄌㄧㄤˋ,,,,,非主條成語
3901,智昏菽麥,ㄓˋ　ㄏㄨㄣ　ㄕㄨˊ　ㄇㄞˋ,,,,,非主條成語
3902,錦上鋪花,ㄐㄧㄣˇ　ㄕㄤˋ　ㄆㄨ　ㄏㄨㄚ,,,,,非主條成語
3903,鐵石心肝,ㄊㄧㄝˇ　ㄕˊ　ㄒㄧㄣ　ㄍㄢ,,,,,非主條成語
3904,鄰國之壑,ㄌㄧㄣˊ　ㄍㄨㄛˊ　ㄓ　ㄏㄨㄛˋ,,,,,非主條成語
3905,鐵石之心,ㄊㄧㄝˇ　ㄕˊ　ㄓ　ㄒㄧㄣ,,,,,非主條成語
3906,欲速反遲,ㄩˋ　ㄙㄨˋ　ㄈㄢˇ　ㄔˊ,,,,,非主條成語
3907,欲逸惡勞,ㄩˋ　ㄧˋ　ㄨˋ　ㄌㄠˊ,,,,,非主條成語
3908,眾口金鑠,ㄓㄨㄥˋ　ㄎㄡˇ　ㄐㄧㄣ　ㄕㄨㄛˋ,,,,,非主條成語
3909,欲蓋彌著,ㄩˋ　ㄍㄞˋ　ㄇㄧˊ　ㄓㄨˋ,,,,,非主條成語
3910,智以利昏,ㄓˋ　ㄧˇ　ㄌㄧˋ　ㄏㄨㄣ,,,,,非主條成語
3911,鋒不可當,ㄈㄥ　ㄅㄨˋ　ㄎㄜˇ　ㄉㄤˇ,,,,,非主條成語
3912,眾人廣坐,ㄓㄨㄥˋ　ㄖㄣˊ　ㄍㄨㄤˇ　ㄗㄨㄛˋ,,,,,非主條成語
3913,銘功頌德,ㄇㄧㄥˊ　ㄍㄨㄥ　ㄙㄨㄥˋ　ㄉㄜˊ,,,,,非主條成語
3914,眾腋成裘,ㄓㄨㄥˋ　ㄧˋ　ㄔㄥˊ　ㄑㄧㄡˊ,,,,,非主條成語
3915,從壁上觀,ㄘㄨㄥˊ　ㄅㄧˋ　ㄕㄤˋ　ㄍㄨㄢ,,,,,非主條成語
3916,坐而待死,ㄗㄨㄛˋ　ㄦˊ　ㄉㄞˋ　ㄙˇ,,,,,非主條成語
3917,領異拔新,ㄌㄧㄥˇ　ㄧˋ　ㄅㄚˊ　ㄒㄧㄣ,,,,,非主條成語
3918,錦團花簇,ㄐㄧㄣˇ　ㄊㄨㄢˊ　ㄏㄨㄚ　ㄘㄨˋ,,,,,非主條成語
3919,坐若針氈,ㄗㄨㄛˋ　ㄖㄨㄛˋ　ㄓㄣ　ㄓㄢ,,,,,非主條成語
3920,坐薪嘗膽,ㄗㄨㄛˋ　ㄒㄧㄣ　ㄔㄤˊ　ㄉㄢˇ,,,,,非主條成語
3921,坐井觀,ㄗㄨㄛˋ　ㄐㄧㄥˇ　ㄍㄨㄢ,,,,,非主條成語
3922,從其所好,ㄘㄨㄥˊ　ㄑㄧˊ　ㄙㄨㄛˇ　ㄏㄠˋ,,,,,非主條成語
3923,簇錦攢花,ㄘㄨˋ　ㄐㄧㄣˇ　ㄘㄨㄢˊ　ㄏㄨㄚ,,,,,非主條成語
3924,叢至沓來,ㄘㄨㄥˊ　ㄓˋ　ㄊㄚˋ　ㄌㄞˊ,,,,,非主條成語
3925,叢矢之的,ㄘㄨㄥˊ　ㄕˇ　ㄓ　ㄉㄧˋ,,,,,非主條成語
3926,坐待焚滅,ㄗㄨㄛˋ　ㄉㄞˋ　ㄈㄣˊ　ㄇㄧㄝˋ,,,,,非主條成語
3927,翔龍舞鳳,ㄒㄧㄤˊ　ㄌㄨㄥˊ　ㄨˇ　ㄈㄥˋ,,,,,非主條成語
3928,筆誅口伐,ㄅㄧˇ　ㄓㄨ　ㄎㄡˇ　ㄈㄚ,,,,,非主條成語
3929,筆力透背,ㄅㄧˇ　ㄌㄧˋ　ㄊㄡˋ　ㄅㄟˋ,,,,,非主條成語
3930,眾怨之的,ㄓㄨㄥˋ　ㄩㄢˋ　ㄓ　ㄉㄧˋ,,,,,非主條成語
3931,笑裡刀,ㄒㄧㄠˋ　ㄌㄧˇ　ㄉㄠ,,,,,非主條成語
3932,笑中有刀,ㄒㄧㄠˋ　ㄓㄨㄥ　ㄧㄡˇ　ㄉㄠ,,,,,非主條成語
3933,箕裘之紹,ㄐㄧ　ㄑㄧㄡˊ　ㄓ　ㄕㄠˋ,,,,,非主條成語
3934,箕裘不墜,ㄐㄧ　ㄑㄧㄡˊ　ㄅㄨˋ　ㄓㄨㄟˋ　（變）　ㄐㄧ　ㄑㄧㄡˊ　ㄅㄨˊ　ㄓㄨㄟˋ,,,,,非主條成語
3935,銷難解紛,ㄒㄧㄠ　ㄋㄢˋ　ㄐㄧㄝˇ　ㄈㄣ,,,,,非主條成語
3936,眾望所屬,ㄓㄨㄥˋ　ㄨㄤˋ　ㄙㄨㄛˇ　ㄕㄨˇ,,,,,非主條成語
3937,小水長流,ㄒㄧㄠˇ　ㄕㄨㄟˇ　ㄔㄤˊ　ㄌㄧㄡˊ,,,,,非主條成語
3938,小試牛刀,ㄒㄧㄠˇ　ㄕˋ　ㄋㄧㄡˊ　ㄉㄠ,,,,,非主條成語
3939,眾望所集,ㄓㄨㄥˋ　ㄨㄤˋ　ㄙㄨㄛˇ　ㄐㄧˊ,,,,,非主條成語
3940,銀花火樹,ㄧㄣˊ　ㄏㄨㄚ　ㄏㄨㄛˇ　ㄕㄨˋ,,,,,非主條成語
3941,驚波駭浪,ㄐㄧㄥ　ㄅㄛ　ㄏㄞˋ　ㄌㄤˋ,,,,,非主條成語
3942,眾口銷金,ㄓㄨㄥˋ　ㄎㄡˇ　ㄒㄧㄠ　ㄐㄧㄣ,,,,,非主條成語
3943,驚人一鳴,ㄐㄧㄥ　ㄖㄣˊ　ㄧ　ㄇㄧㄥˊ　（變）　ㄐㄧㄥ　ㄖㄣˊ　ㄧˋ　ㄇㄧㄥˊ,,,,,非主條成語
3944,堂皇冠冕,ㄊㄤˊ　ㄏㄨㄤˊ　ㄍㄨㄢ　ㄇㄧㄢˇ,,,,,非主條成語
3945,當仁不遜,ㄉㄤ　ㄖㄣˊ　ㄅㄨˋ　ㄒㄩㄣˋ　（變）　ㄉㄤ　ㄖㄣˊ　ㄅㄨˊ　ㄒㄩㄣˋ,,,,,非主條成語
3946,當務為急,ㄉㄤ　ㄨˋ　ㄨㄟˊ　ㄐㄧˊ,,,,,非主條成語
3947,銷患未然,ㄒㄧㄠ　ㄏㄨㄢˋ　ㄨㄟˋ　ㄖㄢˊ,,,,,非主條成語
3948,半籌不展,ㄅㄢˋ　ㄔㄡˊ　ㄅㄨˋ　ㄓㄢˇ,,,,,非主條成語
3949,半疑半信,ㄅㄢˋ　ㄧˊ　ㄅㄢˋ　ㄒㄧㄣˋ,,,,,非主條成語
3950,半文不值,ㄅㄢˋ　ㄨㄣˊ　ㄅㄨˋ　ㄓˊ,,,,,非主條成語
3951,尚氣凌人,ㄕㄤˋ　ㄑㄧˋ　ㄌㄧㄥˊ　ㄖㄣˊ,,,,,非主條成語
3952,恬不為恥,ㄊㄧㄢˊ　ㄅㄨˋ　ㄨㄟˋ　ㄔˇ　（變）　ㄊㄧㄢˊ　ㄅㄨˊ　ㄨㄟˋ　ㄔˇ,,,,,非主條成語
3953,恬不知愧,ㄊㄧㄢˊ　ㄅㄨˋ　ㄓ　ㄎㄨㄟˋ,,,,,非主條成語
3954,懷才不偶,ㄏㄨㄞˊ　ㄘㄞˊ　ㄅㄨˋ　ㄡˇ,,,,,非主條成語
3955,省事寧人,ㄕㄥˇ　ㄕˋ　ㄋㄧㄥˊ　ㄖㄣˊ,,,,,非主條成語
3956,憂天憫人,ㄧㄡ　ㄊㄧㄢ　ㄇㄧㄣˇ　ㄖㄣˊ,,,,,非主條成語
3957,卷不輟手,ㄐㄩㄢˋ　ㄅㄨˋ　ㄔㄨㄛˋ　ㄕㄡˇ　（變）　ㄐㄩㄢˋ　ㄅㄨˊ　ㄔㄨㄛˋ　ㄕㄡˇ,,,,,非主條成語
3958,舉隅反三,ㄐㄩˇ　ㄩˊ　ㄈㄢˇ　ㄙㄢ,,,,,非主條成語
3959,賞心愜目,ㄕㄤˇ　ㄒㄧㄣ　ㄑㄧㄝˋ　ㄇㄨˋ,,,,,非主條成語
3960,半步不離,ㄅㄢˋ　ㄅㄨˋ　ㄅㄨˋ　ㄌㄧˊ,,,,,非主條成語
3961,舉綱持領,ㄐㄩˇ　ㄍㄤ　ㄔˊ　ㄌㄧㄥˇ,,,,,非主條成語
3962,恃才驕物,ㄕˋ　ㄘㄞˊ　ㄐㄧㄠ　ㄨˋ,,,,,非主條成語
3963,半就半推,ㄅㄢˋ　ㄐㄧㄡˋ　ㄅㄢˋ　ㄊㄨㄟ,,,,,非主條成語
3964,恃才凌物,ㄕˋ　ㄘㄞˊ　ㄌㄧㄥˊ　ㄨˋ,,,,,非主條成語
3965,驚魂動魄,ㄐㄧㄥ　ㄏㄨㄣˊ　ㄉㄨㄥˋ　ㄆㄛˋ,,,,,非主條成語
3966,豢虎貽殃,ㄏㄨㄢˋ　ㄏㄨˇ　ㄧˊ　ㄧㄤ,,,,,非主條成語
3967,尖言冷語,ㄐㄧㄢ　ㄧㄢˊ　ㄌㄥˇ　ㄩˇ,,,,,非主條成語
3968,燎如觀火,ㄌㄧㄠˊ　ㄖㄨˊ　ㄍㄨㄢ　ㄏㄨㄛˇ,,,,,非主條成語
3969,情不自任,ㄑㄧㄥˊ　ㄅㄨˋ　ㄗˋ　ㄖㄣˋ　（變）　ㄑㄧㄥˊ　ㄅㄨˊ　ㄗˋ　ㄖㄣˋ,,,,,非主條成語
3970,情親意合,ㄑㄧㄥˊ　ㄑㄧㄣ　ㄧˋ　ㄏㄜˊ,,,,,非主條成語
3971,情不自持,ㄑㄧㄥˊ　ㄅㄨˋ　ㄗˋ　ㄔˊ,,,,,非主條成語
3972,情投氣合,ㄑㄧㄥˊ　ㄊㄡˊ　ㄑㄧˋ　ㄏㄜˊ,,,,,非主條成語
3973,情不可抑,ㄑㄧㄥˊ　ㄅㄨˋ　ㄎㄜˇ　ㄧˋ,,,,,非主條成語
3974,驚喜過望,ㄐㄧㄥ　ㄒㄧˇ　ㄍㄨㄛˋ　ㄨㄤˋ,,,,,非主條成語
3975,精心孤詣,ㄐㄧㄥ　ㄒㄧㄣ　ㄍㄨ　ㄧˋ,,,,,非主條成語
3976,當場作戲,ㄉㄤ　ㄔㄤˇ　ㄗㄨㄛˋ　ㄒㄧˋ,,,,,非主條成語
3977,快口直腸,ㄎㄨㄞˋ　ㄎㄡˇ　ㄓˊ　ㄔㄤˊ,,,,,非主條成語
3978,精思熟慮,ㄐㄧㄥ　ㄙ　ㄕㄡˊ　ㄌㄩˋ,,,,,非主條成語
3979,恂恂善導,ㄒㄩㄣˊ　ㄒㄩㄣˊ　ㄕㄢˋ　ㄉㄠˇ,,,,,非主條成語
3980,怪事咄咄,ㄍㄨㄞˋ　ㄕˋ　ㄉㄨㄛˋ　ㄉㄨㄛˋ,,,,,非主條成語
3981,煙火連天,ㄧㄢ　ㄏㄨㄛˇ　ㄌㄧㄢˊ　ㄊㄧㄢ,,,,,非主條成語
3982,慣作非為,ㄍㄨㄢˋ　ㄗㄨㄛˋ　ㄈㄟ　ㄨㄟˊ,,,,,非主條成語
3983,愎過自用,ㄅㄧˋ　ㄍㄨㄛˋ　ㄗˋ　ㄩㄥˋ,,,,,非主條成語
3984,燃死灰,ㄖㄢˊ　ㄙˇ　ㄏㄨㄟ,,,,,非主條成語
3985,炊瓊爇桂,ㄔㄨㄟ　ㄑㄩㄥˊ　ㄖㄜˋ　ㄍㄨㄟˋ,,,,,非主條成語
3986,粗識之無,ㄘㄨ　ㄕˋ　ㄓ　ㄨˊ,,,,,非主條成語
3987,爛漫天真,ㄌㄢˋ　ㄇㄢˋ　ㄊㄧㄢ　ㄓㄣ,,,,,非主條成語
3988,覺我形穢,ㄐㄩㄝˊ　ㄨㄛˇ　ㄒㄧㄥˊ　ㄏㄨㄟˋ,,,,,非主條成語
3989,恬不知羞,ㄊㄧㄢˊ　ㄅㄨˋ　ㄓ　ㄒㄧㄡ,,,,,非主條成語
3990,悅目賞心,ㄩㄝˋ　ㄇㄨˋ　ㄕㄤˇ　ㄒㄧㄣ,,,,,非主條成語
3991,一木難扶,ㄧ　ㄇㄨˋ　ㄋㄢˊ　ㄈㄨˊ　（變）　ㄧˊ　ㄇㄨˋ　ㄋㄢˊ　ㄈㄨˊ,,,,,非主條成語
3992,一長半短,ㄧ　ㄔㄤˊ　ㄅㄢˋ　ㄉㄨㄢˇ　（變）　ㄧˋ　ㄔㄤˊ　ㄅㄢˋ　ㄉㄨㄢˇ,,,,,非主條成語
3993,憤世疾惡,ㄈㄣˋ　ㄕˋ　ㄐㄧˊ　ㄜˋ,,,,,非主條成語
3994,憤氣填胸,ㄈㄣˋ　ㄑㄧˋ　ㄊㄧㄢˊ　ㄒㄩㄥ,,,,,非主條成語
3995,一貌傾城,ㄧ　ㄇㄠˋ　ㄑㄧㄥ　ㄔㄥˊ　（變）　ㄧˊ　ㄇㄠˋ　ㄑㄧㄥ　ㄔㄥˊ,,,,,非主條成語
3996,恰中下懷,ㄑㄧㄚˋ　ㄓㄨㄥˋ　ㄒㄧㄚˋ　ㄏㄨㄞˊ,,,,,非主條成語
3997,一顧傾人,ㄧ　ㄍㄨˋ　ㄑㄧㄥ　ㄖㄣˊ　（變）　ㄧˊ　ㄍㄨˋ　ㄑㄧㄥ　ㄖㄣˊ,,,,,非主條成語
3998,一念之錯,ㄧ　ㄋㄧㄢˋ　ㄓ　ㄘㄨㄛˋ　（變）　ㄧˊ　ㄋㄧㄢˋ　ㄓ　ㄘㄨㄛˋ,,,,,非主條成語
3999,當車螳臂,ㄉㄤ　ㄔㄜ　ㄊㄤˊ　ㄅㄧˋ,,,,,非主條成語
4000,悄不聞鴉,ㄑㄧㄠˇ　ㄅㄨˋ　ㄨㄣˊ　ㄧㄚ,,,,,非主條成語
4001,一無忌憚,ㄧ　ㄨˊ　ㄐㄧˋ　ㄉㄢˋ　（變）　ㄧˋ　ㄨˊ　ㄐㄧˋ　ㄉㄢˋ,,,,,非主條成語
4002,七孔生煙,ㄑㄧ　ㄎㄨㄥˇ　ㄕㄥ　ㄧㄢ,,,,,非主條成語
4003,力敵勢均,ㄌㄧˋ　ㄉㄧˊ　ㄕˋ　ㄐㄩㄣ,,,,,非主條成語
4004,十拿十穩,ㄕˊ　ㄋㄚˊ　ㄕˊ　ㄨㄣˇ,,,,,非主條成語
4005,萬緒千端,ㄨㄢˋ　ㄒㄩˋ　ㄑㄧㄢ　ㄉㄨㄢ,,,,,非主條成語
4006,三窟狡兔,ㄙㄢ　ㄎㄨ　ㄐㄧㄠˇ　ㄊㄨˋ,,,,,非主條成語
4007,萬象包羅,ㄨㄢˋ　ㄒㄧㄤˋ　ㄅㄠ　ㄌㄨㄛˊ,,,,,非主條成語
4008,入不支出,ㄖㄨˋ　ㄅㄨˋ　ㄓ　ㄔㄨ,,,,,非主條成語
4009,義不反顧,ㄧˋ　ㄅㄨˋ　ㄈㄢˇ　ㄍㄨˋ,,,,,非主條成語
4010,義憤填胸,ㄧˋ　ㄈㄣˋ　ㄊㄧㄢˊ　ㄒㄩㄥ,,,,,非主條成語
4011,門庭如市,ㄇㄣˊ　ㄊㄧㄥˊ　ㄖㄨˊ　ㄕˋ,,,,,非主條成語
4012,廣眾大庭,ㄍㄨㄤˇ　ㄓㄨㄥˋ　ㄉㄚˋ　ㄊㄧㄥˊ,,,,,非主條成語
4013,千載一逢,ㄑㄧㄢ　ㄗㄞˇ　ㄧ　ㄈㄥˊ　（變）　ㄑㄧㄢ　ㄗㄞˇ　ㄧˋ　ㄈㄥˊ,,,,,非主條成語
4014,木形灰心,ㄇㄨˋ　ㄒㄧㄥˊ　ㄏㄨㄟ　ㄒㄧㄣ,,,,,非主條成語
4015,木猴而冠,ㄇㄨˋ　ㄏㄡˊ　ㄦˊ　ㄍㄨㄢˋ,,,,,非主條成語
4016,瓦釜之鳴,ㄨㄚˇ　ㄈㄨˇ　ㄓ　ㄇㄧㄥˊ,,,,,非主條成語
4017,天姿國色,ㄊㄧㄢ　ㄗ　ㄍㄨㄛˊ　ㄙㄜˋ,,,,,非主條成語
4018,天涯咫尺,ㄊㄧㄢ　ㄧㄚˊ　ㄓˇ　ㄔˇ,,,,,非主條成語
4019,無以自容,ㄨˊ　ㄧˇ　ㄗˋ　ㄖㄨㄥˊ,,,,,非主條成語
4020,無如之何,ㄨˊ　ㄖㄨˊ　ㄓ　ㄏㄜˊ,,,,,非主條成語
4021,不達時務,ㄅㄨˋ　ㄉㄚˊ　ㄕˊ　ㄨˋ,,,,,非主條成語
4022,不時之須,ㄅㄨˋ　ㄕˊ　ㄓ　ㄒㄩ,,,,,非主條成語
4023,中流底柱,ㄓㄨㄥ　ㄌㄧㄡˊ　ㄉㄧˇ　ㄓㄨˋ,,,,,非主條成語
4024,不入虎穴，不得虎子,ㄅㄨˋ　ㄖㄨˋ　ㄏㄨˇ　ㄒㄩㄝˋ　ㄅㄨˋ　ㄉㄜˊ　ㄏㄨˇ　ㄗˇ　（變）　ㄅㄨˊ　ㄖㄨˋ　ㄏㄨˇ　ㄒㄩㄝˋ　ㄅㄨˋ　ㄉㄜˊ　ㄏㄨˇ　ㄗˇ,,,,,非主條成語
4025,飛鴻印雪,ㄈㄟ　ㄏㄨㄥˊ　ㄧㄣˋ　ㄒㄩㄝˇ,,,,,非主條成語
4026,天真爛熳,ㄊㄧㄢ　ㄓㄣ　ㄌㄢˋ　ㄇㄢˋ,,,,,非主條成語
4027,止渴思梅,ㄓˇ　ㄎㄜˇ　ㄙ　ㄇㄟˊ,,,,,非主條成語
4028,見噎廢食,ㄐㄧㄢˋ　ㄧㄝ　ㄈㄟˋ　ㄕˊ,,,,,非主條成語
4029,不入獸穴，安得獸子,ㄅㄨˋ　ㄖㄨˋ　ㄕㄡˋ　ㄒㄩㄝˋ　ㄢ　ㄉㄜˊ　ㄕㄡˋ　ㄗˇ　（變）　ㄅㄨˊ　ㄖㄨˋ　ㄕㄡˋ　ㄒㄩㄝˋ　ㄢ　ㄉㄜˊ　ㄕㄡˋ　ㄗˇ,,,,,非主條成語
4030,止渴飲鴆,ㄓˇ　ㄎㄜˇ　ㄧㄣˇ　ㄓㄣˋ,,,,,非主條成語
4031,飛鴻雪爪,ㄈㄟ　ㄏㄨㄥˊ　ㄒㄩㄝˇ　ㄓㄠˇ,,,,,非主條成語
4032,化日光天,ㄏㄨㄚˋ　ㄖˋ　ㄍㄨㄤ　ㄊㄧㄢ,,,,,非主條成語
4033,烏合之卒,ㄨ　ㄏㄜˊ　ㄓ　ㄗㄨˊ,,,,,非主條成語
4034,毛骨竦然,ㄇㄠˊ　ㄍㄨˇ　ㄙㄨㄥˇ　ㄖㄢˊ,,,,,非主條成語
4035,毛髮悚然,ㄇㄠˊ　ㄈㄚˇ　ㄙㄨㄥˇ　ㄖㄢˊ,,,,,非主條成語
4036,長驅而入,ㄔㄤˊ　ㄑㄩ　ㄦˊ　ㄖㄨˋ,,,,,非主條成語
4037,長驅徑入,ㄔㄤˊ　ㄑㄩ　ㄐㄧㄥˋ　ㄖㄨˋ,,,,,非主條成語
4038,從善若流,ㄘㄨㄥˊ　ㄕㄢˋ　ㄖㄨㄛˋ　ㄌㄧㄡˊ,,,,,非主條成語
4039,風櫛雨沐,ㄈㄥ　ㄐㄧㄝˊ　ㄩˇ　ㄇㄨˋ,,,,,非主條成語
4040,氣吐眉揚,ㄑㄧˋ　ㄊㄨˇ　ㄇㄟˊ　ㄧㄤˊ,,,,,非主條成語
4041,氣血方剛,ㄑㄧˋ　ㄒㄧㄝˇ　ㄈㄤ　ㄍㄤ,,,,,非主條成語
4042,風移俗改,ㄈㄥ　ㄧˊ　ㄙㄨˊ　ㄍㄞˇ,,,,,非主條成語
4043,風靜浪平,ㄈㄥ　ㄐㄧㄥˋ　ㄌㄤˋ　ㄆㄧㄥˊ,,,,,非主條成語
4044,為蛇添足,ㄨㄟˋ　ㄕㄜˊ　ㄊㄧㄢ　ㄗㄨˊ,,,,,非主條成語
4045,月閉花羞,ㄩㄝˋ　ㄅㄧˋ　ㄏㄨㄚ　ㄒㄧㄡ,,,,,非主條成語
4046,風移俗變,ㄈㄥ　ㄧˊ　ㄙㄨˊ　ㄅㄧㄢˋ,,,,,非主條成語
4047,心驚膽顫,ㄒㄧㄣ　ㄐㄧㄥ　ㄉㄢˇ　ㄓㄢˋ,,,,,非主條成語
4048,心曠神愉,ㄒㄧㄣ　ㄎㄨㄤˋ　ㄕㄣˊ　ㄩˊ,,,,,非主條成語
4049,心和氣平,ㄒㄧㄣ　ㄏㄜˊ　ㄑㄧˋ　ㄆㄧㄥˊ,,,,,非主條成語
4050,心如刀鋸,ㄒㄧㄣ　ㄖㄨˊ　ㄉㄠ　ㄐㄩˋ,,,,,非主條成語
4051,心曠神恬,ㄒㄧㄣ　ㄎㄨㄤˋ　ㄕㄣˊ　ㄊㄧㄢˊ,,,,,非主條成語
4052,心怡神曠,ㄒㄧㄣ　ㄧˊ　ㄕㄣˊ　ㄎㄨㄤˋ,,,,,非主條成語
4053,斗量車載,ㄉㄡˇ　ㄌㄧㄤˊ　ㄔㄜ　ㄗㄞˋ,,,,,非主條成語
4054,心煩慮亂,ㄒㄧㄣ　ㄈㄢˊ　ㄌㄩˋ　ㄌㄨㄢˋ,,,,,非主條成語
4055,毋翼而飛,ㄨˊ　ㄧˋ　ㄦˊ　ㄈㄟ,,,,,非主條成語
4056,巴人下里,ㄅㄚ　ㄖㄣˊ　ㄒㄧㄚˋ　ㄌㄧˇ,,,,,非主條成語
4057,書讀五車,ㄕㄨ　ㄉㄨˊ　ㄨˇ　ㄐㄩ,,,,,非主條成語
4058,書富五車,ㄕㄨ　ㄈㄨˋ　ㄨˇ　ㄐㄩ,,,,,非主條成語
4059,為法自弊,ㄨㄟˊ　ㄈㄚˇ　ㄗˋ　ㄅㄧˋ,,,,,非主條成語
4060,風波平地,ㄈㄥ　ㄅㄛ　ㄆㄧㄥˊ　ㄉㄧˋ,,,,,非主條成語
4061,水月鏡花,ㄕㄨㄟˇ　ㄩㄝˋ　ㄐㄧㄥˋ　ㄏㄨㄚ,,,,,非主條成語
4062,水月鏡像,ㄕㄨㄟˇ　ㄩㄝˋ　ㄐㄧㄥˋ　ㄒㄧㄤˋ,,,,,非主條成語
4063,水泄不漏,ㄕㄨㄟˇ　ㄒㄧㄝˋ　ㄅㄨˋ　ㄌㄡˋ　（變）　ㄕㄨㄟˇ　ㄒㄧㄝˋ　ㄅㄨˊ　ㄌㄡˋ,,,,,非主條成語
4064,水乳之契,ㄕㄨㄟˇ　ㄖㄨˇ　ㄓ　ㄑㄧˋ,,,,,非主條成語
4065,以佚待勞,ㄧˇ　ㄧˋ　ㄉㄞˋ　ㄌㄠˊ,,,,,非主條成語
4066,以容取人,ㄧˇ　ㄖㄨㄥˊ　ㄑㄩˇ　ㄖㄣˊ,,,,,非主條成語
4067,擊其不意,ㄐㄧˊ　ㄑㄧˊ　ㄅㄨˋ　ㄧˋ　（變）　ㄐㄧˊ　ㄑㄧˊ　ㄅㄨˊ　ㄧˋ,,,,,非主條成語
4068,文無加點,ㄨㄣˊ　ㄨˊ　ㄐㄧㄚ　ㄉㄧㄢˇ,,,,,非主條成語
4069,厲兵粟馬,ㄌㄧˋ　ㄅㄧㄥ　ㄙㄨˋ　ㄇㄚˇ,,,,,非主條成語
4070,節食縮衣,ㄐㄧㄝˊ　ㄕˊ　ㄙㄨㄛ　ㄧ,,,,,非主條成語
4071,心如刀攪,ㄒㄧㄣ　ㄖㄨˊ　ㄉㄠ　ㄐㄧㄠˇ,,,,,非主條成語
4072,未成一簣,ㄨㄟˋ　ㄔㄥˊ　ㄧ　ㄎㄨㄟˋ　（變）　ㄨㄟˋ　ㄔㄥˊ　ㄧˊ　ㄎㄨㄟˋ,,,,,非主條成語
4073,平易近民,ㄆㄧㄥˊ　ㄧˋ　ㄐㄧㄣˋ　ㄇㄧㄣˊ,,,,,非主條成語
4074,正中己懷,ㄓㄥˋ　ㄓㄨㄥˋ　ㄐㄧˇ　ㄏㄨㄞˊ,,,,,非主條成語
4075,玉石同沉,ㄩˋ　ㄕˊ　ㄊㄨㄥˊ　ㄔㄣˊ,,,,,非主條成語
4076,玉石俱摧,ㄩˋ　ㄕˊ　ㄐㄩˋ　ㄘㄨㄟ,,,,,非主條成語
4077,正本澄源,ㄓㄥˋ　ㄅㄣˇ　ㄔㄥˊ　ㄩㄢˊ,,,,,非主條成語
4078,甘之若飴,ㄍㄢ　ㄓ　ㄖㄨㄛˋ　ㄧˊ,,,,,非主條成語
4079,正襟安坐,ㄓㄥˋ　ㄐㄧㄣ　ㄢ　ㄗㄨㄛˋ,,,,,非主條成語
4080,舊態復萌,ㄐㄧㄡˋ　ㄊㄞˋ　ㄈㄨˋ　ㄇㄥˊ,,,,,非主條成語
4081,平地青雲,ㄆㄧㄥˊ　ㄉㄧˋ　ㄑㄧㄥ　ㄩㄣˊ,,,,,非主條成語
4082,出類拔群,ㄔㄨ　ㄌㄟˋ　ㄅㄚˊ　ㄑㄩㄣˊ,,,,,非主條成語
4083,出類超群,ㄔㄨ　ㄌㄟˋ　ㄔㄠ　ㄑㄩㄣˊ,,,,,非主條成語
4084,出群拔萃,ㄔㄨ　ㄑㄩㄣˊ　ㄅㄚˊ　ㄘㄨㄟˋ,,,,,非主條成語
4085,目下十行,ㄇㄨˋ　ㄒㄧㄚˋ　ㄕˊ　ㄏㄤˊ,,,,,非主條成語
4086,目不識字,ㄇㄨˋ　ㄅㄨˋ　ㄕˋ　ㄗˋ　（變）　ㄇㄨˋ　ㄅㄨˊ　ㄕˋ　ㄗˋ,,,,,非主條成語
4087,目染耳濡,ㄇㄨˋ　ㄖㄢˇ　ㄦˇ　ㄖㄨˊ,,,,,非主條成語
4088,處安思危,ㄔㄨˇ　ㄢ　ㄙ　ㄨㄟˊ,,,,,非主條成語
4089,旦旦信誓,ㄉㄢˋ　ㄉㄢˋ　ㄒㄧㄣˋ　ㄕˋ,,,,,非主條成語
4090,叱嗟風雲,ㄔˋ　ㄐㄧㄝ　ㄈㄥ　ㄩㄣˊ,,,,,非主條成語
4091,用逸待勞,ㄩㄥˋ　ㄧˋ　ㄉㄞˋ　ㄌㄠˊ,,,,,非主條成語
4092,東窗事犯,ㄉㄨㄥ　ㄔㄨㄤ　ㄕˋ　ㄈㄢˋ,,,,,非主條成語
4093,樂極則悲,ㄌㄜˋ　ㄐㄧˊ　ㄗㄜˊ　ㄅㄟ,,,,,非主條成語
4094,左右逢原,ㄗㄨㄛˇ　ㄧㄡˋ　ㄈㄥˊ　ㄩㄢˊ,,,,,非主條成語
4095,生靈塗地,ㄕㄥ　ㄌㄧㄥˊ　ㄊㄨˊ　ㄉㄧˋ,,,,,非主條成語
4096,白頭到老,ㄅㄞˊ　ㄊㄡˊ　ㄉㄠˋ　ㄌㄠˇ,,,,,非主條成語
4097,永存不朽,ㄩㄥˇ　ㄘㄨㄣˊ　ㄅㄨˋ　ㄒㄧㄡˇ,,,,,非主條成語
4098,永傳不朽,ㄩㄥˇ　ㄔㄨㄢˊ　ㄅㄨˋ　ㄒㄧㄡˇ,,,,,非主條成語
4099,玄機妙算,ㄒㄩㄢˊ　ㄐㄧ　ㄇㄧㄠˋ　ㄙㄨㄢˋ,,,,,非主條成語
4100,立命安身,ㄌㄧˋ　ㄇㄧㄥˋ　ㄢ　ㄕㄣ,,,,,非主條成語
4101,司空眼慣,ㄙ　ㄎㄨㄥ　ㄧㄢˇ　ㄍㄨㄢˋ,,,,,非主條成語
4102,再接再礪,ㄗㄞˋ　ㄐㄧㄝ　ㄗㄞˋ　ㄌㄧˋ,,,,,非主條成語
4103,西山日迫,ㄒㄧ　ㄕㄢ　ㄖˋ　ㄆㄛˋ,,,,,非主條成語
4104,民生塗炭,ㄇㄧㄣˊ　ㄕㄥ　ㄊㄨˊ　ㄊㄢˋ,,,,,非主條成語
4105,耳紅面赤,ㄦˇ　ㄏㄨㄥˊ　ㄇㄧㄢˋ　ㄔˋ,,,,,非主條成語
4106,耳聞不如眼見,ㄦˇ　ㄨㄣˊ　ㄅㄨˋ　ㄖㄨˊ　ㄧㄢˇ　ㄐㄧㄢˋ,,,,,非主條成語
4107,老而益壯,ㄌㄠˇ　ㄦˊ　ㄧˋ　ㄓㄨㄤˋ,,,,,非主條成語
4108,死心搭地,ㄙˇ　ㄒㄧㄣ　ㄉㄚ　ㄉㄧˋ,,,,,非主條成語
4109,達權知變,ㄉㄚˊ　ㄑㄩㄢˊ　ㄓ　ㄅㄧㄢˋ,,,,,非主條成語
4110,半塗而廢,ㄅㄢˋ　ㄊㄨˊ　ㄦˊ　ㄈㄟˋ,,,,,非主條成語
4111,半塗而罷,ㄅㄢˋ　ㄊㄨˊ　ㄦˊ　ㄅㄚˋ,,,,,非主條成語
4112,耳染目濡,ㄦˇ　ㄖㄢˇ　ㄇㄨˋ　ㄖㄨˊ,,,,,非主條成語
4113,百世流芳,ㄅㄞˇ　ㄕˋ　ㄌㄧㄡˊ　ㄈㄤ,,,,,非主條成語
4114,百中百發,ㄅㄞˇ　ㄓㄨㄥˋ　ㄅㄞˇ　ㄈㄚ,,,,,非主條成語
4115,百計千謀,ㄅㄞˇ　ㄐㄧˋ　ㄑㄧㄢ　ㄇㄡˊ,,,,,非主條成語
4116,百計千心,ㄅㄞˇ　ㄐㄧˋ　ㄑㄧㄢ　ㄒㄧㄣ,,,,,非主條成語
4117,百謀千計,ㄅㄞˇ　ㄇㄡˊ　ㄑㄧㄢ　ㄐㄧˋ,,,,,非主條成語
4118,吊譽沽名,ㄉㄧㄠˋ　ㄩˋ　ㄍㄨ　ㄇㄧㄥˊ,,,,,非主條成語
4119,肉林酒池,ㄖㄡˋ　ㄌㄧㄣˊ　ㄐㄧㄡˇ　ㄔˊ,,,,,非主條成語
4120,因公行私,ㄧㄣ　ㄍㄨㄥ　ㄒㄧㄥˊ　ㄙ,,,,,非主條成語
4121,同心僇力,ㄊㄨㄥˊ　ㄒㄧㄣ　ㄌㄨˋ　ㄌㄧˋ,,,,,非主條成語
4122,肌無完膚,ㄐㄧ　ㄨˊ　ㄨㄢˊ　ㄈㄨ,,,,,非主條成語
4123,同志合道,ㄊㄨㄥˊ　ㄓˋ　ㄏㄜˊ　ㄉㄠˋ,,,,,非主條成語
4124,全無忌憚,ㄑㄩㄢˊ　ㄨˊ　ㄐㄧˋ　ㄉㄢˋ,,,,,非主條成語
4125,同舟而濟,ㄊㄨㄥˊ　ㄓㄡ　ㄦˊ　ㄐㄧˋ,,,,,非主條成語
4126,血氣方壯,ㄒㄧㄝˇ　ㄑㄧˋ　ㄈㄤ　ㄓㄨㄤˋ,,,,,非主條成語
4127,血氣方盛,ㄒㄧㄝˇ　ㄑㄧˋ　ㄈㄤ　ㄕㄥˋ,,,,,非主條成語
4128,伐異黨同,ㄈㄚ　ㄧˋ　ㄉㄤˇ　ㄊㄨㄥˊ,,,,,非主條成語
4129,名不虛行,ㄇㄧㄥˊ　ㄅㄨˋ　ㄒㄩ　ㄒㄧㄥˊ,,,,,非主條成語
4130,名實相稱,ㄇㄧㄥˊ　ㄕˊ　ㄒㄧㄤ　ㄔㄥˋ,,,,,非主條成語
4131,名實相符,ㄇㄧㄥˊ　ㄕˊ　ㄒㄧㄤ　ㄈㄨˊ,,,,,非主條成語
4132,眾望所積,ㄓㄨㄥˋ　ㄨㄤˋ　ㄙㄨㄛˇ　ㄐㄧ,,,,,非主條成語
4133,眾散親離,ㄓㄨㄥˋ　ㄙㄢˋ　ㄑㄧㄣ　ㄌㄧˊ,,,,,非主條成語
4134,殺生與奪,ㄕㄚ　ㄕㄥ　ㄩˇ　ㄉㄨㄛˊ,,,,,非主條成語
4135,殺人如芥,ㄕㄚ　ㄖㄣˊ　ㄖㄨˊ　ㄐㄧㄝˋ,,,,,非主條成語
4136,刎頸至交,ㄨㄣˇ　ㄐㄧㄥˇ　ㄓˋ　ㄐㄧㄠ,,,,,非主條成語
4137,名韁利索,ㄇㄧㄥˊ　ㄐㄧㄤ　ㄌㄧˋ　ㄙㄨㄛˇ,,,,,非主條成語
4138,眾望有歸,ㄓㄨㄥˋ　ㄨㄤˋ　ㄧㄡˇ　ㄍㄨㄟ,,,,,非主條成語
4139,殺人如蓺,ㄕㄚ　ㄖㄣˊ　ㄖㄨˊ　ㄧˋ,,,,,非主條成語
4140,殺衣縮食,ㄕㄞˋ　ㄧ　ㄙㄨㄛ　ㄕˊ,,,,,非主條成語
4141,汗流洽背,ㄏㄢˋ　ㄌㄧㄡˊ　ㄒㄧㄚˊ　ㄅㄟˋ,,,,,非主條成語
4142,汗馬之績,ㄏㄢˋ　ㄇㄚˇ　ㄓ　ㄐㄧ,,,,,非主條成語
4143,汗馬功績,ㄏㄢˋ　ㄇㄚˇ　ㄍㄨㄥ　ㄐㄧ,,,,,非主條成語
4144,汗馬勛勞,ㄏㄢˋ　ㄇㄚˇ　ㄒㄩㄣ　ㄌㄠˊ,,,,,非主條成語
4145,軍不血刃,ㄐㄩㄣ　ㄅㄨˋ　ㄒㄧㄝˇ　ㄖㄣˋ,,,,,非主條成語
4146,守道安貧,ㄕㄡˇ　ㄉㄠˋ　ㄢ　ㄆㄧㄣˊ,,,,,非主條成語
4147,安坐待斃,ㄢ　ㄗㄨㄛˋ　ㄉㄞˋ　ㄅㄧˋ,,,,,非主條成語
4148,安若泰山,ㄢ　ㄖㄨㄛˋ　ㄊㄞˋ　ㄕㄢ,,,,,非主條成語
4149,後恭前倨,ㄏㄡˋ　ㄍㄨㄥ　ㄑㄧㄢˊ　ㄐㄩˋ,,,,,非主條成語
4150,衣豐食飽,ㄧ　ㄈㄥ　ㄕˊ　ㄅㄠˇ,,,,,非主條成語
4151,齊驅並驟,ㄑㄧˊ　ㄑㄩ　ㄅㄧㄥˋ　ㄗㄡˋ,,,,,非主條成語
4152,眾心如城,ㄓㄨㄥˋ　ㄒㄧㄣ　ㄖㄨˊ　ㄔㄥˊ,,,,,非主條成語
4153,衣錦之榮,ㄧˋ　ㄐㄧㄣˇ　ㄓ　ㄖㄨㄥˊ,,,,,非主條成語
4154,衣冠沐猴,ㄧ　ㄍㄨㄢ　ㄇㄨˋ　ㄏㄡˊ,,,,,非主條成語
4155,衣錦故鄉,ㄧˋ　ㄐㄧㄣˇ　ㄍㄨˋ　ㄒㄧㄤ,,,,,非主條成語
4156,衣裳楚楚,ㄧ　ㄔㄤˊ　ㄔㄨˇ　ㄔㄨˇ,,,,,非主條成語
4157,衣錦過鄉,ㄧˋ　ㄐㄧㄣˇ　ㄍㄨㄛˋ　ㄒㄧㄤ,,,,,非主條成語
4158,防萌杜漸,ㄈㄤˊ　ㄇㄥˊ　ㄉㄨˋ　ㄐㄧㄢˋ,,,,,非主條成語
4159,江郎才掩,ㄐㄧㄤ　ㄌㄤˊ　ㄘㄞˊ　ㄧㄢˇ,,,,,非主條成語
4160,好事天慳,ㄏㄠˇ　ㄕˋ　ㄊㄧㄢ　ㄑㄧㄢ,,,,,非主條成語
4161,如芒在背,ㄖㄨˊ　ㄇㄤˊ　ㄗㄞˋ　ㄅㄟˋ,,,,,非主條成語
4162,汗馬之功,ㄏㄢˋ　ㄇㄚˇ　ㄓ　ㄍㄨㄥ,,,,,非主條成語
4163,興師見罪,ㄒㄧㄥ　ㄕ　ㄐㄧㄢˋ　ㄗㄨㄟˋ,,,,,非主條成語
4164,如虎得翼,ㄖㄨˊ　ㄏㄨˇ　ㄉㄜˊ　ㄧˋ,,,,,非主條成語
4165,如雷灌耳,ㄖㄨˊ　ㄌㄟˊ　ㄍㄨㄢˋ　ㄦˇ,,,,,非主條成語
4166,如膠如漆,ㄖㄨˊ　ㄐㄧㄠ　ㄖㄨˊ　ㄑㄧ,,,,,非主條成語
4167,好事多慳,ㄏㄠˇ　ㄕˋ　ㄉㄨㄛ　ㄑㄧㄢ,,,,,非主條成語
4168,盡瘁鞠躬,ㄐㄧㄣˋ　ㄘㄨㄟˋ　ㄐㄩˊ　ㄍㄨㄥ,,,,,非主條成語
4169,勵兵秣馬,ㄌㄧˋ　ㄅㄧㄥ　ㄇㄛˋ　ㄇㄚˇ,,,,,非主條成語
4170,壽陵匍匐,ㄕㄡˋ　ㄌㄧㄥˊ　ㄆㄨˊ　ㄈㄨˊ,,,,,非主條成語
4171,壽陵失步,ㄕㄡˋ　ㄌㄧㄥˊ　ㄕ　ㄅㄨˋ,,,,,非主條成語
4172,軒昂氣宇,ㄒㄩㄢ　ㄤˊ　ㄑㄧˋ　ㄩˇ,,,,,非主條成語
4173,否極生泰,ㄆㄧˇ　ㄐㄧˊ　ㄕㄥ　ㄊㄞˋ,,,,,非主條成語
4174,克儉克勤,ㄎㄜˋ　ㄐㄧㄢˇ　ㄎㄜˋ　ㄑㄧㄣˊ,,,,,非主條成語
4175,否終而泰,ㄆㄧˇ　ㄓㄨㄥ　ㄦˊ　ㄊㄞˋ,,,,,非主條成語
4176,如魚似水,ㄖㄨˊ　ㄩˊ　ㄙˋ　ㄕㄨㄟˇ,,,,,非主條成語
4177,如膠投漆,ㄖㄨˊ　ㄐㄧㄠ　ㄊㄡˊ　ㄑㄧ,,,,,非主條成語
4178,志同心合,ㄓˋ　ㄊㄨㄥˊ　ㄒㄧㄣ　ㄏㄜˊ,,,,,非主條成語
4179,如荼如火,ㄖㄨˊ　ㄊㄨˊ　ㄖㄨˊ　ㄏㄨㄛˇ,,,,,非主條成語
4180,歡忻鼓舞,ㄏㄨㄢ　ㄒㄧㄣ　ㄍㄨˇ　ㄨˇ,,,,,非主條成語
4181,亥豕魯魚,ㄏㄞˋ　ㄕˇ　ㄌㄨˇ　ㄩˊ,,,,,非主條成語
4182,聲名狼籍,ㄕㄥ　ㄇㄧㄥˊ　ㄌㄤˊ　ㄐㄧˊ,,,,,非主條成語
4183,杞國憂天,ㄑㄧˇ　ㄍㄨㄛˊ　ㄧㄡ　ㄊㄧㄢ,,,,,非主條成語
4184,弄法舞文,ㄋㄨㄥˋ　ㄈㄚˇ　ㄨˇ　ㄨㄣˊ,,,,,非主條成語
4185,杜漸除微,ㄉㄨˋ　ㄐㄧㄢˋ　ㄔㄨˊ　ㄨㄟˊ,,,,,非主條成語
4186,束手旁觀,ㄕㄨˋ　ㄕㄡˇ　ㄆㄤˊ　ㄍㄨㄢ,,,,,非主條成語
4187,走頭無路,ㄗㄡˇ　ㄊㄡˊ　ㄨˊ　ㄌㄨˋ,,,,,非主條成語
4188,走筆成文,ㄗㄡˇ　ㄅㄧˇ　ㄔㄥˊ　ㄨㄣˊ,,,,,非主條成語
4189,形單影單,ㄒㄧㄥˊ　ㄉㄢ　ㄧㄥˇ　ㄉㄢ,,,,,非主條成語
4190,連珠合璧,ㄌㄧㄢˊ　ㄓㄨ　ㄏㄜˊ　ㄅㄧˋ,,,,,非主條成語
4191,花閉月羞,ㄏㄨㄚ　ㄅㄧˋ　ㄩㄝˋ　ㄒㄧㄡ,,,,,非主條成語
4192,花枝招颭,ㄏㄨㄚ　ㄓ　ㄓㄠ　ㄓㄢˇ,,,,,非主條成語
4193,花簇錦攢,ㄏㄨㄚ　ㄘㄨˋ　ㄐㄧㄣˇ　ㄘㄨㄢˊ,,,,,非主條成語
4194,求劍刻舟,ㄑㄧㄡˊ　ㄐㄧㄢˋ　ㄎㄜˋ　ㄓㄡ,,,,,非主條成語
4195,吹毛索疵,ㄔㄨㄟ　ㄇㄠˊ　ㄙㄨㄛˇ　ㄘ,,,,,非主條成語
4196,嘔心吐膽,ㄡˇ　ㄒㄧㄣ　ㄊㄨˇ　ㄉㄢˇ,,,,,非主條成語
4197,餘妙繞梁,ㄩˊ　ㄇㄧㄠˋ　ㄖㄠˋ　ㄌㄧㄤˊ,,,,,非主條成語
4198,猶豫未決,ㄧㄡˊ　ㄩˋ　ㄨㄟˋ　ㄐㄩㄝˊ,,,,,非主條成語
4199,利鎖名牽,ㄌㄧˋ　ㄙㄨㄛˇ　ㄇㄧㄥˊ　ㄑㄧㄢ,,,,,非主條成語
4200,兵無血刃,ㄅㄧㄥ　ㄨˊ　ㄒㄧㄝˇ　ㄖㄣˋ,,,,,非主條成語
4201,返老歸童,ㄈㄢˇ　ㄌㄠˇ　ㄍㄨㄟ　ㄊㄨㄥˊ,,,,,非主條成語
4202,猶魚得水,ㄧㄡˊ　ㄩˊ　ㄉㄜˊ　ㄕㄨㄟˇ,,,,,非主條成語
4203,作福作威,ㄗㄨㄛˋ　ㄈㄨˊ　ㄗㄨㄛˋ　ㄨㄟ,,,,,非主條成語
4204,坐而待斃,ㄗㄨㄛˋ　ㄦˊ　ㄉㄞˋ　ㄅㄧˋ,,,,,非主條成語
4205,忘年之好,ㄨㄤˋ　ㄋㄧㄢˊ　ㄓ　ㄏㄠˇ,,,,,非主條成語
4206,良莠不一,ㄌㄧㄤˊ　ㄧㄡˋ　ㄅㄨˋ　ㄧ,,,,,非主條成語
4207,良莠淆雜,ㄌㄧㄤˊ　ㄧㄡˋ　ㄧㄠˊ　ㄗㄚˊ,,,,,非主條成語
4208,忘恩失義,ㄨㄤˋ　ㄣ　ㄕ　ㄧˋ,,,,,非主條成語
4209,忘恩背義,ㄨㄤˋ　ㄣ　ㄅㄟˋ　ㄧˋ,,,,,非主條成語
4210,沐猴衣冠,ㄇㄨˋ　ㄏㄡˊ　ㄧ　ㄍㄨㄢ,,,,,非主條成語
4211,瀝血叩心,ㄌㄧˋ　ㄒㄧㄝˇ　ㄎㄡˋ　ㄒㄧㄣ,,,,,非主條成語
4212,滄桑之變,ㄘㄤ　ㄙㄤ　ㄓ　ㄅㄧㄢˋ,,,,,非主條成語
4213,沐猴冠冕,ㄇㄨˋ　ㄏㄡˊ　ㄍㄨㄢˋ　ㄇㄧㄢˇ,,,,,非主條成語
4214,應規蹈矩,ㄧㄥˋ　ㄍㄨㄟ　ㄉㄠˋ　ㄐㄩˇ,,,,,非主條成語
4215,補殘守缺,ㄅㄨˇ　ㄘㄢˊ　ㄕㄡˇ　ㄑㄩㄝ,,,,,非主條成語
4216,應權通變,ㄧㄥˋ　ㄑㄩㄢˊ　ㄊㄨㄥ　ㄅㄧㄢˋ,,,,,非主條成語
4217,言不由中,ㄧㄢˊ　ㄅㄨˋ　ㄧㄡˊ　ㄓㄨㄥ,,,,,非主條成語
4218,言從計行,ㄧㄢˊ　ㄘㄨㄥˊ　ㄐㄧˋ　ㄒㄧㄥˊ,,,,,非主條成語
4219,詞嚴義正,ㄘˊ　ㄧㄢˊ　ㄧˋ　ㄓㄥˋ,,,,,非主條成語
4220,言聽計行,ㄧㄢˊ　ㄊㄧㄥ　ㄐㄧˋ　ㄒㄧㄥˊ,,,,,非主條成語
4221,改張易調,ㄍㄞˇ　ㄓㄤ　ㄧˋ　ㄉㄧㄠˋ,,,,,非主條成語
4222,勢鈞力敵,ㄕˋ　ㄐㄩㄣ　ㄌㄧˋ　ㄉㄧˊ,,,,,非主條成語
4223,臥鼓偃旗,ㄨㄛˋ　ㄍㄨˇ　ㄧㄢˇ　ㄑㄧˊ,,,,,非主條成語
4224,言類懸河,ㄧㄢˊ　ㄌㄟˋ　ㄒㄩㄢˊ　ㄏㄜˊ,,,,,非主條成語
4225,枉突徙薪,ㄨㄤˇ　ㄊㄨˊ　ㄒㄧˇ　ㄒㄧㄣ,,,,,非主條成語
4226,苞藏禍心,ㄅㄠ　ㄘㄤˊ　ㄏㄨㄛˋ　ㄒㄧㄣ,,,,,非主條成語
4227,紙貴洛城,ㄓˇ　ㄍㄨㄟˋ　ㄌㄨㄛˋ　ㄔㄥˊ,,,,,非主條成語
4228,若喪考妣,ㄖㄨㄛˋ　ㄙㄤˋ　ㄎㄠˇ　ㄅㄧˇ,,,,,非主條成語
4229,英雄短氣,ㄧㄥ　ㄒㄩㄥˊ　ㄉㄨㄢˇ　ㄑㄧˋ,,,,,非主條成語
4230,青過於藍,ㄑㄧㄥ　ㄍㄨㄛˋ　ㄩˊ　ㄌㄢˊ,,,,,非主條成語
4231,轉輾反側,ㄓㄨㄢˇ　ㄓㄢˇ　ㄈㄢˇ　ㄘㄜˋ,,,,,非主條成語
4232,拔類超群,ㄅㄚˊ　ㄌㄟˋ　ㄔㄠ　ㄑㄩㄣˊ,,,,,非主條成語
4233,抱薪救焚,ㄅㄠˋ　ㄒㄧㄣ　ㄐㄧㄡˋ　ㄈㄣˊ,,,,,非主條成語
4234,抱殘守闕,ㄅㄠˋ　ㄘㄢˊ　ㄕㄡˇ　ㄑㄩㄝ,,,,,非主條成語
4235,迥乎不同,ㄐㄩㄥˇ　ㄏㄨ　ㄅㄨˋ　ㄊㄨㄥˊ,,,,,非主條成語
4236,披古通今,ㄆㄧ　ㄍㄨˇ　ㄊㄨㄥ　ㄐㄧㄣ,,,,,非主條成語
4237,拔萃出群,ㄅㄚˊ　ㄘㄨㄟˋ　ㄔㄨ　ㄑㄩㄣˊ,,,,,非主條成語
4238,披毛求疵,ㄆㄧ　ㄇㄠˊ　ㄑㄧㄡˊ　ㄘ,,,,,非主條成語
4239,易於反掌,ㄧˋ　ㄩˊ　ㄈㄢˇ　ㄓㄤˇ,,,,,非主條成語
4240,鳴鍾列鼎,ㄇㄧㄥˊ　ㄓㄨㄥ　ㄌㄧㄝˋ　ㄉㄧㄥˇ,,,,,非主條成語
4241,明珠生蚌,ㄇㄧㄥˊ　ㄓㄨ　ㄕㄥ　ㄅㄤˋ,,,,,非主條成語
4242,憑河暴虎,ㄆㄧㄥˊ　ㄏㄜˊ　ㄅㄠˋ　ㄏㄨˇ,,,,,非主條成語
4243,朋比作奸,ㄆㄥˊ　ㄅㄧˋ　ㄗㄨㄛˋ　ㄐㄧㄢ,,,,,非主條成語
4244,釣譽沽名,ㄉㄧㄠˋ　ㄩˋ　ㄍㄨ　ㄇㄧㄥˊ,,,,,非主條成語
4245,覓柳尋花,ㄇㄧˋ　ㄌㄧㄡˇ　ㄒㄩㄣˊ　ㄏㄨㄚ,,,,,非主條成語
4246,物至則反,ㄨˋ　ㄓˋ　ㄗㄜˊ　ㄈㄢˇ,,,,,非主條成語
4247,魚游釜底,ㄩˊ　ㄧㄡˊ　ㄈㄨˇ　ㄉㄧˇ,,,,,非主條成語
4248,狗盜雞鳴,ㄍㄡˇ　ㄉㄠˋ　ㄐㄧ　ㄇㄧㄥˊ,,,,,非主條成語
4249,狗續貂尾,ㄍㄡˇ　ㄒㄩˋ　ㄉㄧㄠ　ㄨㄟˇ,,,,,非主條成語
4250,舍本問末,ㄕㄜˇ　ㄅㄣˇ　ㄨㄣˋ　ㄇㄛˋ,,,,,非主條成語
4251,依本畫葫蘆,ㄧ　ㄅㄣˇ　ㄏㄨㄚˋ　ㄏㄨˊ　ㄌㄨˊ,,,,,非主條成語
4252,知今博古,ㄓ　ㄐㄧㄣ　ㄅㄛˊ　ㄍㄨˇ,,,,,非主條成語
4253,金屋貯嬌,ㄐㄧㄣ　ㄨ　ㄓㄨˇ　ㄐㄧㄠ,,,,,非主條成語
4254,炙手而熱,ㄓˋ　ㄕㄡˇ　ㄦˊ　ㄖㄜˋ,,,,,非主條成語
4255,刻骨鏤心,ㄎㄜˋ　ㄍㄨˇ　ㄌㄡˋ　ㄒㄧㄣ,,,,,非主條成語
4256,沾沾自足,ㄓㄢ　ㄓㄢ　ㄗˋ　ㄗㄨˊ,,,,,非主條成語
4257,沽名吊譽,ㄍㄨ　ㄇㄧㄥˊ　ㄉㄧㄠˋ　ㄩˋ,,,,,非主條成語
4258,沽名邀譽,ㄍㄨ　ㄇㄧㄥˊ　ㄧㄠ　ㄩˋ,,,,,非主條成語
4259,物極必返,ㄨˋ　ㄐㄧˊ　ㄅㄧˋ　ㄈㄢˇ,,,,,非主條成語
4260,變風改俗,ㄅㄧㄢˋ　ㄈㄥ　ㄍㄞˇ　ㄙㄨˊ,,,,,非主條成語
4261,變起蕭牆,ㄅㄧㄢˋ　ㄑㄧˇ　ㄒㄧㄠ　ㄑㄧㄤˊ,,,,,非主條成語
4262,怙惡不改,ㄏㄨˋ　ㄜˋ　ㄅㄨˋ　ㄍㄞˇ,,,,,非主條成語
4263,巷議街談,ㄒㄧㄤˋ　ㄧˋ　ㄐㄧㄝ　ㄊㄢˊ,,,,,非主條成語
4264,草廬三顧,ㄘㄠˇ　ㄌㄨˊ　ㄙㄢ　ㄍㄨˋ,,,,,非主條成語
4265,按兵不舉,ㄢˋ　ㄅㄧㄥ　ㄅㄨˋ　ㄐㄩˇ,,,,,非主條成語
4266,赴湯投火,ㄈㄨˋ　ㄊㄤ　ㄊㄡˊ　ㄏㄨㄛˇ,,,,,非主條成語
4267,指日而待,ㄓˇ　ㄖˋ　ㄦˊ　ㄉㄞˋ,,,,,非主條成語
4268,鴉雀無聞,ㄧㄚ　ㄑㄩㄝˋ　ㄨˊ　ㄨㄣˊ,,,,,非主條成語
4269,鴉鵲無聲,ㄧㄚ　ㄑㄩㄝˋ　ㄨˊ　ㄕㄥ,,,,,非主條成語
4270,指桑說槐,ㄓˇ　ㄙㄤ　ㄕㄨㄛ　ㄏㄨㄞˊ,,,,,非主條成語
4271,標新取異,ㄅㄧㄠ　ㄒㄧㄣ　ㄑㄩˇ　ㄧˋ,,,,,非主條成語
4272,枯木死灰,ㄎㄨ　ㄇㄨˋ　ㄙˇ　ㄏㄨㄟ,,,,,非主條成語
4273,赴湯跳火,ㄈㄨˋ　ㄊㄤ　ㄊㄧㄠˋ　ㄏㄨㄛˇ,,,,,非主條成語
4274,相得恨晚,ㄒㄧㄤ　ㄉㄜˊ　ㄏㄣˋ　ㄨㄢˇ,,,,,非主條成語
4275,星眸皓齒,ㄒㄧㄥ　ㄇㄡˊ　ㄏㄠˋ　ㄔˇ,,,,,非主條成語
4276,背生芒刺,ㄅㄟˋ　ㄕㄥ　ㄇㄤˊ　ㄘˋ,,,,,非主條成語
4277,臨深履冰,ㄌㄧㄣˊ　ㄕㄣ　ㄌㄩˇ　ㄅㄧㄥ,,,,,非主條成語
4278,臨渴穿井,ㄌㄧㄣˊ　ㄎㄜˇ　ㄔㄨㄢ　ㄐㄧㄥˇ,,,,,非主條成語
4279,指鹿作馬,ㄓˇ　ㄌㄨˋ　ㄗㄨㄛˋ　ㄇㄚˇ,,,,,非主條成語
4280,怨聲盈路,ㄩㄢˋ　ㄕㄥ　ㄧㄥˊ　ㄌㄨˋ,,,,,非主條成語
4281,膽驚心戰,ㄉㄢˇ　ㄐㄧㄥ　ㄒㄧㄣ　ㄓㄢˋ,,,,,非主條成語
4282,盈篇累牘,ㄧㄥˊ　ㄆㄧㄢ　ㄌㄟˇ　ㄉㄨˊ,,,,,非主條成語
4283,信口開喝,ㄒㄧㄣˋ　ㄎㄡˇ　ㄎㄞ　ㄏㄜˋ,,,,,非主條成語
4284,膽顫心驚,ㄉㄢˇ　ㄓㄢˋ　ㄒㄧㄣ　ㄐㄧㄥ,,,,,非主條成語
4285,膽驚心顫,ㄉㄢˇ　ㄐㄧㄥ　ㄒㄧㄣ　ㄓㄢˋ,,,,,非主條成語
4286,怨聲載路,ㄩㄢˋ　ㄕㄥ　ㄗㄞˋ　ㄌㄨˋ,,,,,非主條成語
4287,說梅止渴,ㄕㄨㄛ　ㄇㄟˊ　ㄓˇ　ㄎㄜˇ,,,,,非主條成語
4288,惱羞變怒,ㄋㄠˇ　ㄒㄧㄡ　ㄅㄧㄢˋ　ㄋㄨˋ,,,,,非主條成語
4289,哀鴻遍地,ㄞ　ㄏㄨㄥˊ　ㄅㄧㄢˋ　ㄉㄧˋ,,,,,非主條成語
4290,逆耳忠言,ㄋㄧˋ　ㄦˇ　ㄓㄨㄥ　ㄧㄢˊ,,,,,非主條成語
4291,逆行倒施,ㄋㄧˋ　ㄒㄧㄥˊ　ㄉㄠˋ　ㄕ,,,,,非主條成語
4292,前功盡滅,ㄑㄧㄢˊ　ㄍㄨㄥ　ㄐㄧㄣˋ　ㄇㄧㄝˋ,,,,,非主條成語
4293,前功皆棄,ㄑㄧㄢˊ　ㄍㄨㄥ　ㄐㄧㄝ　ㄑㄧˋ,,,,,非主條成語
4294,養虎留患,ㄧㄤˇ　ㄏㄨˇ　ㄌㄧㄡˊ　ㄏㄨㄢˋ,,,,,非主條成語
4295,神機妙用,ㄕㄣˊ　ㄐㄧ　ㄇㄧㄠˋ　ㄩㄥˋ,,,,,非主條成語
4296,前倨後卑,ㄑㄧㄢˊ　ㄐㄩˋ　ㄏㄡˋ　ㄅㄟ,,,,,非主條成語
4297,神術妙法,ㄕㄣˊ　ㄕㄨˋ　ㄇㄧㄠˋ　ㄈㄚˇ,,,,,非主條成語
4298,屋下蓋屋,ㄨ　ㄒㄧㄚˋ　ㄍㄞˋ　ㄨ,,,,,非主條成語
4299,神謀妙策,ㄕㄣˊ　ㄇㄡˊ　ㄇㄧㄠˋ　ㄘㄜˋ,,,,,非主條成語
4300,神術妙策,ㄕㄣˊ　ㄕㄨˋ　ㄇㄧㄠˋ　ㄘㄜˋ,,,,,非主條成語
4301,神機妙術,ㄕㄣˊ　ㄐㄧ　ㄇㄧㄠˋ　ㄕㄨˋ,,,,,非主條成語
4302,駱驛不絕,ㄌㄨㄛˋ　ㄧˋ　ㄅㄨˋ　ㄐㄩㄝˊ,,,,,非主條成語
4303,眉歡眼笑,ㄇㄟˊ　ㄏㄨㄢ　ㄧㄢˇ　ㄒㄧㄠˋ,,,,,非主條成語
4304,矜矜業業,ㄐㄧㄣ　ㄐㄧㄣ　ㄧㄝˋ　ㄧㄝˋ,,,,,非主條成語
4305,柔懦寡斷,ㄖㄡˊ　ㄋㄨㄛˋ　ㄍㄨㄚˇ　ㄉㄨㄢˋ,,,,,非主條成語
4306,退徙三舍,ㄊㄨㄟˋ　ㄒㄧˇ　ㄙㄢ　ㄕㄜˋ,,,,,非主條成語
4307,洞如觀火,ㄉㄨㄥˋ　ㄖㄨˊ　ㄍㄨㄢ　ㄏㄨㄛˇ,,,,,非主條成語
4308,秦庭朗鏡,ㄑㄧㄣˊ　ㄊㄧㄥˊ　ㄌㄤˇ　ㄐㄧㄥˋ,,,,,非主條成語
4309,泰來否往,ㄊㄞˋ　ㄌㄞˊ　ㄆㄧˇ　ㄨㄤˇ,,,,,非主條成語
4310,絡驛不絕,ㄌㄨㄛˋ　ㄧˋ　ㄅㄨˋ　ㄐㄩㄝˊ,,,,,非主條成語
4311,捕風弄月,ㄅㄨˇ　ㄈㄥ　ㄋㄨㄥˋ　ㄩㄝˋ,,,,,非主條成語
4312,捕影拿風,ㄅㄨˇ　ㄧㄥˇ　ㄋㄚˊ　ㄈㄥ,,,,,非主條成語
4313,惡稔禍盈,ㄜˋ　ㄖㄣˇ　ㄏㄨㄛˋ　ㄧㄥˊ,,,,,非主條成語
4314,惡稔罪盈,ㄜˋ　ㄖㄣˇ　ㄗㄨㄟˋ　ㄧㄥˊ,,,,,非主條成語
4315,惡稔貫盈,ㄜˋ　ㄖㄣˇ　ㄍㄨㄢˋ　ㄧㄥˊ,,,,,非主條成語
4316,損本逐末,ㄙㄨㄣˇ　ㄅㄣˇ　ㄓㄨˊ　ㄇㄛˋ,,,,,非主條成語
4317,恐後爭先,ㄎㄨㄥˇ　ㄏㄡˋ　ㄓㄥ　ㄒㄧㄢ,,,,,非主條成語
4318,珠沉滄海,ㄓㄨ　ㄔㄣˊ　ㄘㄤ　ㄏㄞˇ,,,,,非主條成語
4319,莫逆之友,ㄇㄛˋ　ㄋㄧˋ　ㄓ　ㄧㄡˇ,,,,,非主條成語
4320,礪兵秣馬,ㄌㄧˋ　ㄅㄧㄥ　ㄇㄛˋ　ㄇㄚˇ,,,,,非主條成語
4321,殊致同歸,ㄕㄨ　ㄓˋ　ㄊㄨㄥˊ　ㄍㄨㄟ,,,,,非主條成語
4322,莫逆之契,ㄇㄛˋ　ㄋㄧˋ　ㄓ　ㄑㄧˋ,,,,,非主條成語
4323,殊方同致,ㄕㄨ　ㄈㄤ　ㄊㄨㄥˊ　ㄓˋ,,,,,非主條成語
4324,莫措手足,ㄇㄛˋ　ㄘㄨㄛˋ　ㄕㄡˇ　ㄗㄨˊ,,,,,非主條成語
4325,破鏡重合,ㄆㄛˋ　ㄐㄧㄥˋ　ㄔㄨㄥˊ　ㄏㄜˊ,,,,,非主條成語
4326,逢場作樂,ㄈㄥˊ　ㄔㄤˇ　ㄗㄨㄛˋ　ㄌㄜˋ,,,,,非主條成語
4327,倒屣而迎,ㄉㄠˋ　ㄒㄧˇ　ㄦˊ　ㄧㄥˊ,,,,,非主條成語
4328,倒屣迎賓,ㄉㄠˋ　ㄒㄧˇ　ㄧㄥˊ　ㄅㄧㄣ,,,,,非主條成語
4329,倒屐相迎,ㄉㄠˋ　ㄐㄧ　ㄒㄧㄤ　ㄧㄥˊ,,,,,非主條成語
4330,透古通今,ㄊㄡˋ　ㄍㄨˇ　ㄊㄨㄥ　ㄐㄧㄣ,,,,,非主條成語
4331,鐵打心腸,ㄊㄧㄝˇ　ㄉㄚˇ　ㄒㄧㄣ　ㄔㄤˊ,,,,,非主條成語
4332,剖肝瀝膽,ㄆㄡˇ　ㄍㄢ　ㄌㄧˋ　ㄉㄢˇ,,,,,非主條成語
4333,益無忌憚,ㄧˋ　ㄨˊ　ㄐㄧˋ　ㄉㄢˋ,,,,,非主條成語
4334,冤家路狹,ㄩㄢ　ㄐㄧㄚ　ㄌㄨˋ　ㄒㄧㄚˊ,,,,,非主條成語
4335,袖手傍觀,ㄒㄧㄡˋ　ㄕㄡˇ　ㄆㄤˊ　ㄍㄨㄢ,,,,,非主條成語
4336,病染膏肓,ㄅㄧㄥˋ　ㄖㄢˇ　ㄍㄠ　ㄏㄨㄤ,,,,,非主條成語
4337,疾聲大呼,ㄐㄧˊ　ㄕㄥ　ㄉㄚˋ　ㄏㄨ,,,,,非主條成語
4338,塗炭生民,ㄊㄨˊ　ㄊㄢˋ　ㄕㄥ　ㄇㄧㄣˊ,,,,,非主條成語
4339,流汗浹背,ㄌㄧㄡˊ　ㄏㄢˋ　ㄐㄧㄚˊ　ㄅㄟˋ,,,,,非主條成語
4340,流芳萬古,ㄌㄧㄡˊ　ㄈㄤ　ㄨㄢˋ　ㄍㄨˇ,,,,,非主條成語
4341,高枕不虞,ㄍㄠ　ㄓㄣˇ　ㄅㄨˋ　ㄩˊ,,,,,非主條成語
4342,高枕安臥,ㄍㄠ　ㄓㄣˇ　ㄢ　ㄨㄛˋ,,,,,非主條成語
4343,高節清風,ㄍㄠ　ㄐㄧㄝˊ　ㄑㄧㄥ　ㄈㄥ,,,,,非主條成語
4344,勒馬懸崖,ㄌㄜˋ　ㄇㄚˇ　ㄒㄩㄢˊ　ㄧㄞˊ,,,,,非主條成語
4345,高譚清論,ㄍㄠ　ㄊㄢˊ　ㄑㄧㄥ　ㄌㄨㄣˋ,,,,,非主條成語
4346,通時達變,ㄊㄨㄥ　ㄕˊ　ㄉㄚˊ　ㄅㄧㄢˋ,,,,,非主條成語
4347,蕭牆禍起,ㄒㄧㄠ　ㄑㄧㄤˊ　ㄏㄨㄛˋ　ㄑㄧˇ,,,,,非主條成語
4348,萍水相遭,ㄆㄧㄥˊ　ㄕㄨㄟˇ　ㄒㄧㄤ　ㄗㄠ,,,,,非主條成語
4349,高枕勿憂,ㄍㄠ　ㄓㄣˇ　ㄨˋ　ㄧㄡ,,,,,非主條成語
4350,萍水相遇,ㄆㄧㄥˊ　ㄕㄨㄟˇ　ㄒㄧㄤ　ㄩˋ,,,,,非主條成語
4351,夢裡南柯,ㄇㄥˋ　ㄌㄧˇ　ㄋㄢˊ　ㄎㄜ,,,,,非主條成語
4352,接應不暇,ㄐㄧㄝ　ㄧㄥˋ　ㄅㄨˋ　ㄒㄧㄚˊ,,,,,非主條成語
4353,推心致腹,ㄊㄨㄟ　ㄒㄧㄣ　ㄓˋ　ㄈㄨˋ,,,,,非主條成語
4354,推誠布信,ㄊㄨㄟ　ㄔㄥˊ　ㄅㄨˋ　ㄒㄧㄣˋ,,,,,非主條成語
4355,推誠置腹,ㄊㄨㄟ　ㄔㄥˊ　ㄓˋ　ㄈㄨˋ,,,,,非主條成語
4356,展轉反側,ㄓㄢˇ　ㄓㄨㄢˇ　ㄈㄢˇ　ㄘㄜˋ,,,,,非主條成語
4357,排患解紛,ㄆㄞˊ　ㄏㄨㄢˋ　ㄐㄧㄝˇ　ㄈㄣ,,,,,非主條成語
4358,釁起蕭牆,ㄒㄧㄣˋ　ㄑㄧˇ　ㄒㄧㄠ　ㄑㄧㄤˊ,,,,,非主條成語
4359,銖銖校量,ㄓㄨ　ㄓㄨ　ㄐㄧㄠˋ　ㄌㄧㄤˋ,,,,,非主條成語
4360,高枕無虞,ㄍㄠ　ㄓㄣˇ　ㄨˊ　ㄩˊ,,,,,非主條成語
4361,逸以待勞,ㄧˋ　ㄧˇ　ㄉㄞˋ　ㄌㄠˊ,,,,,非主條成語
4362,釁發蕭牆,ㄒㄧㄣˋ　ㄈㄚ　ㄒㄧㄠ　ㄑㄧㄤˊ,,,,,非主條成語
4363,掩耳偷鈴,ㄧㄢˇ　ㄦˇ　ㄊㄡ　ㄌㄧㄥˊ,,,,,非主條成語
4364,偃旗臥鼓,ㄧㄢˇ　ㄑㄧˊ　ㄨㄛˋ　ㄍㄨˇ,,,,,非主條成語
4365,欲蓋而彰,ㄩˋ　ㄍㄞˋ　ㄦˊ　ㄓㄤ,,,,,非主條成語
4366,黃袍加體,ㄏㄨㄤˊ　ㄆㄠˊ　ㄐㄧㄚ　ㄊㄧˇ,,,,,非主條成語
4367,得寸思尺,ㄉㄜˊ　ㄘㄨㄣˋ　ㄙ　ㄔˇ,,,,,非主條成語
4368,惜香憐玉,ㄒㄧˊ　ㄒㄧㄤ　ㄌㄧㄢˊ　ㄩˋ,,,,,非主條成語
4369,驚弦之鳥,ㄐㄧㄥ　ㄒㄧㄢˊ　ㄓ　ㄋㄧㄠˇ,,,,,非主條成語
4370,望風而靡,ㄨㄤˋ　ㄈㄥ　ㄦˊ　ㄇㄧˇ,,,,,非主條成語
4371,清原正本,ㄑㄧㄥ　ㄩㄢˊ　ㄓㄥˋ　ㄅㄣˇ,,,,,非主條成語
4372,情孚意合,ㄑㄧㄥˊ　ㄈㄨˊ　ㄧˋ　ㄏㄜˊ,,,,,非主條成語
4373,深惡痛嫉,ㄕㄣ　ㄨˋ　ㄊㄨㄥˋ　ㄐㄧˊ,,,,,非主條成語
4374,深謀遠猷,ㄕㄣ　ㄇㄡˊ　ㄩㄢˇ　ㄧㄡˊ,,,,,非主條成語
4375,深謀遠略,ㄕㄣ　ㄇㄡˊ　ㄩㄢˇ　ㄌㄩㄝˋ,,,,,非主條成語
4376,禍興蕭牆,ㄏㄨㄛˋ　ㄒㄧㄥ　ㄒㄧㄠ　ㄑㄧㄤˊ,,,,,非主條成語
4377,禍稔蕭牆,ㄏㄨㄛˋ　ㄖㄣˇ　ㄒㄧㄠ　ㄑㄧㄤˊ,,,,,非主條成語
4378,深圖遠慮,ㄕㄣ　ㄊㄨˊ　ㄩㄢˇ　ㄌㄩˋ,,,,,非主條成語
4379,隨波逐塵,ㄙㄨㄟˊ　ㄅㄛ　ㄓㄨˊ　ㄔㄣˊ,,,,,非主條成語
4380,禍首罪魁,ㄏㄨㄛˋ　ㄕㄡˇ　ㄗㄨㄟˋ　ㄎㄨㄟˊ,,,,,非主條成語
4381,殫心竭慮,ㄉㄢ　ㄒㄧㄣ　ㄐㄧㄝˊ　ㄌㄩˋ,,,,,非主條成語
4382,禍發蕭牆,ㄏㄨㄛˋ　ㄈㄚ　ㄒㄧㄠ　ㄑㄧㄤˊ,,,,,非主條成語
4383,殫精畢力,ㄉㄢ　ㄐㄧㄥ　ㄅㄧˋ　ㄌㄧˋ,,,,,非主條成語
4384,清貧如洗,ㄑㄧㄥ　ㄆㄧㄣˊ　ㄖㄨˊ　ㄒㄧˇ,,,,,非主條成語
4385,情不自堪,ㄑㄧㄥˊ　ㄅㄨˋ　ㄗˋ　ㄎㄢ　（變）　ㄑㄧㄥˊ　ㄅㄨˊ　ㄗˋ　ㄎㄢ,,,,,非主條成語
4386,淹淹一息,ㄧㄢ　ㄧㄢ　ㄧ　ㄒㄧˊ　（變）　ㄧㄢ　ㄧㄢ　ㄧˋ　ㄒㄧˊ,,,,,非主條成語
4387,欺世釣譽,ㄑㄧ　ㄕˋ　ㄉㄧㄠˋ　ㄩˋ,,,,,非主條成語
4388,斯文委地,ㄙ　ㄨㄣˊ　ㄨㄟˇ　ㄉㄧˋ,,,,,非主條成語
4389,超類絕倫,ㄔㄠ　ㄌㄟˋ　ㄐㄩㄝˊ　ㄌㄨㄣˊ,,,,,非主條成語
4390,朝四暮三,ㄓㄠ　ㄙˋ　ㄇㄨˋ　ㄙㄢ,,,,,非主條成語
4391,殫精畢思,ㄉㄢ　ㄐㄧㄥ　ㄅㄧˋ　ㄙ,,,,,非主條成語
4392,掣襟肘見,ㄔㄜˋ　ㄐㄧㄣ　ㄓㄡˇ　ㄒㄧㄢˋ,,,,,非主條成語
4393,銳未可當,ㄖㄨㄟˋ　ㄨㄟˋ　ㄎㄜˇ　ㄉㄤˇ,,,,,非主條成語
4394,皓齒星眸,ㄏㄠˋ　ㄔˇ　ㄒㄧㄥ　ㄇㄡˊ,,,,,非主條成語
4395,循循誘人,ㄒㄩㄣˊ　ㄒㄩㄣˊ　ㄧㄡˋ　ㄖㄣˊ,,,,,非主條成語
4396,孳孳不倦,ㄗ　ㄗ　ㄅㄨˋ　ㄐㄩㄢˋ　（變）　ㄗ　ㄗ　ㄅㄨˊ　ㄐㄩㄢˋ,,,,,非主條成語
4397,裝模做樣,ㄓㄨㄤ　ㄇㄛˊ　ㄗㄨㄛˋ　ㄧㄤˋ,,,,,非主條成語
4398,短兵接戰,ㄉㄨㄢˇ　ㄅㄧㄥ　ㄐㄧㄝ　ㄓㄢˋ,,,,,非主條成語
4399,循次而進,ㄒㄩㄣˊ　ㄘˋ　ㄦˊ　ㄐㄧㄣˋ,,,,,非主條成語
4400,裝腔做勢,ㄓㄨㄤ　ㄑㄧㄤ　ㄗㄨㄛˋ　ㄕˋ,,,,,非主條成語
4401,遺臭千年,ㄧˊ　ㄔㄡˋ　ㄑㄧㄢ　ㄋㄧㄢˊ,,,,,非主條成語
4402,遺臭萬代,ㄧˊ　ㄔㄡˋ　ㄨㄢˋ　ㄉㄞˋ,,,,,非主條成語
4403,緩步代車,ㄏㄨㄢˇ　ㄅㄨˋ　ㄉㄞˋ　ㄐㄩ,,,,,非主條成語
4404,感激流涕,ㄍㄢˇ　ㄐㄧ　ㄌㄧㄡˊ　ㄊㄧˋ,,,,,非主條成語
4405,感激涕泗,ㄍㄢˇ　ㄐㄧ　ㄊㄧˋ　ㄙˋ,,,,,非主條成語
4406,摸棱兩可,ㄇㄛˊ　ㄌㄥˊ　ㄌㄧㄤˇ　ㄎㄜˇ,,,,,非主條成語
4407,暗箭中人,ㄢˋ　ㄐㄧㄢˋ　ㄓㄨㄥˋ　ㄖㄣˊ,,,,,非主條成語
4408,置之高閣,ㄓˋ　ㄓ　ㄍㄠ　ㄍㄜˊ,,,,,非主條成語
4409,路無拾遺,ㄌㄨˋ　ㄨˊ　ㄕˊ　ㄧˊ,,,,,非主條成語
4410,愁眉苦眼,ㄔㄡˊ　ㄇㄟˊ　ㄎㄨˇ　ㄧㄢˇ,,,,,非主條成語
4411,愁顏不展,ㄔㄡˊ　ㄧㄢˊ　ㄅㄨˋ　ㄓㄢˇ,,,,,非主條成語
4412,愁眉苦目,ㄔㄡˊ　ㄇㄟˊ　ㄎㄨˇ　ㄇㄨˋ,,,,,非主條成語
4413,辭嚴氣正,ㄘˊ　ㄧㄢˊ　ㄑㄧˋ　ㄓㄥˋ,,,,,非主條成語
4414,觸類而長,ㄔㄨˋ　ㄌㄟˋ　ㄦˊ　ㄓㄤˇ,,,,,非主條成語
4415,滔滔不盡,ㄊㄠ　ㄊㄠ　ㄅㄨˋ　ㄐㄧㄣˋ　（變）　ㄊㄠ　ㄊㄠ　ㄅㄨˊ　ㄐㄧㄣˋ,,,,,非主條成語
4416,滔滔不竭,ㄊㄠ　ㄊㄠ　ㄅㄨˋ　ㄐㄧㄝˊ,,,,,非主條成語
4417,兢兢翼翼,ㄐㄧㄥ　ㄐㄧㄥ　ㄧˋ　ㄧˋ,,,,,非主條成語
4418,觸目駭心,ㄔㄨˋ　ㄇㄨˋ　ㄏㄞˋ　ㄒㄧㄣ,,,,,非主條成語
4419,誓山盟海,ㄕˋ　ㄕㄢ　ㄇㄥˊ　ㄏㄞˇ,,,,,非主條成語
4420,摘句尋章,ㄓㄞ　ㄐㄩˋ　ㄒㄩㄣˊ　ㄓㄤ,,,,,非主條成語
4421,意轉心回,ㄧˋ　ㄓㄨㄢˇ　ㄒㄧㄣ　ㄏㄨㄟˊ,,,,,非主條成語
4422,箕裘相繼,ㄐㄧ　ㄑㄧㄡˊ　ㄒㄧㄤ　ㄐㄧˋ,,,,,非主條成語
4423,群口鑠金,ㄑㄩㄣˊ　ㄎㄡˇ　ㄕㄨㄛˋ　ㄐㄧㄣ,,,,,非主條成語
4424,端本正源,ㄉㄨㄢ　ㄅㄣˇ　ㄓㄥˋ　ㄩㄢˊ,,,,,非主條成語
4425,瘦骨如柴,ㄕㄡˋ　ㄍㄨˇ　ㄖㄨˊ　ㄔㄞˊ,,,,,非主條成語
4426,遮人眼目,ㄓㄜ　ㄖㄣˊ　ㄧㄢˇ　ㄇㄨˋ,,,,,非主條成語
4427,裹尸馬革,ㄍㄨㄛˇ　ㄕ　ㄇㄚˇ　ㄍㄜˊ,,,,,非主條成語
4428,漏網游魚,ㄌㄡˋ　ㄨㄤˇ　ㄧㄡˊ　ㄩˊ,,,,,非主條成語
4429,裹足不進,ㄍㄨㄛˇ　ㄗㄨˊ　ㄅㄨˋ　ㄐㄧㄣˋ　（變）　ㄍㄨㄛˇ　ㄗㄨˊ　ㄅㄨˊ　ㄐㄧㄣˋ,,,,,非主條成語
4430,精忠報國,ㄐㄧㄥ　ㄓㄨㄥ　ㄅㄠˋ　ㄍㄨㄛˊ,,,,,非主條成語
4431,縮衣節口,ㄙㄨㄛ　ㄧ　ㄐㄧㄝˊ　ㄎㄡˇ,,,,,非主條成語
4432,德以報怨,ㄉㄜˊ　ㄧˇ　ㄅㄠˋ　ㄩㄢˋ,,,,,非主條成語
4433,德深望重,ㄉㄜˊ　ㄕㄣ　ㄨㄤˋ　ㄓㄨㄥˋ,,,,,非主條成語
4434,額手稱頌,ㄜˊ　ㄕㄡˇ　ㄔㄥ　ㄙㄨㄥˋ,,,,,非主條成語
4435,鏤心刻骨,ㄌㄡˋ　ㄒㄧㄣ　ㄎㄜˋ　ㄍㄨˇ,,,,,非主條成語
4436,鶴處雞群,ㄏㄜˋ　ㄔㄨˇ　ㄐㄧ　ㄑㄩㄣˊ,,,,,非主條成語
4437,摩頂至足,ㄇㄛˊ　ㄉㄧㄥˇ　ㄓˋ　ㄗㄨˊ,,,,,非主條成語
4438,摩頂至踵,ㄇㄛˊ　ㄉㄧㄥˇ　ㄓˋ　ㄓㄨㄥˇ,,,,,非主條成語
4439,激忿填膺,ㄐㄧ　ㄈㄣˋ　ㄊㄧㄢˊ　ㄧㄥ,,,,,非主條成語
4440,燃膏繼晷,ㄖㄢˊ　ㄍㄠ　ㄐㄧˋ　ㄍㄨㄟˇ,,,,,非主條成語
4441,蹈規循矩,ㄉㄠˋ　ㄍㄨㄟ　ㄒㄩㄣˊ　ㄐㄩˇ,,,,,非主條成語
4442,顛撲不磨,ㄉㄧㄢ　ㄆㄨ　ㄅㄨˋ　ㄇㄛˊ,,,,,非主條成語
4443,磨踵滅頂,ㄇㄛˊ　ㄓㄨㄥˇ　ㄇㄧㄝˋ　ㄉㄧㄥˇ,,,,,非主條成語
4444,繁文末節,ㄈㄢˊ　ㄨㄣˊ　ㄇㄛˋ　ㄐㄧㄝˊ,,,,,非主條成語
4445,濡沫涸轍,ㄖㄨˊ　ㄇㄛˋ　ㄏㄜˊ　ㄓㄜˊ,,,,,非主條成語
4446,燕雀處屋,ㄧㄢˋ　ㄑㄩㄝˋ　ㄔㄨˇ　ㄨ,,,,,非主條成語
4447,顛簸不破,ㄉㄧㄢ　ㄅㄛˇ　ㄅㄨˋ　ㄆㄛˋ　（變）　ㄉㄧㄢ　ㄅㄛˇ　ㄅㄨˊ　ㄆㄛˋ,,,,,非主條成語
4448,爨桂炊玉,ㄘㄨㄢˋ　ㄍㄨㄟˋ　ㄔㄨㄟ　ㄩˋ,,,,,非主條成語
4449,戮力齊心,ㄌㄨˋ　ㄌㄧˋ　ㄑㄧˊ　ㄒㄧㄣ,,,,,非主條成語
4450,蹈赴湯火,ㄉㄠˋ　ㄈㄨˋ　ㄊㄤ　ㄏㄨㄛˇ,,,,,非主條成語
4451,藕斷絲聯,ㄡˇ　ㄉㄨㄢˋ　ㄙ　ㄌㄧㄢˊ,,,,,非主條成語
4452,鞭不及腹,ㄅㄧㄢ　ㄅㄨˋ　ㄐㄧˊ　ㄈㄨˋ,,,,,非主條成語
4453,囊中取物,ㄋㄤˊ　ㄓㄨㄥ　ㄑㄩˇ　ㄨˋ,,,,,非主條成語
4454,露面拋頭,ㄌㄨˋ　ㄇㄧㄢˋ　ㄆㄠ　ㄊㄡˊ,,,,,非主條成語
4455,蠢若木雞,ㄔㄨㄣˇ　ㄖㄨㄛˋ　ㄇㄨˋ　ㄐㄧ,,,,,非主條成語
4456,一舉兩全,ㄧ　ㄐㄩˇ　ㄌㄧㄤˇ　ㄑㄩㄢˊ　（變）　ㄧˋ　ㄐㄩˇ　ㄌㄧㄤˇ　ㄑㄩㄢˊ,,,,,非主條成語
4457,仰承鼻息,ㄧㄤˇ　ㄔㄥˊ　ㄅㄧˊ　ㄒㄧˊ,,,,,非主條成語
4458,東床嬌婿,ㄉㄨㄥ　ㄔㄨㄤˊ　ㄐㄧㄠ　ㄒㄩˋ,,,,,非主條成語
4459,不共之仇,ㄅㄨˋ　ㄍㄨㄥˋ　ㄓ　ㄔㄡˊ　（變）　ㄅㄨˊ　ㄍㄨㄥˋ　ㄓ　ㄔㄡˊ,,,,,非主條成語
4460,倚馬成文,ㄧˇ　ㄇㄚˇ　ㄔㄥˊ　ㄨㄣˊ,,,,,非主條成語
4461,美奐美輪,ㄇㄟˇ　ㄏㄨㄢˋ　ㄇㄟˇ　ㄌㄨㄣˊ,,,,,非主條成語
4462,珠連璧合,ㄓㄨ　ㄌㄧㄢˊ　ㄅㄧˋ　ㄏㄜˊ,,,,,非主條成語
4463,不識時變,ㄅㄨˋ　ㄕˋ　ㄕˊ　ㄅㄧㄢˋ　（變）　ㄅㄨˊ　ㄕˋ　ㄕˊ　ㄅㄧㄢˋ,,,,,非主條成語
4464,孔席不暖,ㄎㄨㄥˇ　ㄒㄧˊ　ㄅㄨˋ　ㄋㄨㄢˇ,,,,,非主條成語
4465,低頭喪氣,ㄉㄧ　ㄊㄡˊ　ㄙㄤˋ　ㄑㄧˋ,,,,,非主條成語
4466,瀝膽隳肝,ㄌㄧˋ　ㄉㄢˇ　ㄏㄨㄟ　ㄍㄢ,,,,,非主條成語
4467,心驚肉顫,ㄒㄧㄣ　ㄐㄧㄥ　ㄖㄡˋ　ㄓㄢˋ,,,,,非主條成語
4468,豺狼當路,ㄔㄞˊ　ㄌㄤˊ　ㄉㄤ　ㄌㄨˋ,,,,,非主條成語
4469,水洩不通,ㄕㄨㄟˇ　ㄒㄧㄝˋ　ㄅㄨˋ　ㄊㄨㄥ,,,,,非主條成語
4470,落葉歸根,ㄌㄨㄛˋ　ㄧㄝˋ　ㄍㄨㄟ　ㄍㄣ,,,,,非主條成語
4471,饑不擇食,ㄐㄧ　ㄅㄨˋ　ㄗㄜˊ　ㄕˊ,,,,,非主條成語
4472,多華少實,ㄉㄨㄛ　ㄏㄨㄚˊ　ㄕㄠˇ　ㄕˊ,,,,,非主條成語
4473,梅林止渴,ㄇㄟˊ　ㄌㄧㄣˊ　ㄓˇ　ㄎㄜˇ,,,,,非主條成語
4474,坐薪懸膽,ㄗㄨㄛˋ　ㄒㄧㄣ　ㄒㄩㄢˊ　ㄉㄢˇ,,,,,非主條成語
4475,流連忘反,ㄌㄧㄡˊ　ㄌㄧㄢˊ　ㄨㄤˋ　ㄈㄢˇ,,,,,非主條成語
4476,殊塗同歸,ㄕㄨ　ㄊㄨˊ　ㄊㄨㄥˊ　ㄍㄨㄟ,,,,,非主條成語
4477,瞠乎後矣,ㄔㄥ　ㄏㄨ　ㄏㄡˋ　ㄧˇ,,,,,非主條成語
4478,脫胎換體,ㄊㄨㄛ　ㄊㄞ　ㄏㄨㄢˋ　ㄊㄧˇ,,,,,非主條成語
4479,一筆三過,ㄧ　ㄅㄧˇ　ㄙㄢ　ㄍㄨㄛˋ　（變）　ㄧˋ　ㄅㄧˇ　ㄙㄢ　ㄍㄨㄛˋ,,,,,非主條成語
4480,巧言花語,ㄑㄧㄠˇ　ㄧㄢˊ　ㄏㄨㄚ　ㄩˇ,,,,,非主條成語
4481,壹敗塗地,ㄧ　ㄅㄞˋ　ㄊㄨˊ　ㄉㄧˋ,,,,,非主條成語
4482,引鴆止渴,ㄧㄣˇ　ㄓㄣˋ　ㄓˇ　ㄎㄜˇ,,,,,非主條成語
4483,樂極哀生,ㄌㄜˋ　ㄐㄧˊ　ㄞ　ㄕㄥ,,,,,非主條成語
4484,死灰復然,ㄙˇ　ㄏㄨㄟ　ㄈㄨˋ　ㄖㄢˊ,,,,,非主條成語
4485,髮引千鈞,ㄈㄚˇ　ㄧㄣˇ　ㄑㄧㄢ　ㄐㄩㄣ,,,,,非主條成語
4486,欲蓋彌章,ㄩˋ　ㄍㄞˋ　ㄇㄧˊ　ㄓㄤ,,,,,非主條成語
4487,尊俎折衝,ㄗㄨㄣ　ㄗㄨˇ　ㄓㄜˊ　ㄔㄨㄥ,,,,,非主條成語
4488,秋毫無取,ㄑㄧㄡ　ㄏㄠˊ　ㄨˊ　ㄑㄩˇ,,,,,非主條成語
4489,馬革裹尸,ㄇㄚˇ　ㄍㄜˊ　ㄍㄨㄛˇ　ㄕ,,,,,非主條成語
4490,令人深省,ㄌㄧㄥˋ　ㄖㄣˊ　ㄕㄣ　ㄒㄧㄥˇ,,,,,非主條成語
4491,反邪歸正,ㄈㄢˇ　ㄒㄧㄝˊ　ㄍㄨㄟ　ㄓㄥˋ,,,,,非主條成語
4492,揮金似土,ㄏㄨㄟ　ㄐㄧㄣ　ㄙˋ　ㄊㄨˇ,,,,,非主條成語
4493,高檯明鏡,ㄍㄠ　ㄊㄞˊ　ㄇㄧㄥˊ　ㄐㄧㄥˋ,,,,,非主條成語
4494,作法自弊,ㄗㄨㄛˋ　ㄈㄚˇ　ㄗˋ　ㄅㄧˋ,,,,,非主條成語
4495,衰當益壯,ㄕㄨㄞ　ㄉㄤ　ㄧˋ　ㄓㄨㄤˋ,,,,,非主條成語
4496,渾淪吞棗,ㄏㄨㄣˊ　ㄌㄨㄣˊ　ㄊㄨㄣ　ㄗㄠˇ,,,,,非主條成語
4497,鶻崙吞棗,ㄏㄨˊ　ㄌㄨㄣˊ　ㄊㄨㄣ　ㄗㄠˇ,,,,,非主條成語
4498,舉軍盡沒,ㄐㄩˇ　ㄐㄩㄣ　ㄐㄧㄣˋ　ㄇㄛˋ,,,,,非主條成語
4499,魚遊釜中,ㄩˊ　ㄧㄡˊ　ㄈㄨˇ　ㄓㄨㄥ,比喻身處險境，危在旦夕。,,,如魚在釜、游釜之魚、遊魚在鼎、魚游沸釜、魚游沸鼎、魚游釜中、魚游釜底、魚遊沸鼎、魚遊釜內、魚遊釜底,主條成語
4500,眼高手生,ㄧㄢˇ　ㄍㄠ　ㄕㄡˇ　ㄕㄥ,,,,,非主條成語
4501,改絃易轍,ㄍㄞˇ　ㄒㄧㄢˊ　ㄧˋ　ㄔㄜˋ,,,,,非主條成語
4502,神術妙計,ㄕㄣˊ　ㄕㄨˋ　ㄇㄧㄠˋ　ㄐㄧˋ,,,,,非主條成語
4503,一矢雙穿,ㄧ　ㄕˇ　ㄕㄨㄤ　ㄔㄨㄢ　（變）　ㄧˋ　ㄕˇ　ㄕㄨㄤ　ㄔㄨㄢ,,,,,非主條成語
4504,一帆順風,ㄧ　ㄈㄢˊ　ㄕㄨㄣˋ　ㄈㄥ　（變）　ㄧˋ　ㄈㄢˊ　ㄕㄨㄣˋ　ㄈㄥ,,,,,非主條成語
4505,一呼百喏,ㄧ　ㄏㄨ　ㄅㄞˇ　ㄋㄨㄛˋ　（變）　ㄧˋ　ㄏㄨ　ㄅㄞˇ　ㄋㄨㄛˋ,,,,,非主條成語
4506,一念差池,ㄧ　ㄋㄧㄢˋ　ㄔㄚ　ㄔˊ　（變）　ㄧˊ　ㄋㄧㄢˋ　ㄔㄚ　ㄔˊ,,,,,非主條成語
4507,一枕南柯,ㄧ　ㄓㄣˇ　ㄋㄢˊ　ㄎㄜ　（變）　ㄧˋ　ㄓㄣˇ　ㄋㄢˊ　ㄎㄜ,,,,,非主條成語
4508,一長二短,ㄧ　ㄔㄤˊ　ㄦˋ　ㄉㄨㄢˇ　（變）　ㄧˋ　ㄔㄤˊ　ㄦˋ　ㄉㄨㄢˇ,,,,,非主條成語
4509,一開生面,ㄧ　ㄎㄞ　ㄕㄥ　ㄇㄧㄢˋ　（變）　ㄧˋ　ㄎㄞ　ㄕㄥ　ㄇㄧㄢˋ,,,,,非主條成語
4510,一錢不直,ㄧ　ㄑㄧㄢˊ　ㄅㄨˋ　ㄓˊ,,,,,非主條成語
4511,一趨一步,ㄧ　ㄑㄩ　ㄧ　ㄅㄨˋ　（變）　ㄧˋ　ㄑㄩ　ㄧˊ　　ㄅㄨˋ,,,,,非主條成語
4512,七竅煙生,ㄑㄧ　ㄑㄧㄠˋ　ㄧㄢ　ㄕㄥ,,,,,非主條成語
4513,七竅煙騰,ㄑㄧ　ㄑㄧㄠˋ　ㄧㄢ　ㄊㄥˊ,,,,,非主條成語
4514,了無所有,ㄌㄧㄠˇ　ㄨˊ　ㄙㄨㄛˇ　ㄧㄡˇ,,,,,非主條成語
4515,人謀敓天造,ㄖㄣˊ　ㄇㄡˊ　ㄉㄨㄛˊ　ㄊㄧㄢ　ㄗㄠˋ,,,,,非主條成語
4516,入夢生花,ㄖㄨˋ　ㄇㄥˋ　ㄕㄥ　ㄏㄨㄚ,,,,,非主條成語
4517,十全之美,ㄕˊ　ㄑㄩㄢˊ　ㄓ　ㄇㄟˇ,,,,,非主條成語
4518,三絕韋,ㄙㄢ　ㄐㄩㄝˊ　ㄨㄟˊ,,,,,非主條成語
4519,下筆成詠,ㄒㄧㄚˋ　ㄅㄧˇ　ㄔㄥˊ　ㄩㄥˇ,,,,,非主條成語
4520,千丈一落,ㄑㄧㄢ　ㄓㄤˋ　ㄧ　ㄌㄨㄛˋ　（變）　ㄑㄧㄢ　ㄓㄤˋ　ㄧˊ　ㄌㄨㄛˋ,,,,,非主條成語
4521,千里寄鵝毛,ㄑㄧㄢ　ㄌㄧˇ　ㄐㄧˋ　ㄜˊ　ㄇㄠˊ,,,,,非主條成語
4522,千轉萬變,ㄑㄧㄢ　ㄓㄨㄢˇ　ㄨㄢˋ　ㄅㄧㄢˋ,,,,,非主條成語
4523,口出不遜,ㄎㄡˇ　ㄔㄨ　ㄅㄨˋ　ㄒㄩㄣˋ　（變）　ㄎㄡˇ　ㄔㄨ　ㄅㄨˊ　ㄒㄩㄣˋ,,,,,非主條成語
4524,口呿目瞪,ㄎㄡˇ　ㄑㄩ　ㄇㄨˋ　ㄉㄥˋ,,,,,非主條成語
4525,大廷廣眾,ㄉㄚˋ　ㄊㄧㄥˊ　ㄍㄨㄤˇ　ㄓㄨㄥˋ,,,,,非主條成語
4526,大喜踰望,ㄉㄚˋ　ㄒㄧˇ　ㄩˊ　ㄨㄤˋ,,,,,非主條成語
4527,大繆不然,ㄉㄚˋ　ㄇㄧㄡˋ　ㄅㄨˋ　ㄖㄢˊ,,,,,非主條成語
4528,小試割雞,ㄒㄧㄠˇ　ㄕˋ　ㄍㄜ　ㄐㄧ,,,,,非主條成語
4529,尸利素餐,ㄕ　ㄌㄧˋ　ㄙㄨˋ　ㄘㄢ,,,,,非主條成語
4530,尸祿素餐,ㄕ　ㄌㄨˋ　ㄙㄨˋ　ㄘㄢ,,,,,非主條成語
4531,弓影浮杯,ㄍㄨㄥ　ㄧㄥˇ　ㄈㄨˊ　ㄅㄟ,,,,,非主條成語
4532,才高倚馬,ㄘㄞˊ　ㄍㄠ　ㄧˇ　ㄇㄚˇ,,,,,非主條成語
4533,才堪倚馬,ㄘㄞˊ　ㄎㄢ　ㄧˇ　ㄇㄚˇ,,,,,非主條成語
4534,不二門,ㄅㄨˋ　ㄦˋ　ㄇㄣˊ　（變）　ㄅㄨˊ　ㄦˋ　ㄇㄣˊ,,,,,非主條成語
4535,不加點,ㄅㄨˋ　ㄐㄧㄚ　ㄉㄧㄢˇ,,,,,非主條成語
4536,不可救療,ㄅㄨˋ　ㄎㄜˇ　ㄐㄧㄡˋ　ㄌㄧㄠˊ,,,,,非主條成語
4537,不可擢髮,ㄅㄨˋ　ㄎㄜˇ　ㄓㄨㄛˊ　ㄈㄚˇ,,,,,非主條成語
4538,不共天地,ㄅㄨˋ　ㄍㄨㄥˋ　ㄊㄧㄢ　ㄉㄧˋ　（變）　ㄅㄨˊ　ㄍㄨㄥˋ　ㄊㄧㄢ　ㄉㄧˋ,,,,,非主條成語
4539,不同日月,ㄅㄨˋ　ㄊㄨㄥˊ　ㄖˋ　ㄩㄝˋ,,,,,非主條成語
4540,不見書傳,ㄅㄨˋ　ㄐㄧㄢˋ　ㄕㄨ　ㄓㄨㄢˋ　（變）　ㄅㄨˊ　ㄐㄧㄢˋ　ㄕㄨ　ㄓㄨㄢˋ,,,,,非主條成語
4541,不直一文,ㄅㄨˋ　ㄓˊ　ㄧ　ㄨㄣˊ　（變）　ㄅㄨˋ　ㄓˊ　ㄧˋ　ㄨㄣˊ,,,,,非主條成語
4542,不為凡響,ㄅㄨˋ　ㄨㄟˊ　ㄈㄢˊ　ㄒㄧㄤˇ,,,,,非主條成語
4543,不值半文,ㄅㄨˋ　ㄓˊ　ㄅㄢˋ　ㄨㄣˊ,,,,,非主條成語
4544,不動聲氣,ㄅㄨˋ　ㄉㄨㄥˋ　ㄕㄥ　ㄑㄧˋ　（變）　ㄅㄨˊ　ㄉㄨㄥˋ　ㄕㄥ　ㄑㄧˋ,,,,,非主條成語
4545,不脩邊幅,ㄅㄨˋ　ㄒㄧㄡ　ㄅㄧㄢ　ㄈㄨˊ,,,,,非主條成語
4546,不暇思索,ㄅㄨˋ　ㄒㄧㄚˊ　ㄙ　ㄙㄨㄛˇ,,,,,非主條成語
4547,不學亡術,ㄅㄨˋ　ㄒㄩㄝˊ　ㄨˊ　ㄕㄨˋ,,,,,非主條成語
4548,不辨菽粟,ㄅㄨˋ　ㄅㄧㄢˋ　ㄕㄨˊ　ㄙㄨˋ　（變）　ㄅㄨˊ　ㄅㄧㄢˋ　ㄕㄨˊ　ㄙㄨˋ,,,,,非主條成語
4549,不辯菽麥,ㄅㄨˋ　ㄅㄧㄢˋ　ㄕㄨˊ　ㄇㄞˋ　（變）　ㄅㄨˊ　ㄅㄧㄢˋ　ㄕㄨˊ　ㄇㄞˋ,,,,,非主條成語
4550,中乾外強,ㄓㄨㄥ　ㄍㄢ　ㄨㄞˋ　ㄑㄧㄤˊ,,,,,非主條成語
4551,予奪生殺,ㄩˇ　ㄉㄨㄛˊ　ㄕㄥ　ㄕㄚ,,,,,非主條成語
4552,井底蝦蟆,ㄐㄧㄥˇ　ㄉㄧˇ　ㄏㄚˊ　ㄇㄚˊ,,,,,非主條成語
4553,井然不紊,ㄐㄧㄥˇ　ㄖㄢˊ　ㄅㄨˋ　ㄨㄣˋ　（變）　ㄐㄧㄥˇ　ㄖㄢˊ　ㄅㄨˊ　ㄨㄣˋ,,,,,非主條成語
4554,五日尹京,ㄨˇ　ㄖˋ　ㄧㄣˇ　ㄐㄧㄥ,,,,,非主條成語
4555,分文不直,ㄈㄣ　ㄨㄣˊ　ㄅㄨˋ　ㄓˊ,,,,,非主條成語
4556,分廷抗禮,ㄈㄣ　ㄊㄧㄥˊ　ㄎㄤˋ　ㄌㄧˇ,,,,,非主條成語
4557,分毫不直,ㄈㄣ　ㄏㄠˊ　ㄅㄨˋ　ㄓˊ,,,,,非主條成語
4558,切瑳琢磨,ㄑㄧㄝˋ　ㄘㄨㄛ　ㄓㄨㄛˊ　ㄇㄛˊ,,,,,非主條成語
4559,化險為平,ㄏㄨㄚˋ　ㄒㄧㄢˇ　ㄨㄟˊ　ㄆㄧㄥˊ,,,,,非主條成語
4560,反覆不常,ㄈㄢˇ　ㄈㄨˋ　ㄅㄨˋ　ㄔㄤˊ,,,,,非主條成語
4561,天地誅戮,ㄊㄧㄢ　ㄉㄧˋ　ㄓㄨ　ㄌㄨˋ,,,,,非主條成語
4562,天花墜地,ㄊㄧㄢ　ㄏㄨㄚ　ㄓㄨㄟˋ　ㄉㄧˋ,,,,,非主條成語
4563,太山壓卵,ㄊㄞˋ　ㄕㄢ　ㄧㄚ　ㄌㄨㄢˇ,,,,,非主條成語
4564,心正氣和,ㄒㄧㄣ　ㄓㄥˋ　ㄑㄧˋ　ㄏㄜˊ,,,,,非主條成語
4565,心如刀剉,ㄒㄧㄣ　ㄖㄨˊ　ㄉㄠ　ㄘㄨㄛˋ,,,,,非主條成語
4566,心迴意轉,ㄒㄧㄣ　ㄏㄨㄟˊ　ㄧˋ　ㄓㄨㄢˇ,,,,,非主條成語
4567,心?意馬,ㄒㄧㄣ　ㄩㄢˊ　ㄧˋ　ㄇㄚˇ,,,,,非主條成語
4568,日坐針氈,ㄖˋ　ㄗㄨㄛˋ　ㄓㄣ　ㄓㄢ,,,,,非主條成語
4569,毛髮為聳,ㄇㄠˊ　ㄈㄚˇ　ㄨㄟˊ　ㄙㄨㄥˇ,,,,,非主條成語
4570,水火深熱,ㄕㄨㄟˇ　ㄏㄨㄛˇ　ㄕㄣ　ㄖㄜˋ,,,,,非主條成語
4571,水乳相資,ㄕㄨㄟˇ　ㄖㄨˇ　ㄒㄧㄤ　ㄗ,,,,,非主條成語
4572,水流花落,ㄕㄨㄟˇ　ㄌㄧㄡˊ　ㄏㄨㄚ　ㄌㄨㄛˋ,,,,,非主條成語
4573,以咽廢飧,ㄧˇ　ㄧㄝˋ　ㄈㄟˋ　ㄙㄨㄣ,,,,,非主條成語
4574,以桃代李,ㄧˇ　ㄊㄠˊ　ㄉㄞˋ　ㄌㄧˇ,,,,,非主條成語
4575,付諸一炬,ㄈㄨˋ　ㄓㄨ　ㄧ　ㄐㄩˋ　（變）　ㄈㄨˋ　ㄓㄨ　ㄧˊ　ㄐㄩˋ,,,,,非主條成語
4576,功墮垂成,ㄍㄨㄥ　ㄏㄨㄟ　ㄔㄨㄟˊ　ㄔㄥˊ,,,,,非主條成語
4577,包藏姦心,ㄅㄠ　ㄘㄤˊ　ㄐㄧㄢ　ㄒㄧㄣ,,,,,非主條成語
4578,包藏逆心,ㄅㄠ　ㄘㄤˊ　ㄋㄧˋ　ㄒㄧㄣ,,,,,非主條成語
4579,包羅萬彙,ㄅㄠ　ㄌㄨㄛˊ　ㄨㄢˋ　ㄏㄨㄟˋ,,,,,非主條成語
4580,另眼看覷,ㄌㄧㄥˋ　ㄧㄢˇ　ㄎㄢˋ　ㄑㄩˋ,,,,,非主條成語
4581,失交臂,ㄕ　ㄐㄧㄠ　ㄅㄧˋ,,,,,非主條成語
4582,巧言善色,ㄑㄧㄠˇ　ㄧㄢˊ　ㄕㄢˋ　ㄙㄜˋ,,,,,非主條成語
4583,未識一丁,ㄨㄟˋ　ㄕˋ　ㄧ　ㄉㄧㄥ　（變）　ㄨㄟˋ　ㄕˋ　ㄧˋ　ㄉㄧㄥ,,,,,非主條成語
4584,玉石俱燼,ㄩˋ　ㄕˊ　ㄐㄩˋ　ㄐㄧㄣˋ,,,,,非主條成語
4585,瓦釜鳴雷,ㄨㄚˇ　ㄈㄨˇ　ㄇㄧㄥˊ　ㄌㄟˊ,,,,,非主條成語
4586,生死與奪,ㄕㄥ　ㄙˇ　ㄩˇ　ㄉㄨㄛˊ,,,,,非主條成語
4587,石填大海,ㄕˊ　ㄊㄧㄢˊ　ㄉㄚˋ　ㄏㄞˇ,,,,,非主條成語
4588,石爛松枯,ㄕˊ　ㄌㄢˋ　ㄙㄨㄥ　ㄎㄨ,,,,,非主條成語
4589,亥豕帝虎,ㄏㄞˋ　ㄕˇ　ㄉㄧˋ　ㄏㄨˇ,,,,,非主條成語
4590,亥豕魚魯,ㄏㄞˋ　ㄕˇ　ㄩˊ　ㄌㄨˇ,,,,,非主條成語
4591,休慼是同,ㄒㄧㄡ　ㄑㄧ　ㄕˋ　ㄊㄨㄥˊ,,,,,非主條成語
4592,伏櫪驥,ㄈㄨˊ　ㄌㄧˋ　ㄐㄧˋ,,,,,非主條成語
4593,列鼎鳴鐘,ㄌㄧㄝˋ　ㄉㄧㄥˇ　ㄇㄧㄥˊ　ㄓㄨㄥ,,,,,非主條成語
4594,列鼎撞鍾,ㄌㄧㄝˋ　ㄉㄧㄥˇ　ㄓㄨㄤˋ　ㄓㄨㄥ,,,,,非主條成語
4595,危如壘卵,ㄨㄟˊ　ㄖㄨˊ　ㄌㄟˇ　ㄌㄨㄢˇ,,,,,非主條成語
4596,危猶累卵,ㄨㄟˊ　ㄧㄡˊ　ㄌㄟˇ　ㄌㄨㄢˇ,,,,,非主條成語
4597,同船濟水,ㄊㄨㄥˊ　ㄔㄨㄢˊ　ㄐㄧˋ　ㄕㄨㄟˇ,,,,,非主條成語
4598,同歸殊塗,ㄊㄨㄥˊ　ㄍㄨㄟ　ㄕㄨ　ㄊㄨˊ,,,,,非主條成語
4599,吊虎離山,ㄉㄧㄠˋ　ㄏㄨˇ　ㄌㄧˊ　ㄕㄢ,,,,,非主條成語
4600,向若之歎,ㄒㄧㄤˋ　ㄖㄨㄛˋ　ㄓ　ㄊㄢˋ,,,,,非主條成語
4601,因咽去食,ㄧㄣ　ㄧㄝˋ　ㄑㄩˋ　ㄕˊ,,,,,非主條成語
4602,回心改念,ㄏㄨㄟˊ　ㄒㄧㄣ　ㄍㄞˇ　ㄋㄧㄢˋ,,,,,非主條成語
4603,夙夜不解,ㄙㄨˋ　ㄧㄝˋ　ㄅㄨˋ　ㄒㄧㄝˋ　（變）　ㄙㄨˋ　ㄧㄝˋ　ㄅㄨˊ　ㄒㄧㄝˋ,,,,,非主條成語
4604,多岐亡羊,ㄉㄨㄛ　ㄑㄧˊ　ㄨㄤˊ　ㄧㄤˊ,,,,,非主條成語
4605,好事多魔,ㄏㄠˇ　ㄕˋ　ㄉㄨㄛ　ㄇㄛˊ,,,,,非主條成語
4606,好高務遠,ㄏㄠˋ　ㄍㄠ　ㄨˋ　ㄩㄢˇ,,,,,非主條成語
4607,如繭自纏,ㄖㄨˊ　ㄐㄧㄢˇ　ㄗˋ　ㄔㄢˊ,,,,,非主條成語
4608,守株伺兔,ㄕㄡˇ　ㄓㄨ　ㄙˋ　ㄊㄨˋ,,,,,非主條成語
4609,安分潔己,ㄢ　ㄈㄣˋ　ㄐㄧㄝˊ　ㄐㄧˇ,,,,,非主條成語
4610,安貧守道,ㄢ　ㄆㄧㄣˊ　ㄕㄡˇ　ㄉㄠˋ,,,,,非主條成語
4611,有名亡實,ㄧㄡˇ　ㄇㄧㄥˊ　ㄨˊ　ㄕˊ,,,,,非主條成語
4612,有眼共見,ㄧㄡˇ　ㄧㄢˇ　ㄍㄨㄥˋ　ㄐㄧㄢˋ,,,,,非主條成語
4613,死心倒地,ㄙˇ　ㄒㄧㄣ　ㄉㄠˇ　ㄉㄧˋ,,,,,非主條成語
4614,死心榻地,ㄙˇ　ㄒㄧㄣ　ㄊㄚˋ　ㄉㄧˋ,,,,,非主條成語
4615,死灰復燎,ㄙˇ　ㄏㄨㄟ　ㄈㄨˋ　ㄌㄧㄠˊ,,,,,非主條成語
4616,江淹夢筆,ㄐㄧㄤ　ㄧㄢ　ㄇㄥˋ　ㄅㄧˇ,,,,,非主條成語
4617,百步五十步之間,ㄅㄞˇ　ㄅㄨˋ　ㄨˇ　ㄕˊ　ㄅㄨˋ　ㄓ　ㄐㄧㄢ,,,,,非主條成語
4618,百結懸鶉,ㄅㄞˇ　ㄐㄧㄝˊ　ㄒㄩㄢˊ　ㄔㄨㄣˊ,,,,,非主條成語
4619,老姦大猾,ㄌㄠˇ　ㄐㄧㄢ　ㄉㄚˋ　ㄏㄨㄚˊ,,,,,非主條成語
4620,老姦巨猾,ㄌㄠˇ　ㄐㄧㄢ　ㄐㄩˋ　ㄏㄨㄚˊ,,,,,非主條成語
4621,老馬識塗,ㄌㄠˇ　ㄇㄚˇ　ㄕˋ　ㄊㄨˊ,,,,,非主條成語
4622,耳目新,ㄦˇ　ㄇㄨˋ　ㄒㄧㄣ,,,,,非主條成語
4623,肉圃酒池,ㄖㄡˋ　ㄆㄨˇ　ㄐㄧㄡˇ　ㄔˊ,,,,,非主條成語
4624,自彊不息,ㄗˋ　ㄑㄧㄤˊ　ㄅㄨˋ　ㄒㄧˊ,,,,,非主條成語
4625,至言不繁,ㄓˋ　ㄧㄢˊ　ㄅㄨˋ　ㄈㄢˊ,,,,,非主條成語
4626,行尸坐肉,ㄒㄧㄥˊ　ㄕ　ㄗㄨㄛˋ　ㄖㄡˋ,,,,,非主條成語
4627,行尸走骨,ㄒㄧㄥˊ　ㄕ　ㄗㄡˇ　ㄍㄨˇ,,,,,非主條成語
4628,行屍視肉,ㄒㄧㄥˊ　ㄕ　ㄕˋ　ㄖㄡˋ,,,,,非主條成語
4629,作繭自纏裹,ㄗㄨㄛˋ　ㄐㄧㄢˇ　ㄗˋ　ㄔㄢˊ　ㄍㄨㄛˇ,,,,,非主條成語
4630,兵慌馬亂,ㄅㄧㄥ　ㄏㄨㄤ　ㄇㄚˇ　ㄌㄨㄢˋ,,,,,非主條成語
4631,冷眼傍觀,ㄌㄥˇ　ㄧㄢˇ　ㄆㄤˊ　ㄍㄨㄢ,,,,,非主條成語
4632,冷嘲閑諷,ㄌㄥˇ　ㄔㄠˊ　ㄒㄧㄢˊ　ㄈㄥˋ,,,,,非主條成語
4633,冷嘲熱謔,ㄌㄥˇ　ㄔㄠˊ　ㄖㄜˋ　ㄋㄩㄝˋ,,,,,非主條成語
4634,冷譏熱諷,ㄌㄥˇ　ㄐㄧ　ㄖㄜˋ　ㄈㄥˋ,,,,,非主條成語
4635,別出新裁,ㄅㄧㄝˊ　ㄔㄨ　ㄒㄧㄣ　ㄘㄞˊ,,,,,非主條成語
4636,利以昏智,ㄌㄧˋ　ㄧˇ　ㄏㄨㄣ　ㄓˋ,,,,,非主條成語
4637,否往泰來,ㄆㄧˇ　ㄨㄤˇ　ㄊㄞˋ　ㄌㄞˊ,,,,,非主條成語
4638,呆似木雞,ㄉㄞ　ㄙˋ　ㄇㄨˋ　ㄐㄧ,,,,,非主條成語
4639,吹毛取瑕,ㄔㄨㄟ　ㄇㄠˊ　ㄑㄩˇ　ㄒㄧㄚˊ,,,,,非主條成語
4640,困獸思鬥,ㄎㄨㄣˋ　ㄕㄡˋ　ㄙ　ㄉㄡˋ,,,,,非主條成語
4641,坐而待弊,ㄗㄨㄛˋ　ㄦˊ　ㄉㄞˋ　ㄅㄧˋ,,,,,非主條成語
4642,壯志淩雲,ㄓㄨㄤˋ　ㄓˋ　ㄌㄧㄥˊ　ㄩㄣˊ,,,,,非主條成語
4643,妝喬作勢,ㄓㄨㄤ　ㄑㄧㄠˊ　ㄗㄨㄛˋ　ㄕˋ,,,,,非主條成語
4644,妝腔作勢,ㄓㄨㄤ　ㄑㄧㄤ　ㄗㄨㄛˋ　ㄕˋ,,,,,非主條成語
4645,妝麼做勢,ㄓㄨㄤ　ㄇㄛˊ　ㄗㄨㄛˋ　ㄕˋ,,,,,非主條成語
4646,妝模作樣,ㄓㄨㄤ　ㄇㄛˊ　ㄗㄨㄛˋ　ㄧㄤˋ,,,,,非主條成語
4647,妝模做樣,ㄓㄨㄤ　ㄇㄛˊ　ㄗㄨㄛˋ　ㄧㄤˋ,,,,,非主條成語
4648,妙策神機,ㄇㄧㄠˋ　ㄘㄜˋ　ㄕㄣˊ　ㄐㄧ,,,,,非主條成語
4649,妙算神機,ㄇㄧㄠˋ　ㄙㄨㄢˋ　ㄕㄣˊ　ㄐㄧ,,,,,非主條成語
4650,弄巧反拙,ㄋㄨㄥˋ　ㄑㄧㄠˇ　ㄈㄢˇ　ㄓㄨㄛˊ,,,,,非主條成語
4651,弄巧翻拙,ㄋㄨㄥˋ　ㄑㄧㄠˇ　ㄈㄢ　ㄓㄨㄛˊ,,,,,非主條成語
4652,形不離影,ㄒㄧㄥˊ　ㄅㄨˋ　ㄌㄧˊ　ㄧㄥˇ,,,,,非主條成語
4653,形孤影孑,ㄒㄧㄥˊ　ㄍㄨ　ㄧㄥˇ　ㄐㄧㄝˊ,,,,,非主條成語
4654,形孤影隻,ㄒㄧㄥˊ　ㄍㄨ　ㄧㄥˇ　ㄓ,,,,,非主條成語
4655,忘年交誼,ㄨㄤˋ　ㄋㄧㄢˊ　ㄐㄧㄠ　ㄧˋ,,,,,非主條成語
4656,快刀斷亂麻,ㄎㄨㄞˋ　ㄉㄠ　ㄉㄨㄢˋ　ㄌㄨㄢˋ　ㄇㄚˊ,,,,,非主條成語
4657,折衝俎豆,ㄓㄜˊ　ㄔㄨㄥ　ㄗㄨˇ　ㄉㄡˋ,,,,,非主條成語
4658,折衝?俎,ㄓㄜˊ　ㄔㄨㄥ　ㄗㄨㄣ　ㄗㄨˇ,,,,,非主條成語
4659,投石填海,ㄊㄡˊ　ㄕˊ　ㄊㄧㄢˊ　ㄏㄞˇ,,,,,非主條成語
4660,改過從新,ㄍㄞˇ　ㄍㄨㄛˋ　ㄘㄨㄥˊ　ㄒㄧㄣ,,,,,非主條成語
4661,改調解張,ㄍㄞˇ　ㄉㄧㄠˋ　ㄐㄧㄝˇ　ㄓㄤ,,,,,非主條成語
4662,李代桃殭,ㄌㄧˇ　ㄉㄞˋ　ㄊㄠˊ　ㄐㄧㄤ,,,,,非主條成語
4663,李代僵桃,ㄌㄧˇ　ㄉㄞˋ　ㄐㄧㄤ　ㄊㄠˊ,,,,,非主條成語
4664,杞國之憂,ㄑㄧˇ　ㄍㄨㄛˊ　ㄓ　ㄧㄡ,,,,,非主條成語
4665,步邯鄲,ㄅㄨˋ　ㄏㄢˊ　ㄉㄢ,,,,,非主條成語
4666,沉魚落鴈,ㄔㄣˊ　ㄩˊ　ㄌㄨㄛˋ　ㄧㄢˋ,,,,,非主條成語
4667,肝心塗地,ㄍㄢ　ㄒㄧㄣ　ㄊㄨˊ　ㄉㄧˋ,,,,,非主條成語
4668,芒刺在躬,ㄇㄤˊ　ㄘˋ　ㄗㄞˋ　ㄍㄨㄥ,,,,,非主條成語
4669,言簡意該,ㄧㄢˊ　ㄐㄧㄢˇ　ㄧˋ　ㄍㄞ,,,,,非主條成語
4670,走頭沒路,ㄗㄡˇ　ㄊㄡˊ　ㄇㄟˊ　ㄌㄨˋ,,,,,非主條成語
4671,里談巷議,ㄌㄧˇ　ㄊㄢˊ　ㄒㄧㄤˋ　ㄧˋ,,,,,非主條成語
4672,並作威福,ㄅㄧㄥˋ　ㄗㄨㄛˋ　ㄨㄟ　ㄈㄨˊ,,,,,非主條成語
4673,事半功百,ㄕˋ　ㄅㄢˋ　ㄍㄨㄥ　ㄅㄞˇ,,,,,非主條成語
4674,依人藩籬,ㄧ　ㄖㄣˊ　ㄈㄢˊ　ㄌㄧˊ,,,,,非主條成語
4675,依本葫蘆,ㄧ　ㄅㄣˇ　ㄏㄨˊ　ㄌㄨˊ,,,,,非主條成語
4676,坦東床腹,ㄊㄢˇ　ㄉㄨㄥ　ㄔㄨㄤˊ　ㄈㄨˋ,,,,,非主條成語
4677,披肝掛膽,ㄆㄧ　ㄍㄢ　ㄍㄨㄚˋ　ㄉㄢˇ,,,,,非主條成語
4678,披瀝肝膈,ㄆㄧ　ㄌㄧˋ　ㄍㄢ　ㄍㄜˊ,,,,,非主條成語
4679,披瀝肝膽,ㄆㄧ　ㄌㄧˋ　ㄍㄢ　ㄉㄢˇ,,,,,非主條成語
4680,放浪無羈,ㄈㄤˋ　ㄌㄤˋ　ㄨˊ　ㄐㄧ,,,,,非主條成語
4681,易韋三絕,ㄧˋ　ㄨㄟˊ　ㄙㄢ　ㄐㄩㄝˊ,,,,,非主條成語
4682,明珠夜投,ㄇㄧㄥˊ　ㄓㄨ　ㄧㄝˋ　ㄊㄡˊ,,,,,非主條成語
4683,朋比作仇,ㄆㄥˊ　ㄅㄧˋ　ㄗㄨㄛˋ　ㄔㄡˊ,,,,,非主條成語
4684,東床客,ㄉㄨㄥ　ㄔㄨㄤˊ　ㄎㄜˋ,,,,,非主條成語
4685,枉使心機,ㄨㄤˇ　ㄕˇ　ㄒㄧㄣ　ㄐㄧ,,,,,非主條成語
4686,枉轡學步,ㄨㄤˇ　ㄆㄟˋ　ㄒㄩㄝˊ　ㄅㄨˋ,,,,,非主條成語
4687,波平風靜,ㄅㄛ　ㄆㄧㄥˊ　ㄈㄥ　ㄐㄧㄥˋ,,,,,非主條成語
4688,沫相濡,ㄇㄛˋ　ㄒㄧㄤ　ㄖㄨˊ,,,,,非主條成語
4689,法無二門,ㄈㄚˇ　ㄨˊ　ㄦˋ　ㄇㄣˊ,,,,,非主條成語
4690,空谷跫然,ㄎㄨㄥ　ㄍㄨˇ　ㄑㄩㄥˊ　ㄖㄢˊ,,,,,非主條成語
4691,花唇巧舌,ㄏㄨㄚ　ㄔㄨㄣˊ　ㄑㄧㄠˇ　ㄕㄜˊ,,,,,非主條成語
4692,迎刃以解,ㄧㄥˊ　ㄖㄣˋ　ㄧˇ　ㄐㄧㄝˇ,,,,,非主條成語
4693,金戈鐵甲,ㄐㄧㄣ　ㄍㄜ　ㄊㄧㄝˇ　ㄐㄧㄚˇ,,,,,非主條成語
4694,金戈鐵騎,ㄐㄧㄣ　ㄍㄜ　ㄊㄧㄝˇ　ㄐㄧˋ,,,,,非主條成語
4695,金玉其外，敗絮其內,ㄐㄧㄣ　ㄩˋ　ㄑㄧˊ　ㄨㄞˋ　ㄅㄞˋ　ㄒㄩˋ　ㄑㄧˊ　ㄋㄟˋ,,,,,非主條成語
4696,非馬非驢,ㄈㄟ　ㄇㄚˇ　ㄈㄟ　ㄌㄩˊ,,,,,非主條成語
4697,邯鄲之步,ㄏㄢˊ　ㄉㄢ　ㄓ　ㄅㄨˋ,,,,,非主條成語
4698,邯鄲匍匐,ㄏㄢˊ　ㄉㄢ　ㄆㄨˊ　ㄈㄨˊ,,,,,非主條成語
4699,邯鄲故步,ㄏㄢˊ　ㄉㄢ　ㄍㄨˋ　ㄅㄨˋ,,,,,非主條成語
4700,信不由中,ㄒㄧㄣˋ　ㄅㄨˋ　ㄧㄡˊ　ㄓㄨㄥ,,,,,非主條成語
4701,保殘守闕,ㄅㄠˇ　ㄘㄢˊ　ㄕㄡˇ　ㄑㄩㄝ,,,,,非主條成語
4702,係風捕景,ㄒㄧˋ　ㄈㄥ　ㄅㄨˇ　ㄧㄥˇ,,,,,非主條成語
4703,冠絕前後,ㄍㄨㄢˋ　ㄐㄩㄝˊ　ㄑㄧㄢˊ　ㄏㄡˋ,,,,,非主條成語
4704,前功必棄,ㄑㄧㄢˊ　ㄍㄨㄥ　ㄅㄧˋ　ㄑㄧˋ,,,,,非主條成語
4705,前功併棄,ㄑㄧㄢˊ　ㄍㄨㄥ　ㄅㄧㄥˋ　ㄑㄧˋ,,,,,非主條成語
4706,咬牙恨齒,ㄧㄠˇ　ㄧㄚˊ　ㄏㄣˋ　ㄔˇ,,,,,非主條成語
4707,垂首喪氣,ㄔㄨㄟˊ　ㄕㄡˇ　ㄙㄤˋ　ㄑㄧˋ,,,,,非主條成語
4708,屋下作屋,ㄨ　ㄒㄧㄚˋ　ㄗㄨㄛˋ　ㄨ,,,,,非主條成語
4709,屋烏推愛,ㄨ　ㄨ　ㄊㄨㄟ　ㄞˋ,,,,,非主條成語
4710,帝女填海,ㄉㄧˋ　ㄋㄩˇ　ㄊㄧㄢˊ　ㄏㄞˇ,,,,,非主條成語
4711,後來之雋,ㄏㄡˋ　ㄌㄞˊ　ㄓ　ㄐㄩㄣˋ,,,,,非主條成語
4712,怒髮沖冠,ㄋㄨˋ　ㄈㄚˇ　ㄔㄨㄥ　ㄍㄨㄢ,,,,,非主條成語
4713,怨囂載道,ㄩㄢˋ　ㄒㄧㄠ　ㄗㄞˋ　ㄉㄠˋ,,,,,非主條成語
4714,恍然始悟,ㄏㄨㄤˇ　ㄖㄢˊ　ㄕˇ　ㄨˋ,,,,,非主條成語
4715,既往不究,ㄐㄧˋ　ㄨㄤˇ　ㄅㄨˋ　ㄐㄧㄡˋ　（變）　ㄐㄧˋ　ㄨㄤˇ　ㄅㄨˊ　ㄐㄧㄡˋ,,,,,非主條成語
4716,流言飛語,ㄌㄧㄡˊ　ㄧㄢˊ　ㄈㄟ　ㄩˇ,,,,,非主條成語
4717,洽背汗流,ㄒㄧㄚˊ　ㄅㄟˋ　ㄏㄢˋ　ㄌㄧㄡˊ,,,,,非主條成語
4718,畏頭畏尾,ㄨㄟˋ　ㄊㄡˊ　ㄨㄟˋ　ㄨㄟˇ,,,,,非主條成語
4719,相得益章,ㄒㄧㄤ　ㄉㄜˊ　ㄧˋ　ㄓㄤ,,,,,非主條成語
4720,相遇如賓,ㄒㄧㄤ　ㄩˋ　ㄖㄨˊ　ㄅㄧㄣ,,,,,非主條成語
4721,背水陳,ㄅㄟˋ　ㄕㄨㄟˇ　ㄓㄣˋ,,,,,非主條成語
4722,背車而馳,ㄅㄟˋ　ㄔㄜ　ㄦˊ　ㄔˊ,,,,,非主條成語
4723,胡作亂為,ㄏㄨˊ　ㄗㄨㄛˋ　ㄌㄨㄢˋ　ㄨㄟˊ,,,,,非主條成語
4724,迥然不侔,ㄐㄩㄥˇ　ㄖㄢˊ　ㄅㄨˋ　ㄇㄡˊ,,,,,非主條成語
4725,面紅面赤,ㄇㄧㄢˋ　ㄏㄨㄥˊ　ㄇㄧㄢˋ　ㄔˋ,,,,,非主條成語
4726,面能乾唾,ㄇㄧㄢˋ　ㄋㄥˊ　ㄍㄢ　ㄊㄨㄛˋ,,,,,非主條成語
4727,韋三絕,ㄨㄟˊ　ㄙㄢ　ㄐㄩㄝˊ,,,,,非主條成語
4728,韋編絕,ㄨㄟˊ　ㄅㄧㄢ　ㄐㄩㄝˊ,,,,,非主條成語
4729,風光月霽,ㄈㄥ　ㄍㄨㄤ　ㄩㄝˋ　ㄐㄧˋ,,,,,非主條成語
4730,風雨漂搖,ㄈㄥ　ㄩˇ　ㄆㄧㄠ　ㄧㄠˊ,,,,,非主條成語
4731,風雨飄颻,ㄈㄥ　ㄩˇ　ㄆㄧㄠ　ㄧㄠˊ,,,,,非主條成語
4732,風馬牛不相干,ㄈㄥ　ㄇㄚˇ　ㄋㄧㄡˊ　ㄅㄨˋ　ㄒㄧㄤ　ㄍㄢ,,,,,非主條成語
4733,風雲叱?,ㄈㄥ　ㄩㄣˊ　ㄔˋ　ㄓㄚˋ,,,,,非主條成語
4734,倚馬才高,ㄧˇ　ㄇㄚˇ　ㄘㄞˊ　ㄍㄠ,,,,,非主條成語
4735,倚馬雄才,ㄧˇ　ㄇㄚˇ　ㄒㄩㄥˊ　ㄘㄞˊ,,,,,非主條成語
4736,倒屣迎之,ㄉㄠˋ　ㄒㄧˇ　ㄧㄥˊ　ㄓ,,,,,非主條成語
4737,冤禽銜石,ㄩㄢ　ㄑㄧㄣˊ　ㄒㄧㄢˊ　ㄕˊ,,,,,非主條成語
4738,剛愎自任,ㄍㄤ　ㄅㄧˋ　ㄗˋ　ㄖㄣˋ,,,,,非主條成語
4739,原璧歸趙,ㄩㄢˊ　ㄅㄧˋ　ㄍㄨㄟ　ㄓㄠˋ,,,,,非主條成語
4740,孫山之外,ㄙㄨㄣ　ㄕㄢ　ㄓ　ㄨㄞˋ,,,,,非主條成語
4741,家諭戶曉,ㄐㄧㄚ　ㄩˋ　ㄏㄨˋ　ㄒㄧㄠˇ,,,,,非主條成語
4742,席不及煖,ㄒㄧˊ　ㄅㄨˋ　ㄐㄧˊ　ㄋㄨㄢˇ,,,,,非主條成語
4743,席不暇煖,ㄒㄧˊ　ㄅㄨˋ　ㄒㄧㄚˊ　ㄋㄨㄢˇ,,,,,非主條成語
4744,息事甯人,ㄒㄧˊ　ㄕˋ　ㄋㄧㄥˊ　ㄖㄣˊ,,,,,非主條成語
4745,悚若木雞,ㄙㄨㄥˇ　ㄖㄨㄛˋ　ㄇㄨˋ　ㄐㄧ,,,,,非主條成語
4746,悚然生敬,ㄙㄨㄥˇ　ㄖㄢˊ　ㄕㄥ　ㄐㄧㄥˋ,,,,,非主條成語
4747,悚然起敬,ㄙㄨㄥˇ　ㄖㄢˊ　ㄑㄧˇ　ㄐㄧㄥˋ,,,,,非主條成語
4748,捕風繫影,ㄅㄨˇ　ㄈㄥ　ㄒㄧˋ　ㄧㄥˇ,,,,,非主條成語
4749,捕影繫風,ㄅㄨˇ　ㄧㄥˇ　ㄒㄧˋ　ㄈㄥ,,,,,非主條成語
4750,捉李代桃,ㄓㄨㄛ　ㄌㄧˇ　ㄉㄞˋ　ㄊㄠˊ,,,,,非主條成語
4751,捉風捕影,ㄓㄨㄛ　ㄈㄥ　ㄅㄨˇ　ㄧㄥˇ,,,,,非主條成語
4752,捉襟露肘,ㄓㄨㄛ　ㄐㄧㄣ　ㄌㄨˋ　ㄓㄡˇ,,,,,非主條成語
4753,根深蔕固,ㄍㄣ　ㄕㄣ　ㄉㄧˋ　ㄍㄨˋ,,,,,非主條成語
4754,桂薪玉粒,ㄍㄨㄟˋ　ㄒㄧㄣ　ㄩˋ　ㄌㄧˋ,,,,,非主條成語
4755,桃來李答,ㄊㄠˊ　ㄌㄞˊ　ㄌㄧˇ　ㄉㄚˊ,,,,,非主條成語
4756,殊塗一致,ㄕㄨ　ㄊㄨˊ　ㄧ　ㄓˋ　（變）　ㄕㄨ　ㄊㄨˊ　ㄧˊ　ㄓˋ,,,,,非主條成語
4757,殊塗同致,ㄕㄨ　ㄊㄨˊ　ㄊㄨㄥˊ　ㄓˋ,,,,,非主條成語
4758,殊塗同會,ㄕㄨ　ㄊㄨˊ　ㄊㄨㄥˊ　ㄏㄨㄟˋ,,,,,非主條成語
4759,氣憤填胸,ㄑㄧˋ　ㄈㄣˋ　ㄊㄧㄢˊ　ㄒㄩㄥ,,,,,非主條成語
4760,涇渭自分,ㄐㄧㄥ　ㄨㄟˋ　ㄗˋ　ㄈㄣ,,,,,非主條成語
4761,涇渭自明,ㄐㄧㄥ　ㄨㄟˋ　ㄗˋ　ㄇㄧㄥˊ,,,,,非主條成語
4762,涇渭斯明,ㄐㄧㄥ　ㄨㄟˋ　ㄙ　ㄇㄧㄥˊ,,,,,非主條成語
4763,海乾石爛,ㄏㄞˇ　ㄍㄢ　ㄕˊ　ㄌㄢˋ,,,,,非主條成語
4764,浮光略影,ㄈㄨˊ　ㄍㄨㄤ　ㄌㄩㄝˋ　ㄧㄥˇ,,,,,非主條成語
4765,狼籍盃盤,ㄌㄤˊ　ㄐㄧˊ　ㄅㄟ　ㄆㄢˊ,,,,,非主條成語
4766,疾者先登,ㄐㄧˊ　ㄓㄜˇ　ㄒㄧㄢ　ㄉㄥ,,,,,非主條成語
4767,病在膏髓,ㄅㄧㄥˋ　ㄗㄞˋ　ㄍㄠ　ㄙㄨㄟˇ,,,,,非主條成語
4768,疲於應命,ㄆㄧˊ　ㄩˊ　ㄧㄥˋ　ㄇㄧㄥˋ,,,,,非主條成語
4769,神出而鬼行,ㄕㄣˊ　ㄔㄨ　ㄦˊ　ㄍㄨㄟˇ　ㄒㄧㄥˊ,,,,,非主條成語
4770,素餐尸位,ㄙㄨˋ　ㄘㄢ　ㄕ　ㄨㄟˋ,,,,,非主條成語
4771,紙上譚兵,ㄓˇ　ㄕㄤˋ　ㄊㄢˊ　ㄅㄧㄥ,,,,,非主條成語
4772,耿耿丹心,ㄍㄥˇ　ㄍㄥˇ　ㄉㄢ　ㄒㄧㄣ,,,,,非主條成語
4773,袁宏倚馬,ㄩㄢˊ　ㄏㄨㄥˊ　ㄧˇ　ㄇㄚˇ,,,,,非主條成語
4774,託公報私,ㄊㄨㄛ　ㄍㄨㄥ　ㄅㄠˋ　ㄙ,,,,,非主條成語
4775,豺狼塞路,ㄔㄞˊ　ㄌㄤˊ　ㄙㄜˋ　ㄌㄨˋ,,,,,非主條成語
4776,豺狼橫道,ㄔㄞˊ　ㄌㄤˊ　ㄏㄥˊ　ㄉㄠˋ,,,,,非主條成語
4777,起死迴生,ㄑㄧˇ　ㄙˇ　ㄏㄨㄟˊ　ㄕㄥ,,,,,非主條成語
4778,迴山倒海,ㄏㄨㄟˊ　ㄕㄢ　ㄉㄠˇ　ㄏㄞˇ,,,,,非主條成語
4779,迴山轉海,ㄏㄨㄟˊ　ㄕㄢ　ㄓㄨㄢˇ　ㄏㄞˇ,,,,,非主條成語
4780,迴喪起死,ㄏㄨㄟˊ　ㄙㄤ　ㄑㄧˇ　ㄙˇ,,,,,非主條成語
4781,酒海花天,ㄐㄧㄡˇ　ㄏㄞˇ　ㄏㄨㄚ　ㄊㄧㄢ,,,,,非主條成語
4782,除根翦草,ㄔㄨˊ　ㄍㄣ　ㄐㄧㄢˇ　ㄘㄠˇ,,,,,非主條成語
4783,隻手遮天,ㄓ　ㄕㄡˇ　ㄓㄜ　ㄊㄧㄢ,,,,,非主條成語
4784,馬耳春風,ㄇㄚˇ　ㄦˇ　ㄔㄨㄣ　ㄈㄥ,,,,,非主條成語
4785,馬耳秋風,ㄇㄚˇ　ㄦˇ　ㄑㄧㄡ　ㄈㄥ,,,,,非主條成語
4786,高風苦節,ㄍㄠ　ㄈㄥ　ㄎㄨˇ　ㄐㄧㄝˊ,,,,,非主條成語
4787,高臺明鏡,ㄍㄠ　ㄊㄞˊ　ㄇㄧㄥˊ　ㄐㄧㄥˋ,,,,,非主條成語
4788,高懸秦鏡,ㄍㄠ　ㄒㄩㄢˊ　ㄑㄧㄣˊ　ㄐㄧㄥˋ,,,,,非主條成語
4789,鬥角鉤心,ㄉㄡˋ　ㄐㄧㄠˇ　ㄍㄡ　ㄒㄧㄣ,,,,,非主條成語
4790,旂開得勝,ㄑㄧˊ　ㄎㄞ　ㄉㄜˊ　ㄕㄥˋ,,,,,非主條成語
4791,偃武行文,ㄧㄢˇ　ㄨˇ　ㄒㄧㄥˊ　ㄨㄣˊ,,,,,非主條成語
4792,偃武興文,ㄧㄢˇ　ㄨˇ　ㄒㄧㄥ　ㄨㄣˊ,,,,,非主條成語
4793,做東道,ㄗㄨㄛˋ　ㄉㄨㄥ　ㄉㄠˋ,,,,,非主條成語
4794,偕老百年,ㄒㄧㄝˊ　ㄌㄠˇ　ㄅㄞˇ　ㄋㄧㄢˊ,,,,,非主條成語
4795,動心驚魂,ㄉㄨㄥˋ　ㄒㄧㄣ　ㄐㄧㄥ　ㄏㄨㄣˊ,,,,,非主條成語
4796,問花訪柳,ㄨㄣˋ　ㄏㄨㄚ　ㄈㄤˇ　ㄌㄧㄡˇ,,,,,非主條成語
4797,問柳評花,ㄨㄣˋ　ㄌㄧㄡˇ　ㄆㄧㄥˊ　ㄏㄨㄚ,,,,,非主條成語
4798,堂間處燕,ㄊㄤˊ　ㄐㄧㄢ　ㄔㄨˇ　ㄧㄢˋ,,,,,非主條成語
4799,將李代桃,ㄐㄧㄤ　ㄌㄧˇ　ㄉㄞˋ　ㄊㄠˊ,,,,,非主條成語
4800,彫蟲小藝,ㄉㄧㄠ　ㄔㄨㄥˊ　ㄒㄧㄠˇ　ㄧˋ,,,,,非主條成語
4801,得不償喪,ㄉㄜˊ　ㄅㄨˋ　ㄔㄤˊ　ㄙㄤˋ,,,,,非主條成語
4802,情不自已,ㄑㄧㄥˊ　ㄅㄨˋ　ㄗˋ　ㄧˇ　（變）　ㄑㄧㄥˊ　ㄅㄨˊ　ㄗˋ　ㄧˇ,,,,,非主條成語
4803,情同意洽,ㄑㄧㄥˊ　ㄊㄨㄥˊ　ㄧˋ　ㄑㄧㄚˋ,,,,,非主條成語
4804,情?意馬,ㄑㄧㄥˊ　ㄩㄢˊ　ㄧˋ　ㄇㄚˇ,,,,,非主條成語
4805,探湯蹈火,ㄊㄢˋ　ㄊㄤ　ㄉㄠˋ　ㄏㄨㄛˇ,,,,,非主條成語
4806,掩惡揚美,ㄧㄢˇ　ㄜˋ　ㄧㄤˊ　ㄇㄟˇ,,,,,非主條成語
4807,推陳易新,ㄊㄨㄟ　ㄔㄣˊ　ㄧˋ　ㄒㄧㄣ,,,,,非主條成語
4808,推陳致新,ㄊㄨㄟ　ㄔㄣˊ　ㄓˋ　ㄒㄧㄣ,,,,,非主條成語
4809,推愛屋烏,ㄊㄨㄟ　ㄞˋ　ㄨ　ㄨ,,,,,非主條成語
4810,晚成大器,ㄨㄢˇ　ㄔㄥˊ　ㄉㄚˋ　ㄑㄧˋ,,,,,非主條成語
4811,望洋驚歎,ㄨㄤˋ　ㄧㄤˊ　ㄐㄧㄥ　ㄊㄢˋ,,,,,非主條成語
4812,望塵靡及,ㄨㄤˋ　ㄔㄣˊ　ㄇㄧˇ　ㄐㄧˊ,,,,,非主條成語
4813,欲擒姑縱,ㄩˋ　ㄑㄧㄣˊ　ㄍㄨ　ㄗㄨㄥˋ,,,,,非主條成語
4814,殺人如蒿,ㄕㄚ　ㄖㄣˊ　ㄖㄨˊ　ㄏㄠ,,,,,非主條成語
4815,深根固蔕,ㄕㄣ　ㄍㄣ　ㄍㄨˋ　ㄉㄧˋ,,,,,非主條成語
4816,深慮遠計,ㄕㄣ　ㄌㄩˋ　ㄩㄢˇ　ㄐㄧˋ,,,,,非主條成語
4817,盛氣陵人,ㄕㄥˋ　ㄑㄧˋ　ㄌㄧㄥˊ　ㄖㄣˊ,,,,,非主條成語
4818,眾射之的,ㄓㄨㄥˋ　ㄕㄜˋ　ㄓ　ㄉㄧˋ,,,,,非主條成語
4819,眼光如炬,ㄧㄢˇ　ㄍㄨㄤ　ㄖㄨˊ　ㄐㄩˋ,,,,,非主條成語
4820,眼高手拙,ㄧㄢˇ　ㄍㄠ　ㄕㄡˇ　ㄓㄨㄛˊ,,,,,非主條成語
4821,移風改俗,ㄧˊ　ㄈㄥ　ㄍㄞˇ　ㄙㄨˊ,,,,,非主條成語
4822,移風易尚,ㄧˊ　ㄈㄥ　ㄧˋ　ㄕㄤˋ,,,,,非主條成語
4823,移風革俗,ㄧˊ　ㄈㄥ　ㄍㄜˊ　ㄙㄨˊ,,,,,非主條成語
4824,移?就教,ㄧˊ　ㄗㄨㄣ　ㄐㄧㄡˋ　ㄐㄧㄠˋ,,,,,非主條成語
4825,粗株大葉,ㄘㄨ　ㄓㄨ　ㄉㄚˋ　ㄧㄝˋ,,,,,非主條成語
4826,終于正寢,ㄓㄨㄥ　ㄩˊ　ㄓㄥˋ　ㄑㄧㄣˇ,,,,,非主條成語
4827,莫逆交,ㄇㄛˋ　ㄋㄧˋ　ㄐㄧㄠ,,,,,非主條成語
4828,連床各?,ㄌㄧㄢˊ　ㄔㄨㄤˊ　ㄍㄜˋ　ㄇㄥˋ,,,,,非主條成語
4829,連篇累冊,ㄌㄧㄢˊ　ㄆㄧㄢ　ㄌㄟˇ　ㄘㄜˋ,,,,,非主條成語
4830,連篇累帙,ㄌㄧㄢˊ　ㄆㄧㄢ　ㄌㄟˇ　ㄓˋ,,,,,非主條成語
4831,連篇累幀,ㄌㄧㄢˊ　ㄆㄧㄢ　ㄌㄟˇ　ㄓㄥˋ,,,,,非主條成語
4832,逐末捨本,ㄓㄨˊ　ㄇㄛˋ　ㄕㄜˇ　ㄅㄣˇ,,,,,非主條成語
4833,逢場遊戲,ㄈㄥˊ　ㄔㄤˇ　ㄧㄡˊ　ㄒㄧˋ,,,,,非主條成語
4834,都中紙貴,ㄉㄨ　ㄓㄨㄥ　ㄓˇ　ㄍㄨㄟˋ,,,,,非主條成語
4835,野人奏曝,ㄧㄝˇ　ㄖㄣˊ　ㄗㄡˋ　ㄆㄨˋ,,,,,非主條成語
4836,陪了夫人又折兵,ㄆㄟˊ　˙ㄌㄜ　ㄈㄨ　ㄖㄣˊ　ㄧㄡˋ　ㄓㄜˊ　ㄅㄧㄥ,,,,,非主條成語
4837,陳倉暗度,ㄔㄣˊ　ㄘㄤ　ㄢˋ　ㄉㄨˋ,,,,,非主條成語
4838,雪風花月,ㄒㄩㄝˇ　ㄈㄥ　ㄏㄨㄚ　ㄩㄝˋ,,,,,非主條成語
4839,雪裡送炭,ㄒㄩㄝˇ　ㄌㄧˇ　ㄙㄨㄥˋ　ㄊㄢˋ,,,,,非主條成語
4840,魚池之殃,ㄩˊ　ㄔˊ　ㄓ　ㄧㄤ,,,,,非主條成語
4841,魚沈鴈落,ㄩˊ　ㄔㄣˊ　ㄧㄢˋ　ㄌㄨㄛˋ,,,,,非主條成語
4842,魚游沸釜,ㄩˊ　ㄧㄡˊ　ㄈㄟˋ　ㄈㄨˇ,,,,,非主條成語
4843,魚遊沸鼎,ㄩˊ　ㄧㄡˊ　ㄈㄟˋ　ㄉㄧㄥˇ,,,,,非主條成語
4844,魚遊釜內,ㄩˊ　ㄧㄡˊ　ㄈㄨˇ　ㄋㄟˋ,,,,,非主條成語
4845,魚遊釜底,ㄩˊ　ㄧㄡˊ　ㄈㄨˇ　ㄉㄧˇ,,,,,非主條成語
4846,麻痺不仁,ㄇㄚˊ　ㄅㄧˋ　ㄅㄨˋ　ㄖㄣˊ,,,,,非主條成語
4847,埳井之蛙,ㄎㄢˇ　ㄐㄧㄥˇ　ㄓ　ㄨㄚ,,,,,非主條成語
4848,傍人籬落,ㄅㄤˋ　ㄖㄣˊ　ㄌㄧˊ　ㄌㄨㄛˋ,,,,,非主條成語
4849,傍觀縮手,ㄆㄤˊ　ㄍㄨㄢ　ㄙㄨㄛ　ㄕㄡˇ,,,,,非主條成語
4850,博覽五車,ㄅㄛˊ　ㄌㄢˇ　ㄨˇ　ㄐㄩ,,,,,非主條成語
4851,尋花覓柳,ㄒㄩㄣˊ　ㄏㄨㄚ　ㄇㄧˋ　ㄌㄧㄡˇ,,,,,非主條成語
4852,惡勞樂佚,ㄨˋ　ㄌㄠˊ　ㄌㄜˋ　ㄧˋ,,,,,非主條成語
4853,惡聲狼籍,ㄜˋ　ㄕㄥ　ㄌㄤˊ　ㄐㄧˊ,,,,,非主條成語
4854,惠施五車,ㄏㄨㄟˋ　ㄕ　ㄨˇ　ㄐㄩ,,,,,非主條成語
4855,掣衿露肘,ㄔㄜˋ　ㄐㄧㄣ　ㄌㄨˋ　ㄓㄡˇ,,,,,非主條成語
4856,揭竿為旗,ㄐㄧㄝ　ㄍㄢ　ㄨㄟˊ　ㄑㄧˊ,,,,,非主條成語
4857,揭竿起,ㄐㄧㄝ　ㄍㄢ　ㄑㄧˇ,,,,,非主條成語
4858,揮毫立馬,ㄏㄨㄟ　ㄏㄠˊ　ㄌㄧˋ　ㄇㄚˇ,,,,,非主條成語
4859,棟充牛汗,ㄉㄨㄥˋ　ㄔㄨㄥ　ㄋㄧㄡˊ　ㄏㄢˋ,,,,,非主條成語
4860,游魚得水,ㄧㄡˊ　ㄩˊ　ㄉㄜˊ　ㄕㄨㄟˇ,,,,,非主條成語
4861,無孔不鑽,ㄨˊ　ㄎㄨㄥˇ　ㄅㄨˋ　ㄗㄨㄢ,,,,,非主條成語
4862,無地可容,ㄨˊ　ㄉㄧˋ　ㄎㄜˇ　ㄖㄨㄥˊ,,,,,非主條成語
4863,無妄之憂,ㄨˊ　ㄨㄤˋ　ㄓ　ㄧㄡ,,,,,非主條成語
4864,無有倫比,ㄨˊ　ㄧㄡˇ　ㄌㄨㄣˊ　ㄅㄧˇ,,,,,非主條成語
4865,無所措手,ㄨˊ　ㄙㄨㄛˇ　ㄘㄨㄛˋ　ㄕㄡˇ,,,,,非主條成語
4866,無脛而走,ㄨˊ　ㄐㄧㄥˋ　ㄦˊ　ㄗㄡˇ,,,,,非主條成語
4867,結舌瞠目,ㄐㄧㄝˊ　ㄕㄜˊ　ㄔㄥ　ㄇㄨˋ,,,,,非主條成語
4868,街談巷諺,ㄐㄧㄝ　ㄊㄢˊ　ㄒㄧㄤˋ　ㄧㄢˋ,,,,,非主條成語
4869,街譚巷議,ㄐㄧㄝ　ㄊㄢˊ　ㄒㄧㄤˋ　ㄧˋ,,,,,非主條成語
4870,酣鴆止渴,ㄏㄢ　ㄓㄣˋ　ㄓˇ　ㄎㄜˇ,,,,,非主條成語
4871,開布誠信,ㄎㄞ　ㄅㄨˋ　ㄔㄥˊ　ㄒㄧㄣˋ,,,,,非主條成語
4872,開茅塞,ㄎㄞ　ㄇㄠˊ　ㄙㄜˋ,,,,,非主條成語
4873,黃粱一夢,ㄏㄨㄤˊ　ㄌㄧㄤˊ　ㄧ　ㄇㄥˋ　（變）　ㄏㄨㄤˊ　ㄌㄧㄤˊ　ㄧˊ　　ㄇㄥˋ,比喻榮華富貴如夢般短暫而虛幻，且終歸泡影。,南柯一夢、過眼雲煙,,夢熟黃粱、夢覺黃粱、邯鄲一枕,主條成語
4874,黃鐘長棄,ㄏㄨㄤˊ　ㄓㄨㄥ　ㄔㄤˊ　ㄑㄧˋ,,,,,非主條成語
4875,亂作蕭牆,ㄌㄨㄢˋ　ㄗㄨㄛˋ　ㄒㄧㄠ　ㄑㄧㄤˊ,,,,,非主條成語
4876,剷草除根,ㄔㄢˇ　ㄘㄠˇ　ㄔㄨˊ　ㄍㄣ,,,,,非主條成語
4877,嗟來食,ㄐㄧㄝ　ㄌㄞˊ　ㄕˊ,,,,,非主條成語
4878,塞耳盜鐘,ㄙㄜˋ　ㄦˇ　ㄉㄠˋ　ㄓㄨㄥ,,,,,非主條成語
4879,塞源端本,ㄙㄜˋ　ㄩㄢˊ　ㄉㄨㄢ　ㄅㄣˇ,,,,,非主條成語
4880,意氣干雲,ㄧˋ　ㄑㄧˋ　ㄍㄢ　ㄩㄣˊ,,,,,非主條成語
4881,感極涕零,ㄍㄢˇ　ㄐㄧˊ　ㄊㄧˋ　ㄌㄧㄥˊ,,,,,非主條成語
4882,愛莫助之,ㄞˋ　ㄇㄛˋ　ㄓㄨˋ　ㄓ,,,,,非主條成語
4883,搜攪枯腸,ㄙㄡ　ㄐㄧㄠˇ　ㄎㄨ　ㄔㄤˊ,,,,,非主條成語
4884,楚歌四面,ㄔㄨˇ　ㄍㄜ　ㄙˋ　ㄇㄧㄢˋ,,,,,非主條成語
4885,當路豺狼,ㄉㄤ　ㄌㄨˋ　ㄔㄞˊ　ㄌㄤˊ,,,,,非主條成語
4886,萬貫纏腰,ㄨㄢˋ　ㄍㄨㄢˋ　ㄔㄢˊ　ㄧㄠ,,,,,非主條成語
4887,義不容卻,ㄧˋ　ㄅㄨˋ　ㄖㄨㄥˊ　ㄑㄩㄝˋ,,,,,非主條成語
4888,義無返顧,ㄧˋ　ㄨˊ　ㄈㄢˇ　ㄍㄨˋ,,,,,非主條成語
4889,群龍?首,ㄑㄩㄣˊ　ㄌㄨㄥˊ　ㄨˊ　ㄕㄡˇ,,,,,非主條成語
4890,腰纏十萬,ㄧㄠ　ㄔㄢˊ　ㄕˊ　ㄨㄢˋ,,,,,非主條成語
4891,腳踹實地,ㄐㄧㄠˇ　ㄔㄨㄞˋ　ㄕˊ　ㄉㄧˋ,,,,,非主條成語
4892,腹心之憂,ㄈㄨˋ　ㄒㄧㄣ　ㄓ　ㄧㄡ,,,,,非主條成語
4893,落鴈沉魚,ㄌㄨㄛˋ　ㄧㄢˋ　ㄔㄣˊ　ㄩˊ,,,,,非主條成語
4894,葫蘆畫樣,ㄏㄨˊ　ㄌㄨˊ　ㄏㄨㄚˋ　ㄧㄤˋ,,,,,非主條成語
4895,較錙銖,ㄐㄧㄠˋ　ㄗ　ㄓㄨ,,,,,非主條成語
4896,載塗怨讟,ㄗㄞˋ　ㄊㄨˊ　ㄩㄢˋ　ㄉㄨˊ,,,,,非主條成語
4897,辟君三舍,ㄅㄧˋ　ㄐㄩㄣ　ㄙㄢ　ㄕㄜˋ,,,,,非主條成語
4898,遊魚在鼎,ㄧㄡˊ　ㄩˊ　ㄗㄞˋ　ㄉㄧㄥˇ,,,,,非主條成語
4899,達權應變,ㄉㄚˊ　ㄑㄩㄢˊ　ㄧㄥˋ　ㄅㄧㄢˋ,,,,,非主條成語
4900,遏斷行雲,ㄜˋ　ㄉㄨㄢˋ　ㄒㄧㄥˊ　ㄩㄣˊ,,,,,非主條成語
4901,過隙之駒,ㄍㄨㄛˋ　ㄒㄧˋ　ㄓ　ㄐㄩ,,,,,非主條成語
4902,隔靴抓痒,ㄍㄜˊ　ㄒㄩㄝ　ㄓㄨㄚ　ㄧㄤˇ,,,,,非主條成語
4903,隔靴搔痒,ㄍㄜˊ　ㄒㄩㄝ　ㄙㄠ　ㄧㄤˇ,,,,,非主條成語
4904,電捲風馳,ㄉㄧㄢˋ　ㄐㄩㄢˇ　ㄈㄥ　ㄔˊ,,,,,非主條成語
4905,鼎食鳴鐘,ㄉㄧㄥˇ　ㄕˊ　ㄇㄧㄥˊ　ㄓㄨㄥ,,,,,非主條成語
4906,跫然之音,ㄑㄩㄥˊ　ㄖㄢˊ　ㄓ　ㄧㄣ,,,,,非主條成語
4907,壽陵忘步,ㄕㄡˋ　ㄌㄧㄥˊ　ㄨㄤˋ　ㄅㄨˋ,,,,,非主條成語
4908,壽陵步,ㄕㄡˋ　ㄌㄧㄥˊ　ㄅㄨˋ,,,,,非主條成語
4909,夢寐魂求,ㄇㄥˋ　ㄇㄟˋ　ㄏㄨㄣˊ　ㄑㄧㄡˊ,,,,,非主條成語
4910,夢筆花生,ㄇㄥˋ　ㄅㄧˇ　ㄏㄨㄚ　ㄕㄥ,,,,,非主條成語
4911,夢熟黃粱,ㄇㄥˋ　ㄕㄡˊ　ㄏㄨㄤˊ　ㄌㄧㄤˊ,,,,,非主條成語
4912,夢覺黃粱,ㄇㄥˋ　ㄐㄩㄝˊ　ㄏㄨㄤˊ　ㄌㄧㄤˊ,,,,,非主條成語
4913,對病用藥,ㄉㄨㄟˋ　ㄅㄧㄥˋ　ㄩㄥˋ　ㄧㄠˋ,,,,,非主條成語
4914,對證下藥,ㄉㄨㄟˋ　ㄓㄥˋ　ㄒㄧㄚˋ　ㄧㄠˋ,,,,,非主條成語
4915,對證用藥,ㄉㄨㄟˋ　ㄓㄥˋ　ㄩㄥˋ　ㄧㄠˋ,,,,,非主條成語
4916,弊帚自珍,ㄅㄧˋ　ㄓㄡˇ　ㄗˋ　ㄓㄣ,,,,,非主條成語
4917,慣養嬌生,ㄍㄨㄢˋ　ㄧㄤˇ　ㄐㄧㄠ　ㄕㄥ,,,,,非主條成語
4918,摧朽拉枯,ㄘㄨㄟ　ㄒㄧㄡˇ　ㄌㄚ　ㄎㄨ,,,,,非主條成語
4919,漂搖風雨,ㄆㄧㄠ　ㄧㄠˊ　ㄈㄥ　ㄩˇ,,,,,非主條成語
4920,滿臉春風,ㄇㄢˇ　ㄌㄧㄢˇ　ㄔㄨㄣ　ㄈㄥ,,,,,非主條成語
4921,禍生蕭牆,ㄏㄨㄛˋ　ㄕㄥ　ㄒㄧㄠ　ㄑㄧㄤˊ,,,,,非主條成語
4922,管中闚天,ㄍㄨㄢˇ　ㄓㄨㄥ　ㄎㄨㄟ　ㄊㄧㄢ,,,,,非主條成語
4923,精禽填海,ㄐㄧㄥ　ㄑㄧㄣˊ　ㄊㄧㄢˊ　ㄏㄞˇ,,,,,非主條成語
4924,精衛塞海,ㄐㄧㄥ　ㄨㄟˋ　ㄙㄜˋ　ㄏㄞˇ,,,,,非主條成語
4925,精衛銜木,ㄐㄧㄥ　ㄨㄟˋ　ㄒㄧㄢˊ　ㄇㄨˋ,,,,,非主條成語
4926,精衛銜石,ㄐㄧㄥ　ㄨㄟˋ　ㄒㄧㄢˊ　ㄕˊ,,,,,非主條成語
4927,精衛銜薪,ㄐㄧㄥ　ㄨㄟˋ　ㄒㄧㄢˊ　ㄒㄧㄣ,,,,,非主條成語
4928,綵筆生花,ㄘㄞˇ　ㄅㄧˇ　ㄕㄥ　ㄏㄨㄚ,,,,,非主條成語
4929,蒼狗白雲,ㄘㄤ　ㄍㄡˇ　ㄅㄞˊ　ㄩㄣˊ,,,,,非主條成語
4930,誤學邯鄲,ㄨˋ　ㄒㄩㄝˊ　ㄏㄢˊ　ㄉㄢ,,,,,非主條成語
4931,銜石冤禽,ㄒㄧㄢˊ　ㄕˊ　ㄩㄢ　ㄑㄧㄣˊ,,,,,非主條成語
4932,銜石填海,ㄒㄧㄢˊ　ㄕˊ　ㄊㄧㄢˊ　ㄏㄞˇ,,,,,非主條成語
4933,銜沙填海,ㄒㄧㄢˊ　ㄕㄚ　ㄊㄧㄢˊ　ㄏㄞˇ,,,,,非主條成語
4934,魂銷魄散,ㄏㄨㄣˊ　ㄒㄧㄠ　ㄆㄛˋ　ㄙㄢˋ,,,,,非主條成語
4935,魂飄魄散,ㄏㄨㄣˊ　ㄆㄧㄠ　ㄆㄛˋ　ㄙㄢˋ,,,,,非主條成語
4936,價抵連城,ㄐㄧㄚˋ　ㄉㄧˇ　ㄌㄧㄢˊ　ㄔㄥˊ,,,,,非主條成語
4937,影不離形,ㄧㄥˇ　ㄅㄨˋ　ㄌㄧˊ　ㄒㄧㄥˊ,,,,,非主條成語
4938,影隻形單,ㄧㄥˇ　ㄓ　ㄒㄧㄥˊ　ㄉㄢ,,,,,非主條成語
4939,影單形隻,ㄧㄥˇ　ㄉㄢ　ㄒㄧㄥˊ　ㄓ,,,,,非主條成語
4940,德邵年高,ㄉㄜˊ　ㄕㄠˋ　ㄋㄧㄢˊ　ㄍㄠ,,,,,非主條成語
4941,慮遠謀深,ㄌㄩˋ　ㄩㄢˇ　ㄇㄡˊ　ㄕㄣ,,,,,非主條成語
4942,憂心如惔,ㄧㄡ　ㄒㄧㄣ　ㄖㄨˊ　ㄊㄢˊ,,,,,非主條成語
4943,憂如焚,ㄧㄡ　ㄖㄨˊ　ㄈㄣˊ,,,,,非主條成語
4944,憤時嫉俗,ㄈㄣˋ　ㄕˊ　ㄐㄧˊ　ㄙㄨˊ,,,,,非主條成語
4945,撞鐘鼎食,ㄓㄨㄤˋ　ㄓㄨㄥ　ㄉㄧㄥˇ　ㄕˊ,,,,,非主條成語
4946,數行並下,ㄕㄨˋ　ㄏㄤˊ　ㄅㄧㄥˋ　ㄒㄧㄚˋ,,,,,非主條成語
4947,暴虎憑河,ㄅㄠˋ　ㄏㄨˇ　ㄆㄧㄥˊ　ㄏㄜˊ,,,,,非主條成語
4948,樓臺近水,ㄌㄡˊ　ㄊㄞˊ　ㄐㄧㄣˋ　ㄕㄨㄟˇ,,,,,非主條成語
4949,樂業安居,ㄌㄜˋ　ㄧㄝˋ　ㄢ　ㄐㄩ,,,,,非主條成語
4950,樂極生哀,ㄌㄜˋ　ㄐㄧˊ　ㄕㄥ　ㄞ,,,,,非主條成語
4951,樂極災生,ㄌㄜˋ　ㄐㄧˊ　ㄗㄞ　ㄕㄥ,,,,,非主條成語
4952,樂極哀來,ㄌㄜˋ　ㄐㄧˊ　ㄞ　ㄌㄞˊ,,,,,非主條成語
4953,樂盡哀生,ㄌㄜˋ　ㄐㄧㄣˋ　ㄞ　ㄕㄥ,,,,,非主條成語
4954,潛濡默被,ㄑㄧㄢˊ　ㄖㄨˊ　ㄇㄛˋ　ㄅㄟˋ,,,,,非主條成語
4955,穀馬礪兵,ㄍㄨˇ　ㄇㄚˇ　ㄌㄧˋ　ㄅㄧㄥ,,,,,非主條成語
4956,衝口成章,ㄔㄨㄥ　ㄎㄡˇ　ㄔㄥˊ　ㄓㄤ,,,,,非主條成語
4957,論定棺蓋,ㄌㄨㄣˋ　ㄉㄧㄥˋ　ㄍㄨㄢ　ㄍㄞˋ,,,,,非主條成語
4958,踞虎盤龍,ㄐㄩˋ　ㄏㄨˇ　ㄆㄢˊ　ㄌㄨㄥˊ,,,,,非主條成語
4959,餘響遶梁,ㄩˊ　ㄒㄧㄤˇ　ㄖㄠˋ　ㄌㄧㄤˊ,,,,,非主條成語
4960,髮上衝冠,ㄈㄚˇ　ㄕㄤˋ　ㄔㄨㄥ　ㄍㄨㄢ,,,,,非主條成語
4961,窳其中而美其外,ㄩˇ　ㄑㄧˊ　ㄓㄨㄥ　ㄦˊ　ㄇㄟˇ　ㄑㄧˊ　ㄨㄞˋ,,,,,非主條成語
4962,彊弩之末,ㄑㄧㄤˊ　ㄋㄨˇ　ㄓ　ㄇㄛˋ,,,,,非主條成語
4963,據隴望蜀,ㄐㄩˋ　ㄌㄨㄥˇ　ㄨㄤˋ　ㄕㄨˇ,,,,,非主條成語
4964,樽俎折衝,ㄗㄨㄣ　ㄗㄨˇ　ㄓㄜˊ　ㄔㄨㄥ,,,,,非主條成語
4965,瞠乎後已,ㄔㄥ　ㄏㄨ　ㄏㄡˋ　ㄧˇ,,,,,非主條成語
4966,瞠目作舌,ㄔㄥ　ㄇㄨˋ　ㄗㄨㄛˋ　ㄕㄜˊ,,,,,非主條成語
4967,瞠目撟舌,ㄔㄥ　ㄇㄨˋ　ㄐㄧㄠˇ　ㄕㄜˊ,,,,,非主條成語
4968,磨杵作針,ㄇㄛˊ　ㄔㄨˇ　ㄗㄨㄛˋ　ㄓㄣ,,,,,非主條成語
4969,積重難反,ㄐㄧ　ㄓㄨㄥˋ　ㄋㄢˊ　ㄈㄢˇ,,,,,非主條成語
4970,興高彩烈,ㄒㄧㄥˋ　ㄍㄠ　ㄘㄞˇ　ㄌㄧㄝˋ,,,,,非主條成語
4971,蕭牆之變,ㄒㄧㄠ　ㄑㄧㄤˊ　ㄓ　ㄅㄧㄢˋ,,,,,非主條成語
4972,辨口如懸河,ㄅㄧㄢˋ　ㄎㄡˇ　ㄖㄨˊ　ㄒㄩㄢˊ　ㄏㄜˊ,,,,,非主條成語
4973,駭人聞見,ㄏㄞˋ　ㄖㄣˊ　ㄨㄣˊ　ㄐㄧㄢˋ,,,,,非主條成語
4974,駭人聞聽,ㄏㄞˋ　ㄖㄣˊ　ㄨㄣˊ　ㄊㄧㄥ,,,,,非主條成語
4975,默化潛移,ㄇㄛˋ　ㄏㄨㄚˋ　ㄑㄧㄢˊ　ㄧˊ,,,,,非主條成語
4976,應接無暇,ㄧㄥˋ　ㄐㄧㄝ　ㄨˊ　ㄒㄧㄚˊ,,,,,非主條成語
4977,應答如響,ㄧㄥˋ　ㄉㄚˊ　ㄖㄨˊ　ㄒㄧㄤˇ,,,,,非主條成語
4978,擊鐘陳鼎,ㄐㄧˊ　ㄓㄨㄥ　ㄔㄣˊ　ㄉㄧㄥˇ,,,,,非主條成語
4979,擊鐘鼎食,ㄐㄧˊ　ㄓㄨㄥ　ㄉㄧㄥˇ　ㄕˊ,,,,,非主條成語
4980,擢髮不勝,ㄓㄨㄛˊ　ㄈㄚˇ　ㄅㄨˋ　ㄕㄥ,,,,,非主條成語
4981,擢髮莫數,ㄓㄨㄛˊ　ㄈㄚˇ　ㄇㄛˋ　ㄕㄨˇ,,,,,非主條成語
4982,擢髮數,ㄓㄨㄛˊ　ㄈㄚˇ　ㄕㄨˇ,,,,,非主條成語
4983,擢髮數罪,ㄓㄨㄛˊ　ㄈㄚˇ　ㄕㄨˇ　ㄗㄨㄟˋ,,,,,非主條成語
4984,聳動聽聞,ㄙㄨㄥˇ　ㄉㄨㄥˋ　ㄊㄧㄥ　ㄨㄣˊ,,,,,非主條成語
4985,聳聽聞,ㄙㄨㄥˇ　ㄊㄧㄥ　ㄨㄣˊ,,,,,非主條成語
4986,虧於一簣,ㄎㄨㄟ　ㄩˊ　ㄧ　ㄎㄨㄟˋ　（變）　ㄎㄨㄟ　ㄩˊ　ㄧˊ　ㄎㄨㄟˋ,,,,,非主條成語
4987,螳臂拒輪,ㄊㄤˊ　ㄅㄧˋ　ㄐㄩˋ　ㄌㄨㄣˊ,,,,,非主條成語
4988,避重逐輕,ㄅㄧˋ　ㄓㄨㄥˋ　ㄓㄨˊ　ㄑㄧㄥ,,,,,非主條成語
4989,還童返少,ㄏㄨㄢˊ　ㄊㄨㄥˊ　ㄈㄢˇ　ㄕㄠˋ,,,,,非主條成語
4990,隱天動地,ㄧㄣˇ　ㄊㄧㄢ　ㄉㄨㄥˋ　ㄉㄧˋ,,,,,非主條成語
4991,歛襟危坐,ㄌㄧㄢˋ　ㄐㄧㄣ　ㄨㄟˊ　ㄗㄨㄛˋ,,,,,非主條成語
4992,闇度陳倉,ㄢˋ　ㄉㄨˋ　ㄔㄣˊ　ㄘㄤ,,,,,非主條成語
4993,斷章取意,ㄉㄨㄢˋ　ㄓㄤ　ㄑㄩˇ　ㄧˋ,,,,,非主條成語
4994,曜威燿武,ㄧㄠˋ　ㄨㄟ　ㄧㄠˋ　ㄨˇ,,,,,非主條成語
4995,璧合珠聯,ㄅㄧˋ　ㄏㄜˊ　ㄓㄨ　ㄌㄧㄢˊ,,,,,非主條成語
4996,蟲篆小技,ㄔㄨㄥˊ　ㄓㄨㄢˋ　ㄒㄧㄠˇ　ㄐㄧˋ,,,,,非主條成語
4997,蟠根錯節,ㄆㄢˊ　ㄍㄣ　ㄘㄨㄛˋ　ㄐㄧㄝˊ,,,,,非主條成語
4998,豐食美衣,ㄈㄥ　ㄕˊ　ㄇㄟˇ　ㄧ,,,,,非主條成語
4999,離鄉避井,ㄌㄧˊ　ㄒㄧㄤ　ㄅㄧˋ　ㄐㄧㄥˇ,,,,,非主條成語
5000,雞犬無寧,ㄐㄧ　ㄑㄩㄢˇ　ㄨˊ　ㄋㄧㄥˊ,,,,,非主條成語
5001,雞群之鶴,ㄐㄧ　ㄑㄩㄣˊ　ㄓ　ㄏㄜˋ,,,,,非主條成語
5002,雞群鶴立,ㄐㄧ　ㄑㄩㄣˊ　ㄏㄜˋ　ㄌㄧˋ,,,,,非主條成語
5003,雞鳴起舞,ㄐㄧ　ㄇㄧㄥˊ　ㄑㄧˇ　ㄨˇ,,,,,非主條成語
5004,雞膚鶴髮,ㄐㄧ　ㄈㄨ　ㄏㄜˋ　ㄈㄚˇ,,,,,非主條成語
5005,鞭約近裡,ㄅㄧㄢ　ㄩㄝ　ㄐㄧㄣˋ　ㄌㄧˇ,,,,,非主條成語
5006,鞭辟著裡,ㄅㄧㄢ　ㄅㄧˋ　ㄓㄨㄛˊ　ㄌㄧˇ,,,,,非主條成語
5007,鞭擗向裡,ㄅㄧㄢ　ㄆㄧˋ　ㄒㄧㄤˋ　ㄌㄧˇ,,,,,非主條成語
5008,壞法婪贓,ㄏㄨㄞˋ　ㄈㄚˇ　ㄌㄢˊ　ㄗㄤ,,,,,非主條成語
5009,攀龍託鳳,ㄆㄢ　ㄌㄨㄥˊ　ㄊㄨㄛ　ㄈㄥˋ,,,,,非主條成語
5010,瀝血披肝,ㄌㄧˋ　ㄒㄧㄝˇ　ㄆㄧ　ㄍㄢ,,,,,非主條成語
5011,識塗老馬,ㄕˋ　ㄊㄨˊ　ㄌㄠˇ　ㄇㄚˇ,,,,,非主條成語
5012,難起蕭牆,ㄋㄢˋ　ㄑㄧˇ　ㄒㄧㄠ　ㄑㄧㄤˊ,,,,,非主條成語
5013,籌策運帷幄,ㄔㄡˊ　ㄘㄜˋ　ㄩㄣˋ　ㄨㄟˊ　ㄨㄛˋ,,,,,非主條成語
5014,觸面崩心,ㄔㄨˋ　ㄇㄧㄢˋ　ㄅㄥ　ㄒㄧㄣ,,,,,非主條成語
5015,觸景生懷,ㄔㄨˋ　ㄐㄧㄥˇ　ㄕㄥ　ㄏㄨㄞˊ,,,,,非主條成語
5016,饑者無擇,ㄐㄧ　ㄓㄜˇ　ㄨˊ　ㄗㄜˊ,,,,,非主條成語
5017,爛熳天真,ㄌㄢˋ　ㄇㄢˋ　ㄊㄧㄢ　ㄓㄣ,,,,,非主條成語
5018,護過飾非,ㄏㄨˋ　ㄍㄨㄛˋ　ㄕˋ　ㄈㄟ,,,,,非主條成語
5019,辯同河瀉,ㄅㄧㄢˋ　ㄊㄨㄥˊ　ㄏㄜˊ　ㄒㄧㄝˋ,,,,,非主條成語
5020,鐵棒磨成針,ㄊㄧㄝˇ　ㄅㄤˋ　ㄇㄛˊ　ㄔㄥˊ　ㄓㄣ,,,,,非主條成語
5021,囊空羞澀,ㄋㄤˊ　ㄎㄨㄥ　ㄒㄧㄡ　ㄙㄜˋ,,,,,非主條成語
5022,襲人牙慧,ㄒㄧˊ　ㄖㄣˊ　ㄧㄚˊ　ㄏㄨㄟˋ,,,,,非主條成語
5023,竊鐘掩耳,ㄑㄧㄝˋ　ㄓㄨㄥ　ㄧㄢˇ　ㄦˇ,,,,,非主條成語
5024,驚心駭矚,ㄐㄧㄥ　ㄒㄧㄣ　ㄏㄞˋ　ㄓㄨˇ,,,,,非主條成語
5025,驚蛇打草,ㄐㄧㄥ　ㄕㄜˊ　ㄉㄚˇ　ㄘㄠˇ,,,,,非主條成語
5026,鷸蚌相危,ㄩˋ　ㄅㄤˋ　ㄒㄧㄤ　ㄨㄟˊ,,,,,非主條成語
5027,鷸蚌相鬥,ㄩˋ　ㄅㄤˋ　ㄒㄧㄤ　ㄉㄡˋ,,,,,非主條成語
5028,驥老伏櫪,ㄐㄧˋ　ㄌㄠˇ　ㄈㄨˊ　ㄌㄧˋ,,,,,非主條成語
5029,鑿空指鹿,ㄗㄠˊ　ㄎㄨㄥ　ㄓˇ　ㄌㄨˋ,,,,,非主條成語
5030,驩欣鼓舞,ㄏㄨㄢ　ㄒㄧㄣ　ㄍㄨˇ　ㄨˇ,,,,,非主條成語
5031,爨丹桂,ㄘㄨㄢˋ　ㄉㄢ　ㄍㄨㄟˋ,,,,,非主條成語
5032,麤枝大葉,ㄘㄨ　ㄓ　ㄉㄚˋ　ㄧㄝˋ,,,,,非主條成語
5033,?撲不碎,ㄉㄧㄢ　ㄆㄨ　ㄅㄨˋ　ㄙㄨㄟˋ　（變）　ㄉㄧㄢ　ㄆㄨ　ㄅㄨˊ　ㄙㄨㄟˋ,,,,,非主條成語
5034,一邱貉,ㄧ　ㄑㄧㄡ　ㄏㄜˊ　（變）　ㄧˋ　ㄑㄧㄡ　ㄏㄜˊ,,,,,非主條成語
5035,渾掄吞棗,ㄏㄨㄣˊ　ㄌㄨㄣˊ　ㄊㄨㄣ　ㄗㄠˇ,,,,,非主條成語
5036,竭水搏魚,ㄐㄧㄝˊ　ㄕㄨㄟˇ　ㄅㄛˊ　ㄩˊ,,,,,非主條成語
5037,涸水取魚,ㄏㄜˊ　ㄕㄨㄟˇ　ㄑㄩˇ　ㄩˊ,,,,,非主條成語
5038,觀隅三反,ㄍㄨㄢ　ㄩˊ　ㄙㄢ　ㄈㄢˇ,,,,,非主條成語
5039,懸河寫水,ㄒㄩㄢˊ　ㄏㄜˊ　ㄒㄧㄝˋ　ㄕㄨㄟˇ,,,,,非主條成語
5040,一簣而虧,ㄧ　ㄎㄨㄟˋ　ㄦˊ　ㄎㄨㄟ　（變）　ㄧˊ　ㄎㄨㄟˋ　ㄦˊ　ㄎㄨㄟ,,,,,非主條成語
5041,螗螂之臂,ㄊㄤˊ　ㄌㄤˊ　ㄓ　ㄅㄧˋ,,,,,非主條成語
5042,螳螂當車,ㄊㄤˊ　ㄌㄤˊ　ㄉㄤ　ㄔㄜ,,,,,非主條成語
5043,復然灰,ㄈㄨˋ　ㄖㄢˊ　ㄏㄨㄟ,,,,,非主條成語
5044,寒灰更然,ㄏㄢˊ　ㄏㄨㄟ　ㄍㄥ　ㄖㄢˊ,,,,,非主條成語
5045,寒灰重燃,ㄏㄢˊ　ㄏㄨㄟ　ㄔㄨㄥˊ　ㄖㄢˊ,,,,,非主條成語
5046,出奇致勝,ㄔㄨ　ㄑㄧˊ　ㄓˋ　ㄕㄥˋ,,,,,非主條成語
5047,坐井窺,ㄗㄨㄛˋ　ㄐㄧㄥˇ　ㄎㄨㄟ,,,,,非主條成語
5048,不忍戴天,ㄅㄨˋ　ㄖㄣˇ　ㄉㄞˋ　ㄊㄧㄢ,,,,,非主條成語
5049,義不同戴,ㄧˋ　ㄅㄨˋ　ㄊㄨㄥˊ　ㄉㄞˋ,,,,,非主條成語
5050,避君三舍,ㄅㄧˋ　ㄐㄩㄣ　ㄙㄢ　ㄕㄜˋ,,,,,非主條成語
5051,急若星火,ㄐㄧˊ　ㄖㄨㄛˋ　ㄒㄧㄥ　ㄏㄨㄛˇ,,,,,非主條成語
5052,否極泰遇,ㄆㄧˇ　ㄐㄧˊ　ㄊㄞˋ　ㄩˋ,,,,,非主條成語
5053,黔驢之伎,ㄑㄧㄢˊ　ㄌㄩˊ　ㄓ　ㄐㄧˋ,,,,,非主條成語
5054,黔驢技盡,ㄑㄧㄢˊ　ㄌㄩˊ　ㄐㄧˋ　ㄐㄧㄣˋ,,,,,非主條成語
5055,風馳電捲,ㄈㄥ　ㄔˊ　ㄉㄧㄢˋ　ㄐㄩㄢˇ,,,,,非主條成語
5056,危詞聳聽,ㄨㄟˊ　ㄘˊ　ㄙㄨㄥˇ　ㄊㄧㄥ,,,,,非主條成語
5057,含血潠人,ㄏㄢˊ　ㄒㄧㄝˇ　ㄒㄩㄣˋ　ㄖㄣˊ,,,,,非主條成語
5058,帶雨拖泥,ㄉㄞˋ　ㄩˇ　ㄊㄨㄛ　ㄋㄧˊ,,,,,非主條成語
5059,天然國色,ㄊㄧㄢ　ㄖㄢˊ　ㄍㄨㄛˊ　ㄙㄜˋ,,,,,非主條成語
5060,翫兵黷武,ㄨㄢˋ　ㄅㄧㄥ　ㄉㄨˊ　ㄨˇ,,,,,非主條成語
5061,絕薪止火,ㄐㄩㄝˊ　ㄒㄧㄣ　ㄓˇ　ㄏㄨㄛˇ,,,,,非主條成語
5062,憂世憫人,ㄧㄡ　ㄕˋ　ㄇㄧㄣˇ　ㄖㄣˊ,,,,,非主條成語
5063,綽綽有餘力,ㄔㄨㄛˋ　ㄔㄨㄛˋ　ㄧㄡˇ　ㄩˊ　ㄌㄧˋ,,,,,非主條成語
5064,瓦缶雷鳴,ㄨㄚˇ　ㄈㄡˇ　ㄌㄟˊ　ㄇㄧㄥˊ,,,,,非主條成語
5065,??足適履,ㄗㄨㄣˇ　ㄗㄨˊ　ㄕˋ　ㄌㄩˇ,,,,,非主條成語
5066,故態萌,ㄍㄨˋ　ㄊㄞˋ　ㄇㄥˊ,,,,,非主條成語
5067,蚍蜉撼木,ㄆㄧˊ　ㄈㄨˊ　ㄏㄢˋ　ㄇㄨˋ,,,,,非主條成語
5068,不直一錢,ㄅㄨˋ　ㄓˊ　ㄧ　ㄑㄧㄢˊ　（變）　ㄅㄨˋ　ㄓˊ　ㄧˋ　ㄑㄧㄢˊ,,,,,非主條成語
5069,鍼鋒相對,ㄓㄣ　ㄈㄥ　ㄒㄧㄤ　ㄉㄨㄟˋ,,,,,非主條成語
5070,鼓舞歡忻,ㄍㄨˇ　ㄨˇ　ㄏㄨㄢ　ㄒㄧㄣ,,,,,非主條成語
5071,前事不忘，來事之師,ㄑㄧㄢˊ　ㄕˋ　ㄅㄨˋ　ㄨㄤˋ　ㄌㄞˊ　ㄕˋ　ㄓ　ㄕ　（變）　ㄑㄧㄢˊ　ㄕˋ　ㄅㄨˊ　ㄨㄤˋ　ㄌㄞˊ　ㄕˋ　ㄓ　ㄕ,,,,,非主條成語
5072,改絃易張,ㄍㄞˇ　ㄒㄧㄢˊ　ㄧˋ　ㄓㄤ,,,,,非主條成語
5073,改絃易調,ㄍㄞˇ　ㄒㄧㄢˊ　ㄧˋ　ㄉㄧㄠˋ,,,,,非主條成語
5074,解絃更張,ㄐㄧㄝˇ　ㄒㄧㄢˊ　ㄍㄥ　ㄓㄤ,,,,,非主條成語
5075,改絃更張,ㄍㄞˇ　ㄒㄧㄢˊ　ㄍㄥ　ㄓㄤ,,,,,非主條成語
5076,揮毫倚馬,ㄏㄨㄟ　ㄏㄠˊ　ㄧˇ　ㄇㄚˇ,,,,,非主條成語
5077,絕編書,ㄐㄩㄝˊ　ㄅㄧㄢ　ㄕㄨ,,,,,非主條成語
5078,循理安分,ㄒㄩㄣˊ　ㄌㄧˇ　ㄢ　ㄈㄣˋ,,,,,非主條成語
5079,影隻形孤,ㄧㄥˇ　ㄓ　ㄒㄧㄥˊ　ㄍㄨ,,,,,非主條成語
5080,形單隻影,ㄒㄧㄥˊ　ㄉㄢ　ㄓ　ㄧㄥˇ,,,,,非主條成語
5081,安於泰山,ㄢ　ㄩˊ　ㄊㄞˋ　ㄕㄢ,,,,,非主條成語
5082,?至沓來,ㄑㄩㄣˊ　ㄓˋ　ㄊㄚˋ　ㄌㄞˊ,,,,,非主條成語
5083,魚沉鴈落,ㄩˊ　ㄔㄣˊ　ㄧㄢˋ　ㄌㄨㄛˋ,,,,,非主條成語
5084,東山之臥,ㄉㄨㄥ　ㄕㄢ　ㄓ　ㄨㄛˋ,,,,,非主條成語
5085,珊珊來遲,ㄕㄢ　ㄕㄢ　ㄌㄞˊ　ㄔˊ,,,,,非主條成語
5086,對証之藥,ㄉㄨㄟˋ　ㄓㄥˋ　ㄓ　ㄧㄠˋ,,,,,非主條成語
5087,沽名弔譽,ㄍㄨ　ㄇㄧㄥˊ　ㄉㄧㄠˋ　ㄩˋ,,,,,非主條成語
5088,冰散瓦解,ㄅㄧㄥ　ㄙㄢˋ　ㄨㄚˇ　ㄐㄧㄝˇ,,,,,非主條成語
5089,更絃易轍,ㄍㄥ　ㄒㄧㄢˊ　ㄧˋ　ㄔㄜˋ,,,,,非主條成語
5090,一簞食，一瓢飲,ㄧ　ㄉㄢ　ㄙˋ　ㄧ　ㄆㄧㄠˊ　ㄧㄣˇ　（變）　ㄧˋ　ㄉㄢ　ㄙˋ　ㄧˋ　ㄆㄧㄠˊ　ㄧㄣˇ,,,,,非主條成語
5091,起爐作灶,ㄑㄧˇ　ㄌㄨˊ　ㄗㄨㄛˋ　ㄗㄠˋ,,,,,非主條成語
5092,東海撈鍼,ㄉㄨㄥ　ㄏㄞˇ　ㄌㄠ　ㄓㄣ,,,,,非主條成語
5093,不疾而呻,ㄅㄨˋ　ㄐㄧˊ　ㄦˊ　ㄕㄣ,,,,,非主條成語
5094,淋漓透澈,ㄌㄧㄣˊ　ㄌㄧˊ　ㄊㄡˋ　ㄔㄜˋ,,,,,非主條成語
5095,秋豪無犯,ㄑㄧㄡ　ㄏㄠˊ　ㄨˊ　ㄈㄢˋ,,,,,非主條成語
5096,爍金眾口,ㄕㄨㄛˋ　ㄐㄧㄣ　ㄓㄨㄥˋ　ㄎㄡˇ,,,,,非主條成語
5097,孤苦仃俜,ㄍㄨ　ㄎㄨˇ　ㄉㄧㄥ　ㄆㄧㄥ,,,,,非主條成語
5098,小水常流,ㄒㄧㄠˇ　ㄕㄨㄟˇ　ㄔㄤˊ　ㄌㄧㄡˊ,,,,,非主條成語
5099,方寸須霺,ㄈㄤ　ㄘㄨㄣˋ　ㄒㄩ　ㄨㄟˊ,,,,,非主條成語
5100,咫尺千里,ㄓˇ　ㄔˇ　ㄑㄧㄢ　ㄌㄧˇ,,,,,非主條成語
5101,虛應故事,ㄒㄩ　ㄧㄥˋ　ㄍㄨˋ　ㄕˋ,形容做事不認真，敷衍了事。,,,因循故事、應名故事、聊應故事、虛文故事、虛行故事,主條成語
5102,眉清目秀,ㄇㄟˊ　ㄑㄧㄥ　ㄇㄨˋ　ㄒㄧㄡˋ,形容面貌清秀俊麗。,,,清眉秀目、目秀眉清、眉彎目秀、眉清目朗、眉目清明、眉目清秀,主條成語
5103,損人利己,ㄙㄨㄣˇ　ㄖㄣˊ　ㄌㄧˋ　ㄐㄧˇ,使別人蒙受損失而讓自己得到利益。,,,利己損人、損人不利己、損人益己、損人肥己、損己利人、損己益人,主條成語
5104,苗而不秀,ㄇㄧㄠˊ　ㄦˊ　ㄅㄨˋ　ㄒㄧㄡˋ,禾苗雖然成長，卻不吐穗開花。＆比喻人的資質雖好，但始終沒有成就。,,,苗而不穗、苗而未秀,主條成語
5105,聊應故事,ㄌㄧㄠˊ　ㄧㄥˋ　ㄍㄨˋ　ㄕˋ,,,,,非主條成語
5106,虛文故事,ㄒㄩ　ㄨㄣˊ　ㄍㄨˋ　ㄕˋ,,,,,非主條成語
5107,因循故事,ㄧㄣ　ㄒㄩㄣˊ　ㄍㄨˋ　ㄕˋ,,,,,非主條成語
5108,虛行故事,ㄒㄩ　ㄒㄧㄥˊ　ㄍㄨˋ　ㄕˋ,,,,,非主條成語
5109,應名故事,ㄧㄥˋ　ㄇㄧㄥˊ　ㄍㄨˋ　ㄕˋ,,,,,非主條成語
5110,來日方長,ㄌㄞˊ　ㄖˋ　ㄈㄤ　ㄔㄤˊ,將來的日子還很長，指事情未來還有發展或變化。,,,來日正長、後日方長,主條成語
5111,物腐蟲生,ㄨˋ　ㄈㄨˇ　ㄔㄨㄥˊ　ㄕㄥ,比喻事出有因，必先有弱點而後才讓他人有機可乘。,,,,主條成語
5112,瑕瑜互見,ㄒㄧㄚˊ　ㄩˊ　ㄏㄨˋ　ㄒㄧㄢˋ,比喻缺點與優點同時並存。,,,瑕不掩瑜、瑕不揜瑜、瑕不自揜、瑕瑜不掩,主條成語
5113,青雲直上,ㄑㄧㄥ　ㄩㄣˊ　ㄓˊ　ㄕㄤˋ,比喻順利而迅速地升上高位。,,,直上青雲、青霄直上,主條成語
5114,青面獠牙,ㄑㄧㄥ　ㄇㄧㄢˋ　ㄌㄧㄠˊ　ㄧㄚˊ,形容面容非常凶惡可怕。,,,青臉獠牙,主條成語
5115,拈花惹草,ㄋㄧㄢˊ　ㄏㄨㄚ　ㄖㄜˇ　ㄘㄠˇ,比喻男子在外挑逗、勾搭女子，到處留情。＆指種植花木。,,,弄草拈花、惹草拈花、惹草沾花、惹草粘花、惹草黏花、拈花摘草、招花惹草、粘花惹草,主條成語
5116,碩果僅存,ㄕㄨㄛˋ　ㄍㄨㄛˇ　ㄐㄧㄣˇ　ㄘㄨㄣˊ,比喻經過世事汰換而極少數留存的可貴人物或成果。,,,碩果不食、碩果天留、碩果天遺、碩果猶存,主條成語
5117,冰雪聰明,ㄅㄧㄥ　ㄒㄩㄝˇ　ㄘㄨㄥ　ㄇㄧㄥˊ,形容人非常聰明。,,,,主條成語
5118,牽腸掛肚,ㄑㄧㄢ　ㄔㄤˊ　ㄍㄨㄚˋ　ㄉㄨˋ,比喻十分掛念，放心不下。,,,割肚牽腸、懸腸掛肚、挂肚牽腸、掛肚牽心、掛肚牽腸、牽腸割肚、牽腸惹肚、牽腸挂肚、繫肚牽腸,主條成語
5119,同心協力,ㄊㄨㄥˊ　ㄒㄧㄣ　ㄒㄧㄝˊ　ㄌㄧˋ,團結一致，共同努力。,,,並力同心、併力同心、協力同心、同心一力、同心合力、同心并力,主條成語
5120,少年老成,ㄕㄠˋ　ㄋㄧㄢˊ　ㄌㄠˇ　ㄔㄥˊ,年紀雖輕，舉止卻成熟穩重，辦事老練。＆年輕人外表較實際年齡成熟或缺乏朝氣與活力。,,,年少老成,主條成語
5121,舉目無親,ㄐㄩˇ　ㄇㄨˋ　ㄨˊ　ㄑㄧㄣ,指孤單無依。,,,舉目無依、舉目無相識、舉眼無相識、舉眼無親,主條成語
5122,扶老攜幼,ㄈㄨˊ　ㄌㄠˇ　ㄒㄧ　ㄧㄡˋ,指男女老幼全體出動的情況。,,,扶老將幼、攜幼扶老、負老提幼、負老攜幼,主條成語
5123,數一數二,ㄕㄨˇ　ㄧ　ㄕㄨˇ　ㄦˋ,指獨特突出或名列前茅。,,,,主條成語
5124,中庸之道,ㄓㄨㄥ　ㄩㄥ　ㄓ　ㄉㄠˋ,不偏不倚、無過與不及的處事態度。,,,,主條成語
5125,弄瓦之喜,ㄋㄨㄥˋ　ㄨㄚˇ　ㄓ　ㄒㄧˇ,祝賀人生女之辭。,,,,主條成語
5126,錦心繡口,ㄐㄧㄣˇ　ㄒㄧㄣ　ㄒㄧㄡˋ　ㄎㄡˇ,形容心思精巧，能寫出華美的作品。,,,繡口錦心、錦心繡腑、錦心繡腸、錦心繡腹、錦繡心腸、錦腸繡舌,主條成語
5127,牢不可破,ㄌㄠˊ　ㄅㄨˋ　ㄎㄜˇ　ㄆㄛˋ,形容事情或觀念已經固定，難以改變。,,,牢不可拔、牢不可解、牢不破,主條成語
5128,蓬蓽生輝,ㄆㄥˊ　ㄅㄧˋ　ㄕㄥ　ㄏㄨㄟ,比喻他人所贈之物或貴客之來訪令人倍感光彩。,,,蓬屋生輝、蓬戶增光、蓬甕生輝、蓬蓽增輝、蓬蓽生光、輝生蓬蓽,主條成語
5129,延年益壽,ㄧㄢˊ　ㄋㄧㄢˊ　ㄧˋ　ㄕㄡˋ,拉長歲數，增加壽命。,,,延壽益年、延齡增壽、益壽延年、益壽延齡,主條成語
5130,譁眾取寵,ㄏㄨㄚˊ　ㄓㄨㄥˋ　ㄑㄩˇ　ㄔㄨㄥˇ,用迎合眾人喜好的言語行動，博取他人對自己的喜愛。,,,取寵譁世、譁世取寵,主條成語
5131,應有盡有,ㄧㄥ　ㄧㄡˇ　ㄐㄧㄣˋ　ㄧㄡˇ,形容事物齊備。,,,,主條成語
5132,我見猶憐,ㄨㄛˇ　ㄐㄧㄢˋ　ㄧㄡˊ　ㄌㄧㄢˊ,形容女子容貌美麗，惹人憐愛。,,,,主條成語
5133,束手待斃,ㄕㄨˋ　ㄕㄡˇ　ㄉㄞˋ　ㄅㄧˋ,比喻危難時不想辦法解決，坐等敗亡。,,,束手受斃、束手待死、束手待盡,主條成語
5134,龍潭虎穴,ㄌㄨㄥˊ　ㄊㄢˊ　ㄏㄨˇ　ㄒㄩㄝˋ,比喻危及生命的凶險之地。,,,虎穴龍潭、虎窟龍潭、龍淵虎穴、龍潭虎窟,主條成語
5135,臨淵羨魚,ㄌㄧㄣˊ　ㄩㄢ　ㄒㄧㄢˋ　ㄩˊ,比喻雖有欲望，卻沒有實際行動。,,,羨魚結網、臨川羨魚、臨河欲魚、臨河羨魚、臨淵之羨、臨淵結網,主條成語
5136,豁達大度,ㄏㄨㄛˋ　ㄉㄚˊ　ㄉㄚˋ　ㄉㄨˋ,形容心胸寬闊、度量宏大，能容人。,,,大度豁達、宏達大度、寬仁大度、寬洪大度、恢宏大度、恢廓大度,主條成語
5137,有始有終,ㄧㄡˇ　ㄕˇ　ㄧㄡˇ　ㄓㄨㄥ,指有開頭，有結尾。比喻做事能貫徹到底。,,,有始有卒,主條成語
5138,乘龍快婿,ㄔㄥˊ　ㄌㄨㄥˊ　ㄎㄨㄞˋ　ㄒㄩˋ,比喻好女婿。,,,乘龍之客、乘龍佳?、乘龍女?、快婿乘龍,主條成語
5139,牝雞司晨,ㄆㄧㄣˋ　ㄐㄧ　ㄙ　ㄔㄣˊ,比喻女性當權。多含貶義。,,,司晨牝雞、牝雞司旦、牝雞晨鳴、牝雞牡鳴,主條成語
5140,冰清玉潔,ㄅㄧㄥ　ㄑㄧㄥ　ㄩˋ　ㄐㄧㄝˊ,如同冰一樣清澈晶瑩，如同玉一般潔淨無瑕。＆ 比喻品行高潔磊落。＆ 比喻女子堅守貞操。,,,冰清玉粹、冰潔淵清、冰潔玉清、淵清玉潔、玉潔冰清,主條成語
5141,不期而遇,ㄅㄨˋ　ㄑㄧˊ　ㄦˊ　ㄩˋ,指未經約定而意外相見。,,,不期而會,主條成語
5142,顧影自憐,ㄍㄨˋ　ㄧㄥˇ　ㄗˋ　ㄌㄧㄢˊ,看著自己的形影，想到自己的遭遇，自我憐憫。 ＆看著自己美好的形影，自我欣賞。,,,弔影自憐、形影自憐、隻影自憐,主條成語
5143,好大喜功,ㄏㄠˋ　ㄉㄚˋ　ㄒㄧˇ　ㄍㄨㄥ,指行事作風鋪張浮誇，不切實際。,,,侈功好大、喜功好大、好大喜誇,主條成語
5144,近朱者赤，近墨者黑,ㄐㄧㄣˋ　ㄓㄨ　ㄓㄜˇ　ㄔˋ　ㄐㄧㄣˋ　ㄇㄛˋ　ㄓㄜˇ　ㄏㄟ,指環境會影響和改變人的習性。,,,近墨者黑、近朱者赤、近硃者赤、麗朱者丹，附墨者黑,主條成語
5145,如花似玉,ㄖㄨˊ　ㄏㄨㄚ　ㄙˋ　ㄩˋ,比喻女子美麗動人。,,,似玉如花、如玉如花、如花似月,主條成語
5146,如狼似虎,ㄖㄨˊ　ㄌㄤˊ　ㄙˋ　ㄏㄨˇ,形容像狼、虎般行動迅速，威武勇猛。＆比喻性情、手段凶狠殘暴。,,,似虎如狼、如狼如虎、如虎如狼、如龍似虎,主條成語
5147,吟風弄月,ㄧㄣˊ　ㄈㄥ　ㄋㄨㄥˋ　ㄩㄝˋ,指詩人以清風、明月等題材來吟詠詩句。＆比喻吟詩作對的閒情逸致。＆指作品空泛不切實際。,,,吟弄風月、吟風?月、吟風詠月、嘯月吟風、嘲弄風月、嘲風弄月、嘲風詠月、弄月吟風、弄月嘲風、詠月嘲風,主條成語
5148,姑息養奸,ㄍㄨ　ㄒㄧˊ　ㄧㄤˇ　ㄐㄧㄢ,指過分縱容，助長壞人壞事。,,,姑息惠奸、姑息惠姦、姑息養姦,主條成語
5149,放浪形骸,ㄈㄤˋ　ㄌㄤˋ　ㄒㄧㄥˊ　ㄏㄞˊ,形容縱情放任，不受世俗禮教約束。,,,形骸放浪、形骸脫略、放浪形跡、放蕩形骸、脫略形骸,主條成語
5150,不念舊惡,ㄅㄨˋ　ㄋㄧㄢˋ　ㄐㄧㄡˋ　ㄜˋ,不記以往的過錯嫌隙。,,,豈念舊惡,主條成語
5151,我行我素,ㄨㄛˇ　ㄒㄧㄥˊ　ㄨㄛˇ　ㄙㄨˋ,形容人不受外界影響，仍然依照自己的心意行事。,,,我行我法、行其素,主條成語
5152,弔民伐罪,ㄉㄧㄠˋ　ㄇㄧㄣˊ　ㄈㄚ　ㄗㄨㄟˋ,征討殘暴有罪的統治者，以撫慰受難的百姓。,,,伐罪弔人、伐罪弔民,主條成語
5153,毀家紓難,ㄏㄨㄟˇ　ㄐㄧㄚ　ㄕㄨ　ㄋㄢˋ,傾盡家產以解救國家危難。,,,毀家抒難、毀家紓國,主條成語
5154,五世其昌,ㄨˇ　ㄕˋ　ㄑㄧˊ　ㄔㄤ,指後代子孫昌盛顯赫。,,,,主條成語
5155,日暮途窮,ㄖˋ　ㄇㄨˋ　ㄊㄨˊ　ㄑㄩㄥˊ,比喻處境非常艱困。＆比喻年事已高，人生將盡。,,,日暮塗殫、日暮窮途、日暮路遠、日暮途遠、日暮道遠、途窮日暮、途遙日暮、道遠日暮,主條成語
5156,呼天搶地,ㄏㄨ　ㄊㄧㄢ　ㄑㄧㄤ　ㄉㄧˋ,大聲喊天，用頭撞地。形容極度哀傷、悲痛。,,,呼天喚地、呼天號地、搶地呼天、籲地呼天,主條成語
5157,錦衣玉食,ㄐㄧㄣˇ　ㄧ　ㄩˋ　ㄕˊ,形容豪華奢侈的生活。,,,玉食錦衣、綺襦玉食、錦衣肉食,主條成語
5158,作姦犯科,ㄗㄨㄛˋ　ㄐㄧㄢ　ㄈㄢˋ　ㄎㄜ,指為非作歹，違法亂紀。,,,作奸犯科,主條成語
5159,好為人師,ㄏㄠˋ　ㄨㄟˊ　ㄖㄣˊ　ㄕ,指人自以為是，喜歡教導別人。,,,,主條成語
5160,作奸犯科,ㄗㄨㄛˋ　ㄐㄧㄢ　ㄈㄢˋ　ㄎㄜ,,,,,非主條成語
5161,眉目清秀,ㄇㄟˊ　ㄇㄨˋ　ㄑㄧㄥ　ㄒㄧㄡˋ,,,,,非主條成語
5162,利己損人,ㄌㄧˋ　ㄐㄧˇ　ㄙㄨㄣˇ　ㄖㄣˊ,,,,,非主條成語
5163,損人益己,ㄙㄨㄣˇ　ㄖㄣˊ　ㄧˋ　ㄐㄧˇ,,,,,非主條成語
5164,損己利人,ㄙㄨㄣˇ　ㄐㄧˇ　ㄌㄧˋ　ㄖㄣˊ,,,,,非主條成語
5165,損己益人,ㄙㄨㄣˇ　ㄐㄧˇ　ㄧˋ　ㄖㄣˊ,,,,,非主條成語
5166,損人肥己,ㄙㄨㄣˇ　ㄖㄣˊ　ㄈㄟˊ　ㄐㄧˇ,,,,,非主條成語
5167,損人不利己,ㄙㄨㄣˇ　ㄖㄣˊ　ㄅㄨˋ　ㄌㄧˋ　ㄐㄧˇ,,,,,非主條成語
5168,眉清目朗,ㄇㄟˊ　ㄑㄧㄥ　ㄇㄨˋ　ㄌㄤˇ,,,,,非主條成語
5169,清眉秀目,ㄑㄧㄥ　ㄇㄟˊ　ㄒㄧㄡˋ　ㄇㄨˋ,,,,,非主條成語
5170,目秀眉清,ㄇㄨˋ　ㄒㄧㄡˋ　ㄇㄟˊ　ㄑㄧㄥ,,,,,非主條成語
5171,眉彎目秀,ㄇㄟˊ　ㄨㄢ　ㄇㄨˋ　ㄒㄧㄡˋ,,,,,非主條成語
5172,眉目清明,ㄇㄟˊ　ㄇㄨˋ　ㄑㄧㄥ　ㄇㄧㄥˊ,,,,,非主條成語
5173,苗而未秀,ㄇㄧㄠˊ　ㄦˊ　ㄨㄟˋ　ㄒㄧㄡˋ,,,,,非主條成語
5174,後日方長,ㄏㄡˋ　ㄖˋ　ㄈㄤ　ㄔㄤˊ,,,,,非主條成語
5175,來日正長,ㄌㄞˊ　ㄖˋ　ㄓㄥˋ　ㄔㄤˊ,,,,,非主條成語
5176,苗而不穗,ㄇㄧㄠˊ　ㄦˊ　ㄅㄨˋ　ㄙㄨㄟˋ,,,,,非主條成語
5177,瑕不揜瑜,ㄒㄧㄚˊ　ㄅㄨˋ　ㄧㄢˇ　ㄩˊ,,,,,非主條成語
5178,瑕不掩瑜,ㄒㄧㄚˊ　ㄅㄨˋ　ㄧㄢˇ　ㄩˊ,,,,,非主條成語
5179,瑕不自揜,ㄒㄧㄚˊ　ㄅㄨˋ　ㄗˋ　ㄧㄢˇ,,,,,非主條成語
5180,瑕瑜不掩,ㄒㄧㄚˊ　ㄩˊ　ㄅㄨˋ　ㄧㄢˇ,,,,,非主條成語
5181,直上青雲,ㄓˊ　ㄕㄤˋ　ㄑㄧㄥ　ㄩㄣˊ,,,,,非主條成語
5182,青霄直上,ㄑㄧㄥ　ㄒㄧㄠ　ㄓˊ　ㄕㄤˋ,,,,,非主條成語
5183,青臉獠牙,ㄑㄧㄥ　ㄌㄧㄢˇ　ㄌㄧㄠˊ　ㄧㄚˊ,,,,,非主條成語
5184,惹草拈花,ㄖㄜˇ　ㄘㄠˇ　ㄋㄧㄢˊ　ㄏㄨㄚ,,,,,非主條成語
5185,粘花惹草,ㄋㄧㄢˊ　ㄏㄨㄚ　ㄖㄜˇ　ㄘㄠˇ,,,,,非主條成語
5186,惹草粘花,ㄖㄜˇ　ㄘㄠˇ　ㄋㄧㄢˊ　ㄏㄨㄚ,,,,,非主條成語
5187,弄草拈花,ㄋㄨㄥˋ　ㄘㄠˇ　ㄋㄧㄢˇ　ㄏㄨㄚ,,,,,非主條成語
5188,拈花摘草,ㄋㄧㄢˊ　ㄏㄨㄚ　ㄓㄞ　ㄘㄠˇ,,,,,非主條成語
5189,招花惹草,ㄓㄠ　ㄏㄨㄚ　ㄖㄜˇ　ㄘㄠˇ,,,,,非主條成語
5190,惹草沾花,ㄖㄜˇ　ㄘㄠˇ　ㄓㄢ　ㄏㄨㄚ,,,,,非主條成語
5191,惹草黏花,ㄖㄜˇ　ㄘㄠˇ　ㄋㄧㄢˊ　ㄏㄨㄚ,,,,,非主條成語
5192,碩果不食,ㄕㄨㄛˋ　ㄍㄨㄛˇ　ㄅㄨˋ　ㄕˊ,,,,,非主條成語
5193,碩果猶存,ㄕㄨㄛˋ　ㄍㄨㄛˇ　ㄧㄡˊ　ㄘㄨㄣˊ,,,,,非主條成語
5194,碩果天留,ㄕㄨㄛˋ　ㄍㄨㄛˇ　ㄊㄧㄢ　ㄌㄧㄡˊ,,,,,非主條成語
5195,碩果天遺,ㄕㄨㄛˋ　ㄍㄨㄛˇ　ㄊㄧㄢ　ㄧˊ,,,,,非主條成語
5196,牽腸惹肚,ㄑㄧㄢ　ㄔㄤˊ　ㄖㄜˇ　ㄉㄨˋ,,,,,非主條成語
5197,牽腸割肚,ㄑㄧㄢ　ㄔㄤˊ　ㄍㄜ　ㄉㄨˋ,,,,,非主條成語
5198,掛肚牽心,ㄍㄨㄚˋ　ㄉㄨˋ　ㄑㄧㄢ　ㄒㄧㄣ,,,,,非主條成語
5199,割肚牽腸,ㄍㄜ　ㄉㄨˋ　ㄑㄧㄢ　ㄔㄤˊ,,,,,非主條成語
5200,挂肚牽腸,ㄍㄨㄚˋ　ㄉㄨˋ　ㄑㄧㄢ　ㄔㄤˊ,,,,,非主條成語
5201,牽腸挂肚,ㄑㄧㄢ　ㄔㄤˊ ㄍㄨㄚˋ　ㄉㄨˋ,,,,,非主條成語
5202,掛肚牽腸,ㄍㄨㄚˋ　ㄉㄨˋ　ㄑㄧㄢ　ㄔㄤˊ,,,,,非主條成語
5203,繫肚牽腸,ㄒㄧˋ　ㄉㄨˋ　ㄑㄧㄢ　ㄔㄤˊ,,,,,非主條成語
5204,懸腸掛肚,ㄒㄩㄢˊ　ㄔㄤˊ　ㄍㄨㄚˋ　ㄉㄨˋ,,,,,非主條成語
5205,同心一力,ㄊㄨㄥˊ　ㄒㄧㄣ　ㄧ　ㄌㄧˋ,,,,,非主條成語
5206,同心并力,ㄊㄨㄥˊ　ㄒㄧㄣ　ㄅㄧㄥˋ　ㄌㄧˋ,,,,,非主條成語
5207,協力同心,ㄒㄧㄝˊ　ㄌㄧˋ　ㄊㄨㄥˊ　ㄒㄧㄣ,,,,,非主條成語
5208,並力同心,ㄅㄧㄥˋ　ㄌㄧˋ　ㄊㄨㄥˊ　ㄒㄧㄣ,,,,,非主條成語
5209,同心合力,ㄊㄨㄥˊ　ㄒㄧㄣ　ㄏㄜˊ　ㄌㄧˋ,,,,,非主條成語
5210,併力同心,ㄅㄧㄥˋ　ㄌㄧˋ　ㄊㄨㄥˊ　ㄒㄧㄣ,,,,,非主條成語
5211,年少老成,ㄋㄧㄢˊ　ㄕㄠˋ　ㄌㄠˇ　ㄔㄥˊ,,,,,非主條成語
5212,舉眼無相識,ㄐㄩˇ　ㄧㄢˇ　ㄨˊ　ㄒㄧㄤ　ㄕˋ,,,,,非主條成語
5213,舉目無相識,ㄐㄩˇ　ㄇㄨˋ　ㄨˊ　ㄒㄧㄤ　ㄕˋ,,,,,非主條成語
5214,舉眼無親,ㄐㄩˇ　ㄧㄢˇ　ㄨˊ　ㄑㄧㄣ,,,,,非主條成語
5215,舉目無依,ㄐㄩˇ　ㄇㄨˋ　ㄨˊ　ㄧ,,,,,非主條成語
5216,負老攜幼,ㄈㄨˋ　ㄌㄠˇ　ㄒㄧ　ㄧㄡˋ,,,,,非主條成語
5217,攜幼扶老,ㄒㄧ　ㄧㄡˋ　ㄈㄨˊ　ㄌㄠˇ,,,,,非主條成語
5218,扶老將幼,ㄈㄨˊ　ㄌㄠˇ　ㄐㄧㄤ　ㄧㄡˋ,,,,,非主條成語
5219,負老提幼,ㄈㄨˋ　ㄌㄠˇ　ㄊㄧˊ　ㄧㄡˋ,,,,,非主條成語
5220,錦心繡腑,ㄐㄧㄣˇ　ㄒㄧㄣ　ㄒㄧㄡˋ　ㄈㄨˇ,,,,,非主條成語
5221,錦心繡腸,ㄐㄧㄣˇ　ㄒㄧㄣ　ㄒㄧㄡˋ　ㄔㄤˊ,,,,,非主條成語
5222,錦腸繡舌,ㄐㄧㄣˇ　ㄔㄤˊ　ㄒㄧㄡˋ　ㄕㄜˊ,,,,,非主條成語
5223,錦心繡腹,ㄐㄧㄣˇ　ㄒㄧㄣ　ㄒㄧㄡˋ　ㄈㄨˋ,,,,,非主條成語
5224,錦繡心腸,ㄐㄧㄣˇ　ㄒㄧㄡˋ　ㄒㄧㄣ　ㄔㄤˊ,,,,,非主條成語
5225,繡口錦心,ㄒㄧㄡˋ　ㄎㄡˇ　ㄐㄧㄣˇ　ㄒㄧㄣ,,,,,非主條成語
5226,牢不可拔,ㄌㄠˊ　ㄅㄨˋ　ㄎㄜˇ　ㄅㄚˊ,,,,,非主條成語
5227,牢不可解,ㄌㄠˊ　ㄅㄨˋ　ㄎㄜˇ　ㄐㄧㄝˇ,,,,,非主條成語
5228,牢不破,ㄌㄠˊ　ㄅㄨˋ　ㄆㄛˋ,,,,,非主條成語
5229,蓬戶增光,ㄆㄥˊ　ㄏㄨˋ　ㄗㄥ　ㄍㄨㄤ,,,,,非主條成語
5230,蓬蓽生光,ㄆㄥˊ　ㄅㄧˋ　ㄕㄥ　ㄍㄨㄤ,,,,,非主條成語
5231,蓬甕生輝,ㄆㄥˊ　ㄨㄥˋ　ㄕㄥ　ㄏㄨㄟ,,,,,非主條成語
5232,輝生蓬蓽,ㄏㄨㄟ　ㄕㄥ　ㄆㄥˊ　ㄅㄧˋ,,,,,非主條成語
5233,蓬屋生輝,ㄆㄥˊ　ㄨ　ㄕㄥ　ㄏㄨㄟ,,,,,非主條成語
5234,蓬蓽增輝,ㄆㄥˊ　ㄅㄧˋ　ㄗㄥ　ㄏㄨㄟ,,,,,非主條成語
5235,延壽益年,ㄧㄢˊ　ㄕㄡˋ　ㄧˋ　ㄋㄧㄢˊ,,,,,非主條成語
5236,延齡增壽,ㄧㄢˊ　ㄌㄧㄥˊ　ㄗㄥ　ㄕㄡˋ,,,,,非主條成語
5237,益壽延齡,ㄧˋ　ㄕㄡˋ　ㄧㄢˊ　ㄌㄧㄥˊ,,,,,非主條成語
5238,益壽延年,ㄧˋ　ㄕㄡˋ　ㄧㄢˊ　ㄋㄧㄢˊ,,,,,非主條成語
5239,譁世取寵,ㄏㄨㄚˊ　ㄕˋ　ㄑㄩˇ　ㄔㄨㄥˇ,,,,,非主條成語
5240,取寵譁世,ㄑㄩˇ　ㄔㄨㄥˇ ㄏㄨㄚˊ　ㄕˋ,,,,,非主條成語
5241,束手待盡,ㄕㄨˋ　ㄕㄡˇ　ㄉㄞˋ　ㄐㄧㄣˋ,,,,,非主條成語
5242,束手受斃,ㄕㄨˋ　ㄕㄡˇ　ㄕㄡˋ　ㄅㄧˋ,,,,,非主條成語
5243,束手待死,ㄕㄨˋ　ㄕㄡˇ　ㄉㄞˋ　ㄙˇ,,,,,非主條成語
5244,龍淵虎穴,ㄌㄨㄥˊ　ㄩㄢ　ㄏㄨˇ　ㄒㄩㄝˋ,,,,,非主條成語
5245,虎窟龍潭,ㄏㄨˇ　ㄎㄨ　ㄌㄨㄥˊ　ㄊㄢˊ,,,,,非主條成語
5246,龍潭虎窟,ㄌㄨㄥˊ　ㄊㄢˊ　ㄏㄨˇ　ㄎㄨ,,,,,非主條成語
5247,虎穴龍潭,ㄏㄨˇ　ㄒㄩㄝˋ　ㄌㄨㄥˊ　ㄊㄢˊ,,,,,非主條成語
5248,臨河欲魚,ㄌㄧㄣˊ　ㄏㄜˊ　ㄩˋ　ㄩˊ,,,,,非主條成語
5249,臨川羨魚,ㄌㄧㄣˊ　ㄔㄨㄢ　ㄒㄧㄢˋ　ㄩˊ,,,,,非主條成語
5250,臨河羨魚,ㄌㄧㄣˊ　ㄏㄜˊ　ㄒㄧㄢˋ　ㄩˊ,,,,,非主條成語
5251,羨魚結網,ㄒㄧㄢˋ　ㄩˊ　ㄐㄧㄝˊ　ㄨㄤˇ,,,,,非主條成語
5252,臨淵之羨,ㄌㄧㄣˊ　ㄩㄢ　ㄓ　ㄒㄧㄢˋ,,,,,非主條成語
5253,臨淵結網,ㄌㄧㄣˊ　ㄩㄢ　ㄐㄧㄝˊ　ㄨㄤˇ,,,,,非主條成語
5254,恢廓大度,ㄏㄨㄟ　ㄎㄨㄛˋ　ㄉㄚˋ　ㄉㄨˋ,,,,,非主條成語
5255,宏達大度,ㄏㄨㄥˊ　ㄉㄚˊ　ㄉㄚˋ　ㄉㄨˋ,,,,,非主條成語
5256,寬仁大度,ㄎㄨㄢ　ㄖㄣˊ　ㄉㄚˋ　ㄉㄨˋ,,,,,非主條成語
5257,寬洪大度,ㄎㄨㄢ　ㄏㄨㄥˊ　ㄉㄚˋ　ㄉㄨˋ,,,,,非主條成語
5258,大度豁達,ㄉㄚˋ　ㄉㄨˋ　ㄏㄨㄛˋ　ㄉㄚˊ,,,,,非主條成語
5259,恢宏大度,ㄏㄨㄟ　ㄏㄨㄥˊ　ㄉㄚˋ　ㄉㄨˋ,,,,,非主條成語
5260,有始有卒,ㄧㄡˇ　ㄕˇ　ㄧㄡˇ　ㄗㄨˊ,,,,,非主條成語
5261,乘龍佳?,ㄔㄥˊ　ㄌㄨㄥˊ　ㄐㄧㄚ　ㄒㄩˋ,,,,,非主條成語
5262,乘龍女?,ㄔㄥˊ　ㄌㄨㄥˊ　ㄋㄩˇ　ㄒㄩˋ,,,,,非主條成語
5263,乘龍之客,ㄔㄥˊ　ㄌㄨㄥˊ　ㄓ　ㄎㄜˋ,,,,,非主條成語
5264,快婿乘龍,ㄎㄨㄞˋ　ㄒㄩˋ　ㄔㄥˊ　ㄌㄨㄥˊ,,,,,非主條成語
5265,牝雞牡鳴,ㄆㄧㄣˋ　ㄐㄧ　ㄇㄨˇ　ㄇㄧㄥˊ,,,,,非主條成語
5266,牝雞晨鳴,ㄆㄧㄣˋ　ㄐㄧ　ㄔㄣˊ　ㄇㄧㄥˊ,,,,,非主條成語
5267,牝雞司旦,ㄆㄧㄣˋ　ㄐㄧ  ㄙ　ㄉㄢˋ,,,,,非主條成語
5268,司晨牝雞,ㄙ　ㄔㄣˊ ㄆㄧㄣˋ　ㄐㄧ,,,,,非主條成語
5269,冰潔淵清,ㄅㄧㄥ　ㄐㄧㄝˊ　ㄩㄢ　ㄑㄧㄥ,,,,,非主條成語
5270,淵清玉潔,ㄩㄢ　ㄑㄧㄥ　ㄩˋ　 ㄐㄧㄝˊ,,,,,非主條成語
5271,冰清玉粹,ㄅㄧㄥ　ㄑㄧㄥ　ㄩˋ　ㄘㄨㄟˋ,,,,,非主條成語
5272,玉潔冰清,ㄩˋ　ㄐㄧㄝˊ　ㄅㄧㄥ　ㄑㄧㄥ,,,,,非主條成語
5273,冰潔玉清,ㄅㄧㄥ　ㄐㄧㄝˊ　ㄩˋ　ㄑㄧㄥ,,,,,非主條成語
5274,不期而會,ㄅㄨˋ　ㄑㄧˊ　ㄦˊ　ㄏㄨㄟˋ,,,,,非主條成語
5275,形影自憐,ㄒㄧㄥˊ　ㄧㄥˇ ㄗˋ ㄌㄧㄢˊ,,,,,非主條成語
5276,弔影自憐,ㄉㄧㄠˋ　ㄧㄥˇ　ㄗˋ　ㄌㄧㄢˊ,,,,,非主條成語
5277,隻影自憐,ㄓ　ㄧㄥˇ ㄗˋ ㄌㄧㄢˊ,,,,,非主條成語
5278,好大喜誇,ㄏㄠˋ　ㄉㄚˋ　ㄒㄧˇ　ㄎㄨㄚ,,,,,非主條成語
5279,侈功好大,ㄔˇ　ㄍㄨㄥ　ㄏㄠˋ　ㄉㄚˋ,,,,,非主條成語
5280,喜功好大,ㄒㄧˇ　ㄍㄨㄥ　ㄏㄠˋ　ㄉㄚˋ,,,,,非主條成語
5281,麗朱者丹，附墨者黑,ㄌㄧˋ　ㄓㄨ　ㄓㄜˇ　ㄉㄢ，ㄈㄨˋ　ㄇㄛˋ　ㄓㄜˇ　ㄏㄟ,,,,,非主條成語
5282,近朱者赤,ㄐㄧㄣˋ　ㄓㄨ　ㄓㄜˇ　ㄔˋ,,,,,非主條成語
5283,近墨者黑,ㄐㄧㄣˋ　ㄇㄛˋ　ㄓㄜˇ　ㄏㄟ,,,,,非主條成語
5284,近硃者赤,ㄐㄧㄣˋ　ㄓㄨ　ㄓㄜˇ　ㄔˋ,,,,,非主條成語
5285,如花似月,ㄖㄨˊ　ㄏㄨㄚ　ㄙˋ　ㄩㄝˋ,,,,,非主條成語
5286,似玉如花,ㄙˋ　ㄩˋ　ㄖㄨˊ　ㄏㄨㄚ,,,,,非主條成語
5287,如玉如花,ㄖㄨˊ　ㄩˋ　ㄖㄨˊ　 ㄏㄨㄚ,,,,,非主條成語
5288,如狼如虎,ㄖㄨˊ　ㄌㄤˊ　ㄖㄨˊ　ㄏㄨˇ,,,,,非主條成語
5289,如虎如狼,ㄖㄨˊ　ㄏㄨˇ　ㄖㄨˊ　ㄌㄤˊ,,,,,非主條成語
5290,如龍似虎,ㄖㄨˊ　ㄌㄨㄥˊ　ㄙˋ　ㄏㄨˇ,,,,,非主條成語
5291,似虎如狼,ㄙˋ　ㄏㄨˇ　ㄖㄨˊ　ㄌㄤˊ,,,,,非主條成語
5292,吟風?月,ㄧㄣˊ　ㄈㄥ　ㄩㄥˇ　ㄩㄝˋ,,,,,非主條成語
5293,吟弄風月,ㄧㄣˊ　ㄋㄨㄥˋ　ㄈㄥ　ㄩㄝˋ,,,,,非主條成語
5294,詠月嘲風,ㄩㄥˇ　ㄩㄝˋ　ㄔㄠˊ　ㄈㄥ,,,,,非主條成語
5295,弄月嘲風,ㄋㄨㄥˋ　ㄩㄝˋ　ㄔㄠˊ　ㄈㄥ,,,,,非主條成語
5296,嘲弄風月,ㄔㄠˊ　ㄋㄨㄥˋ　ㄈㄥ　ㄩㄝˋ,,,,,非主條成語
5297,嘲風詠月,ㄔㄠˊ　ㄈㄥ　ㄩㄥˇ　ㄩㄝˋ,,,,,非主條成語
5298,吟風詠月,ㄧㄣˊ　ㄈㄥ　ㄩㄥˇ　ㄩㄝˋ,,,,,非主條成語
5299,嘯月吟風,ㄒㄧㄠˋ　ㄩㄝˋ　ㄧㄣˊ　ㄈㄥ,,,,,非主條成語
5300,嘲風弄月,ㄔㄠˊ　ㄈㄥ　ㄋㄨㄥˋ　ㄩㄝˋ,,,,,非主條成語
5301,弄月吟風,ㄋㄨㄥˋ　ㄩㄝˋ　ㄧㄣˊ　ㄈㄥ,,,,,非主條成語
5302,姑息惠姦,ㄍㄨ　ㄒㄧˊ　ㄏㄨㄟˋ　ㄐㄧㄢ,,,,,非主條成語
5303,姑息惠奸,ㄍㄨ　ㄒㄧˊ　ㄏㄨㄟˋ　ㄐㄧㄢ,,,,,非主條成語
5304,姑息養姦,ㄍㄨ　ㄒㄧˊ　ㄧㄤˇ　ㄐㄧㄢ,,,,,非主條成語
5305,形骸放浪,ㄒㄧㄥˊ　ㄏㄞˊ　ㄈㄤˋ　ㄌㄤˋ,,,,,非主條成語
5306,放浪形跡,ㄈㄤˋ　ㄌㄤˋ　ㄒㄧㄥˊ　ㄐㄧ,,,,,非主條成語
5307,放蕩形骸,ㄈㄤˋ　ㄉㄤˋ　ㄒㄧㄥˊ　ㄏㄞˊ,,,,,非主條成語
5308,脫略形骸,ㄊㄨㄛ　ㄌㄩㄝˋ　ㄒㄧㄥˊ　ㄏㄞˊ,,,,,非主條成語
5309,形骸脫略,ㄒㄧㄥˊ　ㄏㄞˊ　ㄊㄨㄛ　ㄌㄩㄝˋ,,,,,非主條成語
5310,豈念舊惡,ㄑㄧˇ　ㄋㄧㄢˋ　ㄐㄧㄡˋ　ㄜˋ,,,,,非主條成語
5311,行其素,ㄒㄧㄥˊ　ㄑㄧˊ　ㄙㄨˋ,,,,,非主條成語
5312,我行我法,ㄨㄛˇ　ㄒㄧㄥˊ　ㄨㄛˇ　ㄈㄚˇ,,,,,非主條成語
5313,伐罪弔民,ㄈㄚ　ㄗㄨㄟˋ　ㄉㄧㄠˋ　ㄇㄧㄣˊ,,,,,非主條成語
5314,伐罪弔人,ㄈㄚ　ㄗㄨㄟˋ　ㄉㄧㄠˋ　ㄖㄣˊ,,,,,非主條成語
5315,毀家紓國,ㄏㄨㄟˇ　ㄐㄧㄚ　ㄕㄨ　ㄍㄨㄛˊ,,,,,非主條成語
5316,毀家抒難,ㄏㄨㄟˇ　ㄐㄧㄚ　ㄕㄨ　ㄋㄢˋ,,,,,非主條成語
5317,日暮路遠,ㄖˋ　ㄇㄨˋ　ㄌㄨˋ　ㄩㄢˇ,,,,,非主條成語
5318,日暮道遠,ㄖˋ　ㄇㄨˋ　ㄉㄠˋ　ㄩㄢˇ,,,,,非主條成語
5319,道遠日暮,ㄉㄠˋ　ㄩㄢˇ　ㄖˋ　ㄇㄨˋ,,,,,非主條成語
5320,日暮途遠,ㄖˋ　ㄇㄨˋ　ㄊㄨˊ　ㄩㄢˇ,,,,,非主條成語
5321,日暮塗殫,ㄖˋ　ㄇㄨˋ　ㄊㄨˊ　ㄉㄢ,,,,,非主條成語
5322,日暮窮途,ㄖˋ　ㄇㄨˋ　ㄑㄩㄥˊ　ㄊㄨˊ,,,,,非主條成語
5323,途遙日暮,ㄊㄨˊ　ㄧㄠˊ　ㄖˋ　ㄇㄨˋ,,,,,非主條成語
5324,途窮日暮,ㄊㄨˊ　ㄑㄩㄥˊ　ㄖˋ　ㄇㄨˋ,,,,,非主條成語
5325,呼天號地,ㄏㄨ　ㄊㄧㄢ　ㄏㄠˊ　ㄉㄧˋ,,,,,非主條成語
5326,籲地呼天,ㄩˋ　ㄉㄧˋ　ㄏㄨ　ㄊㄧㄢ,,,,,非主條成語
5327,呼天喚地,ㄏㄨ　ㄊㄧㄢ　ㄏㄨㄢˋ　ㄉㄧˋ,,,,,非主條成語
5328,搶地呼天,ㄑㄧㄤ　ㄉㄧˋ　ㄏㄨ　ㄊㄧㄢ,,,,,非主條成語
5329,綺襦玉食,ㄑㄧˇ　ㄖㄨˊ　ㄩˋ　ㄕˊ,,,,,非主條成語
5330,錦衣肉食,ㄐㄧㄣˇ　ㄧ　ㄖㄡˋ　ㄕˊ,,,,,非主條成語
5331,玉食錦衣,ㄩˋ　ㄕˊ　ㄐㄧㄣˇ　ㄧ,,,,,非主條成語
5332,鳥語花香,ㄋㄧㄠˇ　ㄩˇ　ㄏㄨㄚ　ㄒㄧㄤ,形容景色美好。,,,花香鳥語、花香鳥鳴,主條成語
5333,花香鳥語,ㄏㄨㄚ　ㄒㄧㄤ　ㄋㄧㄠˇ　ㄩˇ,,,,,非主條成語
5334,花香鳥鳴,ㄏㄨㄚ ㄒㄧㄤ ㄋㄧㄠˇ ㄇㄧㄥˊ,,,,,非主條成語
5335,極樂世界,ㄐㄧˊ　ㄌㄜˋ　ㄕˋ　ㄐㄧㄝˋ,比喻非常快樂，無憂無慮的生活環境。或用來指死者往生的地方。,,,,主條成語
5336,火燒眉毛,ㄏㄨㄛˇ　ㄕㄠ　ㄇㄟˊ　ㄇㄠˊ,比喻情勢非常急迫。,,,,主條成語
5337,正人君子,ㄓㄥˋ　ㄖㄣˊ　ㄐㄩㄣ　ㄗˇ,品行端正的人。,,,端人君子,主條成語
5338,目不暇給,ㄇㄨˋ　ㄅㄨˋ　ㄒㄧㄚˊ　ㄐㄧˇ,形容眼前美好事物不斷或景物變化太快，讓人來不及觀賞。,,,目不暇接、目不暇賞、目不給視、目不給賞,主條成語
5339,目不給賞,ㄇㄨˋ ㄅㄨˋ ㄐㄧˇ ㄕㄤˇ,,,,,非主條成語
5340,目不給視,ㄇㄨˋ　ㄅㄨˋ　ㄐㄧˇ　ㄕˋ,,,,,非主條成語
5341,目不暇接,ㄇㄨˋ　ㄅㄨˋ　ㄒㄧㄚˊ　ㄐㄧㄝ,,,,,非主條成語
5342,目不暇賞,ㄇㄨˋ ㄅㄨˋ ㄒㄧㄚˊ ㄕㄤˇ,,,,,非主條成語
5343,駑馬十駕,ㄋㄨˊ　ㄇㄚˇ　ㄕˊ　ㄐㄧㄚˋ,比喻才智平庸的人，若能努力不懈，也能趕得上聰明的人。,,,十駕莫及、十駕難及、駑馬十舍,主條成語
5344,駑馬十舍,ㄋㄨˊ　ㄇㄚˇ　ㄕˊ　ㄕㄜˋ,,,,,非主條成語
5345,十駕難及,ㄕˊ ㄐㄧㄚˋ ㄋㄢˊ ㄐㄧˊ,,,,,非主條成語
5346,十駕莫及,ㄕˊ ㄐㄧㄚˋ ㄇㄛˋ ㄐㄧˊ,,,,,非主條成語
5347,雀屏中選,ㄑㄩㄝˋ　ㄆㄧㄥˊ　ㄓㄨㄥˋ　ㄒㄩㄢˇ,指被選為女婿。 ＆泛指被選中。,,,射屏之約、金屏之選、金屏選中、雀屏中目、雀屏之選、雀屏選,主條成語
5348,金屏選中,ㄐㄧㄣ ㄆㄧㄥˊ ㄒㄩㄢˇ ㄓㄨㄥˋ,,,,,非主條成語
5349,射屏之約,ㄕㄜˋ ㄆㄧㄥˊ ㄓ ㄩㄝ,,,,,非主條成語
5350,雀屏中目,ㄑㄩㄝˋ　ㄆㄧㄥˊ　ㄓㄨㄥˋ　ㄇㄨˋ,,,,,非主條成語
5351,金屏之選,ㄐㄧㄣ ㄆㄧㄥˊ ㄓ ㄒㄩㄢˇ,,,,,非主條成語
5352,雀屏選,ㄑㄩㄝˋ ㄆㄧㄥˊ ㄒㄩㄢˇ,,,,,非主條成語
5353,雀屏之選,ㄑㄩㄝˋ ㄆㄧㄥˊ ㄓ ㄒㄩㄢˇ,,,,,非主條成語
5354,異口同聲,ㄧˋ　ㄎㄡˇ　ㄊㄨㄥˊ　ㄕㄥ,形容眾人的說法或看法相同。,,,一口同聲、一口同音、異人同辭、異口一言、異口同喙、異口同詞、異口同辭、異口同音、異喙同辭、異聲同辭、異舌同辭,主條成語
5355,異人同辭,ㄧˋ ㄖㄣˊ ㄊㄨㄥˊ ㄘˊ,,,,,非主條成語
5356,異口同辭,ㄧˋ　ㄎㄡˇ　ㄊㄨㄥˊ　ㄘˊ,,,,,非主條成語
5357,異口一言,ㄧˋ ㄎㄡˇ ㄧ ㄧㄢˊ,,,,,非主條成語
5358,異口同音,ㄧˋ　ㄎㄡˇ　ㄊㄨㄥˊ　ㄧㄣ,,,,,非主條成語
5359,異聲同辭,ㄧˋ ㄕㄥ ㄊㄨㄥˊ ㄘˊ,,,,,非主條成語
5360,異口同詞,ㄧˋ ㄎㄡˇ ㄊㄨㄥˊ ㄘˊ,,,,,非主條成語
5361,異舌同辭,ㄧˋ ㄕㄜˊ ㄊㄨㄥˊ ㄘˊ,,,,,非主條成語
5362,一口同聲,ㄧ ㄎㄡˇ ㄊㄨㄥˊ ㄕㄥ （變）ㄧˋ ㄎㄡˇ ㄊㄨㄥˊ ㄕㄥ,,,,,非主條成語
5363,一口同音,ㄧ ㄎㄡˇ ㄊㄨㄥˊ ㄧㄣ  （變） ㄧˋ ㄎㄡˇ ㄊㄨㄥˊ ㄧㄣ,,,,,非主條成語
5364,異口同喙,ㄧˋ ㄎㄡˇ ㄊㄨㄥˊ ㄏㄨㄟˋ,,,,,非主條成語
5365,異喙同辭,ㄧˋ ㄏㄨㄟˋ ㄊㄨㄥˊ ㄘˊ,,,,,非主條成語
5366,千山萬水,ㄑㄧㄢ　ㄕㄢ　ㄨㄢˋ　ㄕㄨㄟˇ,比喻路途遙遠，險阻甚多。,,,千水萬山、萬水千山,主條成語
5367,萬水千山,ㄨㄢˋ　ㄕㄨㄟˇ　ㄑㄧㄢ　ㄕㄢ,,,,,非主條成語
5368,千水萬山,ㄑㄧㄢ ㄕㄨㄟˇ ㄨㄢˋ ㄕㄢ,,,,,非主條成語
5369,不三不四,ㄅㄨˋ　ㄙㄢ　ㄅㄨˋ　ㄙˋ,指不正經、不像樣。,,,沒三沒四,主條成語
5370,沒三沒四,ㄇㄟˊ ㄙㄢ ㄇㄟˊ ㄙˋ,,,,,非主條成語
5371,天長地久,ㄊㄧㄢ　ㄔㄤˊ　ㄉㄧˋ　ㄐㄧㄡˇ,形容時間的長久無止盡。,,,地久天長、地永天長、天長地老、天長地遠,主條成語
5372,地久天長,ㄉㄧˋ　ㄐㄧㄡˇ　ㄊㄧㄢ　ㄔㄤˊ,,,,,非主條成語
5373,天長地老,ㄊㄧㄢ　ㄔㄤˊ　ㄉㄧˋ　ㄌㄠˇ,,,,,非主條成語
5374,天長地遠,ㄊㄧㄢ　ㄔㄤˊ　ㄉㄧˋ　ㄩㄢˇ,,,,,非主條成語
5375,地永天長,ㄉㄧˋ ㄩㄥˇ ㄊㄧㄢ ㄔㄤˊ,,,,,非主條成語
5376,履險如夷,ㄌㄩˇ　ㄒㄧㄢˇ　ㄖㄨˊ　ㄧˊ,比喻人在艱難危險之中，能沉著應付，安然度過。,,,履困如夷、履險若夷、赴險如夷,主條成語
5377,履險若夷,ㄌㄩˇ ㄒㄧㄢˇ ㄖㄨㄛˋ ㄧˊ,,,,,非主條成語
5378,赴險如夷,ㄈㄨˋ　ㄒㄧㄢˇ　ㄖㄨˊ　ㄧˊ,,,,,非主條成語
5379,履困如夷,ㄌㄩˇ ㄎㄨㄣˋ ㄖㄨˊ ㄧˊ,,,,,非主條成語
5380,端人君子,ㄉㄨㄢ ㄖㄣˊ ㄐㄩㄣ ㄗˇ,,,,,非主條成語
5381,回光返照,ㄏㄨㄟˊ　ㄍㄨㄤ　ㄈㄢˇ　ㄓㄠˋ,比喻人事物消逝前的短暫興奮或旺盛現象。,,,回光反照、返照回光、迴光反照、迴光返照,主條成語
5382,迴光反照,ㄏㄨㄟˊ　ㄍㄨㄤ　ㄈㄢˇ　ㄓㄠˋ,,,,,非主條成語
5383,迴光返照,ㄏㄨㄟˊ　ㄍㄨㄤ　ㄈㄢˇ　ㄓㄠˋ,,,,,非主條成語
5384,回光反照,ㄏㄨㄟˊ　ㄍㄨㄤ　ㄈㄢˇ　ㄓㄠˋ,,,,,非主條成語
5385,返照回光,ㄈㄢˇ　ㄓㄠˋ　ㄏㄨㄟˊ　ㄍㄨㄤ,,,,,非主條成語
5386,不即不離,ㄅㄨˋ　ㄐㄧˊ　ㄅㄨˋ　ㄌㄧˊ,指人、事、物之間既不太近，但也不太遠的關係。,,,,主條成語
5387,脣槍舌劍,ㄔㄨㄣˊ　ㄑㄧㄤ　ㄕㄜˊ　ㄐㄧㄢˋ,比喻辯論激烈，言辭犀利。,,,舌劍脣鎗,主條成語
5388,舌劍脣鎗,ㄕㄜˊ　ㄐㄧㄢˋ　ㄔㄨㄣˊ　ㄑㄧㄤ,,,,,非主條成語
5389,竊竊私語,ㄑㄧㄝˋ　ㄑㄧㄝˋ　ㄙ　ㄩˇ,指私下低聲談論。,,,切切私語、切切細語、竊竊偶語,主條成語
5390,切切細語,ㄑㄧㄝˋ　ㄑㄧㄝˋ　ㄒㄧˋ　ㄩˇ,,,,,非主條成語
5391,竊竊偶語,ㄑㄧㄝˋ ㄑㄧㄝˋ ㄡˇ ㄩˇ,,,,,非主條成語
5392,切切私語,ㄑㄧㄝˋ　ㄑㄧㄝˋ　ㄙ　ㄩˇ,,,,,非主條成語
5393,一息尚存,ㄧ　ㄒㄧˊ　ㄕㄤˋ　ㄘㄨㄣˊ,指仍活在世上。,,,一息僅存、一息尚在、一息猶存、尚存一息,主條成語
5394,一息僅存,ㄧ　ㄒㄧˊ　ㄐㄧㄣˇ ㄘㄨㄣˊ （變）ㄧˋ　ㄒㄧˊ　ㄐㄧㄣˇ ㄘㄨㄣˊ,,,,,非主條成語
5395,一息猶存,ㄧ ㄒㄧˊ ㄧㄡˊ ㄘㄨㄣˊ （變）ㄧˋ ㄒㄧˊ ㄧㄡˊ ㄘㄨㄣˊ,,,,,非主條成語
5396,一息尚在,ㄧ　ㄒㄧˊ　ㄕㄤˋ ㄗㄞˋ （變）ㄧˋ　ㄒㄧˊ　ㄕㄤˋ ㄗㄞˋ,,,,,非主條成語
5397,尚存一息,ㄕㄤˋ ㄘㄨㄣˊ ㄧ ㄒㄧˊ  （變）ㄕㄤˋ ㄘㄨㄣˊ ㄧˋ ㄒㄧˊ,,,,,非主條成語
5398,獨善其身,ㄉㄨˊ　ㄕㄢˋ　ㄑㄧˊ　ㄕㄣ,堅守個人的節操修養。 ＆比喻只顧保全自己，而不關心他人和社會。,,,獨善一身,主條成語
5399,獨善一身,ㄉㄨˊ ㄕㄢˋ ㄧ ㄕㄣ （變） ㄉㄨˊ ㄕㄢˋ ㄧˋ ㄕㄣ,,,,,非主條成語
5400,張牙舞爪,ㄓㄤ　ㄧㄚˊ　ㄨˇ　ㄓㄠˇ,形容猛獸發威的模樣。 ＆比喻人張揚作勢，猖狂凶惡。,,,奮爪張牙、張牙奮爪、張牙露爪、舞爪張牙、露爪張牙,主條成語
5401,舞爪張牙,ㄨˇ　ㄓㄠˇ　ㄓㄤ　ㄧㄚˊ,,,,,非主條成語
5402,張牙奮爪,ㄓㄤ ㄧㄚˊ ㄈㄣˋ ㄓㄠˇ,,,,,非主條成語
5403,張牙露爪,ㄓㄤ ㄧㄚˊ ㄌㄡˋ ㄓㄠˇ,,,,,非主條成語
5404,露爪張牙,ㄌㄡˋ ㄓㄠˇ ㄓㄤ ㄧㄚˊ,,,,,非主條成語
5405,奮爪張牙,ㄈㄣˋ ㄓㄠˇ ㄓㄤ ㄧㄚˊ,,,,,非主條成語
5406,鍥而不舍,ㄑㄧㄝˋ　ㄦˊ　ㄅㄨˋ　ㄕㄜˇ,比喻有恆心毅力，堅持到底不懈怠。,,,鍥不捨、鍥而弗舍,主條成語
5407,鍥而弗舍,ㄑㄧㄝˋ ㄦˊ ㄈㄨˊ ㄕㄜˇ,,,,,非主條成語
5408,鍥不捨,ㄑㄧㄝˋ ㄅㄨˋ ㄕㄜˇ,,,,,非主條成語
5409,棄甲曳兵,ㄑㄧˋ　ㄐㄧㄚˇ　ㄧˋ　ㄅㄧㄥ,形容戰敗落荒而逃。 ＆比喻放棄或被打敗。,,,丟盔卸甲、棄甲丟盔、棄甲負弩,主條成語
5410,棄甲負弩,ㄑㄧˋ ㄐㄧㄚˇ ㄈㄨˋ ㄋㄨˇ,,,,,非主條成語
5411,丟盔卸甲,ㄉㄧㄡ　ㄎㄨㄟ　ㄒㄧㄝˋ　ㄐㄧㄚˇ,,,,,非主條成語
5412,棄甲丟盔,ㄑㄧˋ ㄐㄧㄚˇ ㄉㄧㄡ ㄎㄨㄟ,,,,,非主條成語
5413,九泉之下,ㄐㄧㄡˇ  ㄑㄩㄢˊ ㄓ ㄒㄧㄚˋ,人死後鬼魂所在之處。,,,重泉之下、重泉幽壤,主條成語
5414,重泉幽壤,ㄔㄨㄥˊ ㄑㄩㄢˊ ㄧㄡ ㄖㄤˇ,,,,,非主條成語
5415,重泉之下,ㄔㄨㄥˊ ㄑㄩㄢˊ ㄓ ㄒㄧㄚˋ,,,,,非主條成語
5416,豈有此理,ㄑㄧˇ　ㄧㄡˇ　ㄘˇ　ㄌㄧˇ,表達對荒謬事情難以接受。,,,安有此理、焉有是理、豈有是理,主條成語
5417,安有此理,ㄢ ㄧㄡˇ ㄘˇ ㄌㄧˇ,,,,,非主條成語
5418,豈有是理,ㄑㄧˇ ㄧㄡˇ ㄕˋ ㄌㄧˇ,,,,,非主條成語
5419,焉有是理,ㄧㄢ ㄧㄡˇ ㄕˋ ㄌㄧˇ,,,,,非主條成語
5420,龐然大物,ㄆㄤˊ　ㄖㄢˊ　ㄉㄚˋ　ㄨˋ,體積巨大的東西。,,,,主條成語
5421,心無二用,ㄒㄧㄣ　ㄨˊ　ㄦˋ　ㄩㄥˋ,指專注做某事，不分心。,,,心不兩用、心無二想、心無兩用,主條成語
5422,心不兩用,ㄒㄧㄣ ㄅㄨˋ ㄌㄧㄤˇ ㄩㄥˋ,,,,,非主條成語
5423,心無兩用,ㄒㄧㄣ ㄨˊ ㄌㄧㄤˇ ㄩㄥˋ,,,,,非主條成語
5424,心無二想,ㄒㄧㄣ　ㄨˊ　ㄦˋ　ㄒㄧㄤˇ,,,,,非主條成語
5425,痴人說夢,ㄔ　ㄖㄣˊ　ㄕㄨㄛ　ㄇㄥˋ,比喻說法荒誕，不切實際。,,,痴兒說夢,主條成語
5426,痴兒說夢,ㄔ　ㄦˊ　ㄕㄨㄛ　ㄇㄥˋ,,,,,非主條成語
5427,大失所望,ㄉㄚˋ　ㄕ　ㄙㄨㄛˇ　ㄨㄤˋ,指非常失望。,,,大失所欲、殊失所望、甚失所望,主條成語
5428,甚失所望,ㄕㄣˋ ㄕ ㄙㄨㄛˇ ㄨㄤˋ,,,,,非主條成語
5429,大失所欲,ㄉㄚˋ ㄕ ㄙㄨㄛˇ ㄩˋ,,,,,非主條成語
5430,殊失所望,ㄕㄨ ㄕ ㄙㄨㄛˇ ㄨㄤˋ,,,,,非主條成語
5431,微不足道,ㄨㄟˊ　ㄅㄨˋ　ㄗㄨˊ　ㄉㄠˋ,卑微渺小，不值得一提。,,,卑不足道,主條成語
5432,卑不足道,ㄅㄟ ㄅㄨˋ ㄗㄨˊ ㄉㄠˋ,,,,,非主條成語
5433,目不轉睛,ㄇㄨˋ　ㄅㄨˋ　ㄓㄨㄢˇ　ㄐㄧㄥ,形容凝神注視，注意力高度集中。,,,目不旁瞬、目不暫瞬、目不轉瞬、目不轉視、眼不轉睛,主條成語
5434,目不暫瞬,ㄇㄨˋ ㄅㄨˋ ㄓㄢˋ ㄕㄨㄣˋ,,,,,非主條成語
5435,目不轉瞬,ㄇㄨˋ ㄅㄨˋ ㄓㄨㄢˇ ㄕㄨㄣˋ,,,,,非主條成語
5436,眼不轉睛,ㄧㄢˇ ㄅㄨˋ ㄓㄨㄢˇ ㄐㄧㄥ,,,,,非主條成語
5437,目不旁瞬,ㄇㄨˋ ㄅㄨˋ ㄆㄤˊ ㄕㄨㄣˋ,,,,,非主條成語
5438,目不轉視,ㄇㄨˋ　ㄅㄨˋ　ㄓㄨㄢˇ　ㄕˋ,,,,,非主條成語
5439,身體力行,ㄕㄣ　ㄊㄧˇ　ㄌㄧˋ　ㄒㄧㄥˊ,指親身努力實踐。,,,力行身體、深體力行、身力行之、身心力行、身體力驗,主條成語
5440,身力行之,ㄕㄣ ㄌㄧˋ ㄒㄧㄥˊ ㄓ,,,,,非主條成語
5441,深體力行,ㄕㄣ ㄊㄧˇ ㄌㄧˋ ㄒㄧㄥˊ,,,,,非主條成語
5442,身心力行,ㄕㄣ ㄒㄧㄣ ㄌㄧˋ ㄒㄧㄥˊ,,,,,非主條成語
5443,身體力驗,ㄕㄣ ㄊㄧˇ ㄌㄧˋ ㄧㄢˋ,,,,,非主條成語
5444,力行身體,ㄌㄧˋ ㄒㄧㄥˊ ㄕㄣ ㄊㄧˇ,,,,,非主條成語
5445,雙雕一箭,ㄕㄨㄤ ㄉㄧㄠ ㄧ ㄐㄧㄢˋ （變） ㄕㄨㄤ ㄉㄧㄠ ㄧˊ ㄐㄧㄢˋ,,,,,非主條成語
5446,瞬息萬變,ㄕㄨㄣˋ　ㄒㄧˊ　ㄨㄢˋ　ㄅㄧㄢˋ,形容在極短的時間內變化迅速。,,,一息萬變、瞬息千變、瞬息百變、頃刻萬變,主條成語
5447,頃刻萬變,ㄑㄧㄥˇ　ㄎㄜˋ　ㄨㄢˋ　ㄅㄧㄢˋ,,,,,非主條成語
5448,一息萬變,ㄧ　ㄒㄧˊ　ㄨㄢˋ　ㄅㄧㄢˋ （變）ㄧˋ　ㄒㄧˊ　ㄨㄢˋ　ㄅㄧㄢˋ,,,,,非主條成語
5449,瞬息千變,ㄕㄨㄣˋ　ㄒㄧˊ　ㄑㄧㄢ　ㄅㄧㄢˋ,,,,,非主條成語
5450,瞬息百變,ㄕㄨㄣˋ　ㄒㄧˊ　ㄅㄞˇ　ㄅㄧㄢˋ,,,,,非主條成語
5451,大功告成,ㄉㄚˋ　ㄍㄨㄥ　ㄍㄠˋ　ㄔㄥˊ,形容完成偉大、艱鉅的事務。,,,厥功告成、大功告竣、大功告蕆、大功垂成、大功畢成、大工告竣,主條成語
5452,大功畢成,ㄉㄚˋ　ㄍㄨㄥ　ㄅㄧˋ　ㄔㄥˊ,,,,,非主條成語
5453,厥功告成,ㄐㄩㄝˊ　ㄍㄨㄥ　ㄍㄠˋ　ㄔㄥˊ,,,,,非主條成語
5454,大功垂成,ㄉㄚˋ　ㄍㄨㄥ　ㄔㄨㄟˊ　ㄔㄥˊ,,,,,非主條成語
5455,大工告竣,ㄉㄚˋ　ㄍㄨㄥ　ㄍㄠˋ　ㄐㄩㄣˋ,,,,,非主條成語
5456,大功告蕆,ㄉㄚˋ　ㄍㄨㄥ　ㄍㄠˋ　ㄔㄢˇ,,,,,非主條成語
5457,大功告竣,ㄉㄚˋ　ㄍㄨㄥ　ㄍㄠˋ　ㄐㄩㄣˋ,,,,,非主條成語
5458,禍從口出,ㄏㄨㄛˋ　ㄘㄨㄥˊ　ㄎㄡˇ　ㄔㄨ,說話不謹慎，往往招致禍害。,,,,主條成語
5459,樂此不疲,ㄌㄜˋ　ㄘˇ　ㄅㄨˋ　ㄆㄧˊ,特別喜好做某些事，而不覺得厭煩、疲倦。,,,樂且不疲,主條成語
5460,樂且不疲,ㄌㄜˋ　ㄑㄧㄝˇ　ㄅㄨˋ　ㄆㄧˊ,,,,,非主條成語
5461,中流擊楫,ㄓㄨㄥ　ㄌㄧㄡˊ　ㄐㄧˊ　ㄐㄧˊ,比喻復興家國的壯烈情懷。,,,中流擊枻、擊楫中流,主條成語
5462,擊楫中流,ㄐㄧˊ　ㄐㄧˊ　ㄓㄨㄥ　ㄌㄧㄡˊ,,,,,非主條成語
5463,中流擊枻,ㄓㄨㄥ　ㄌㄧㄡˊ　ㄐㄧˊ　ㄧˋ,,,,,非主條成語
5464,郢書燕說,ㄧㄥˇ　ㄕㄨ　ㄧㄢ　ㄕㄨㄛ,比喻穿鑿附會，曲解原意。,,,燕書郢說、燕燭郢書,主條成語
5465,燕燭郢書,ㄧㄢ　ㄓㄨˊ　ㄧㄥˇ　ㄕㄨ,,,,,非主條成語
5466,燕書郢說,ㄧㄢ　ㄕㄨ　ㄧㄥˇ　ㄕㄨㄛ,,,,,非主條成語
5467,出人意表,ㄔㄨ　ㄖㄣˊ　ㄧˋ　ㄅㄧㄠˇ,讓人意想不到。,,,出乎意外、出人意外、出人意料、出於意外、出於意表、出於料外、意出人表、絕人意表、超人意表,主條成語
5468,出於意外,ㄔㄨ　ㄩˊ　ㄧˋ　ㄨㄞˋ,,,,,非主條成語
5469,出於料外,ㄔㄨ　ㄩˊ　ㄌㄧㄠˋ　ㄨㄞˋ,,,,,非主條成語
5470,出於意表,ㄔㄨ　ㄩˊ　ㄧˋ　ㄅㄧㄠˇ,,,,,非主條成語
5471,超人意表,ㄔㄠ　ㄖㄣˊ　ㄧˋ　ㄅㄧㄠˇ,,,,,非主條成語
5472,絕人意表,ㄐㄩㄝˊ　ㄖㄣˊ　ㄧˋ　ㄅㄧㄠˇ,,,,,非主條成語
5473,意出人表,ㄧˋ　ㄔㄨ　ㄖㄣˊ　ㄅㄧㄠˇ,,,,,非主條成語
5474,出人意外,ㄔㄨ　ㄖㄣˊ　ㄧˋ　ㄨㄞˋ,,,,,非主條成語
5475,出人意料,ㄔㄨ　ㄖㄣˊ　ㄧˋ　ㄌㄧㄠˋ,,,,,非主條成語
5476,出乎意外,ㄔㄨ　ㄏㄨ　ㄧˋ　ㄨㄞˋ,,,,,非主條成語
5477,先見之明,ㄒㄧㄢ　ㄐㄧㄢˋ　ㄓ　ㄇㄧㄥˊ,指具備預先洞察事物的能力。,,,先知之明,主條成語
5478,先知之明,ㄒㄧㄢ　ㄓ　ㄓ　ㄇㄧㄥˊ,,,,,非主條成語
5479,形形色色,ㄒㄧㄥˊ　ㄒㄧㄥˊ　ㄙㄜˋ　ㄙㄜˋ,各種形態樣貌。＆形容事物種類繁多。,,,色色形形,主條成語
5480,色色形形,ㄙㄜˋ　ㄙㄜˋ　ㄒㄧㄥˊ　ㄒㄧㄥˊ,,,,,非主條成語
5481,擇善而從,ㄗㄜˊ　ㄕㄢˋ　ㄦˊ　ㄘㄨㄥˊ,選擇好的去追隨、採用。,,,擇善而行、擇從其善,主條成語
5482,擇善而行,ㄗㄜˊ　ㄕㄢˋ　ㄦˊ　ㄒㄧㄥˊ,,,,,非主條成語
5483,擇從其善,ㄗㄜˊ ㄘㄨㄥˊ ㄑㄧˊ ㄕㄢˋ,,,,,非主條成語
5484,人聲鼎沸,ㄖㄣˊ　ㄕㄥ　ㄉㄧㄥˇ　ㄈㄟˋ,形容人群會聚喧譁。,,,,主條成語
5485,蜜口劍腹,ㄇㄧˋ ㄎㄡˇ ㄐㄧㄢˋ ㄈㄨˋ,,,,,非主條成語
5486,撟?過正,ㄐㄧㄠˇ ㄨㄤˇ ㄍㄨㄛˋ ㄓㄥˋ,,,,,非主條成語
5487,似是而非,ㄙˋ　ㄕˋ　ㄦˊ　ㄈㄟ,外形看起來相同，但實際上卻不同。 ＆事物看似正確，其實是錯誤的。,,,似之而非、類是而非,主條成語
5488,似之而非,ㄙˋ ㄓ ㄦˊ ㄈㄟ,,,,,非主條成語
5489,類是而非,ㄌㄟˋ ㄕˋ ㄦˊ ㄈㄟ,,,,,非主條成語
